revision_id,property_id,value_id,property_label,entity_label,old_value,old_value_label,new_value,new_value_label,label,old_value_description,new_value_description,llm_label
221073531,31,Q384765$EDB56065-0C6F-4E3B-BD65-AA82E0AF18CA,instance of,censorship of images in the Soviet Union,"""Q5""",human,"""Q543""",censorship,property_value_update,"any member of Homo sapiens, unique extant species of the genus Homo",practice of suppressing speech or other public communication which is illegal or against social norms.,property_value_update
7476639,17,q194203$EDD55F5A-2CB9-4326-A510-4C21025AC1A2,country,arrondissement of France,"""Q2084927""",France Pavilion,"""Q142""",France,property_value_update,pavillion of World Showcase in Epcot,"country in Western Europe and other continents (through its overseas territories in America, Africa and Oceania)",property_value_update
706454146,495,Q51482$BFE6A9DE-937D-4731-AEAC-2C7439F3147A,country of origin,Red Bull,"""Q869""",Thailand,"""Q40""",Austria,property_value_update,country in Southeast Asia,country in Central Europe,property_value_update
6064764,30,q32$B5C031D1-D90B-405E-999F-4C9A5B879AD5,continent,Luxembourg,"""Q3918638""","Hotel Europe, Minsk","""Q46""",Europe,property_value_update,"building in Minsk, Belarus",continent in the Northern Hemisphere,property_value_update
1972270345,150,Q34800$76b3cec5-4a8f-a8d3-c5b1-b8bcb09cd7f3,contains the administrative territorial entity,Xinjiang,"""Q18651998""",Kokdala,"""Q10930847""",Shuanghe,property_value_update,"county-level & sub-prefectural city in Xinjiang, People's Republic of China","county-level city in Xinjiang, China",property_value_update
1604396488,19,q435124$9A5B4371-1109-486E-9F25-E6E54A07653B,place of birth,Alexander Godunov,"""Q7792""",Sakhalin,"""Q7859""",Yuzhno-Sakhalinsk,property_value_update,large Russian island in the North Pacific Ocean,city in far-eastern Russia,property_value_update
23991784,131,q258559$BDEC5D61-5B94-4F0B-AE96-7BC85B157F84,located in the administrative territorial entity,Alaska Peninsula National Wildlife Refuge,"""Q1133002""",SS Alaska,"""Q797""",Alaska,property_value_update,British passenger liner,state of the United States of America,property_value_update
1783224037,1889,Q106130$2EE02125-9B3F-4717-B9D4-7BDFEEE52550,different from,Adolf Wolff,"""Q58369852""","Adolf Wolff: “Poet, Sculptor and Revolutionist, but Mostly Revolutionist”","""Q60035417""",Adolf Wolff,property_value_update,,visual artist,property_value_update
517336286,108,Q271421$A3CE3B03-93A7-40F1-9D5A-4768BFFB7CB2,employer,Torsten Nils Wiesel,"""Q19372""",Carrù,"""Q193727""",Johns Hopkins University,property_value_update,commune in Italy,"private university in Baltimore, Maryland, USA",property_value_update
1294011941,101,Q76606$99FD920D-0EB5-4928-A966-2BD814F09490,field of work,Carl Bosch,"""Q2329""",chemistry,"""Q395""",mathematics,property_value_update,"branch of physical science concerned with the composition, structure and properties of matter",field of study,property_value_update
663811805,551,Q62118$406ba4fa-4dcf-09a4-95df-96a1939f466b,residence,Robert Hermann Schomburgk,"""Q650667""",Guyanas,"""Q918126""",British Guiana,property_value_update,region in northeastern South America,British posession in the Guianas region between 1814–1966,property_value_update
1733134871,509,Q44272$35CC9EB5-3FE1-400B-BB55-B68FE34FA09B,cause of death,Michel Foucault,"""Q12199""",AIDS,"""Q5949512""",Juan Francisco Borges,property_value_update,spectrum of conditions caused by HIV infection,Argentinian military personnel,property_value_update
2013838957,170,Q164749$386630a9-4814-5fed-b320-4f06995afff5,creator,100 Mosques Scheme,"""Q2039886""",Ahmadiyya Muslim Community,"""Q171764""",Ahmadiyya,property_value_update,denomination in Islam,Islamic revival movement originating in the Indian subcontinent,property_value_update
1930240666,81,Q319542$c02ecdea-401f-a9e2-7cc1-8df9b05beed5,connecting line,Fürth Central Station,"""Q115035376""",Fürth (Bay) Hbf–Würzburg Hbf railway,"""Q115793142""",Nuremberg Hbf–Fürth (Bay) Hbf railway,property_value_update,railway line in Germany,"railway line in Middle Franconia, Germany",property_value_update
1157442340,417,q42565$A216DB0E-EDA3-414A-9EF5-9AF23832EA23,patron saint,Oggiono,"""Q364830""",Sant'Eufemia,"""Q240610""",Euphemia,property_value_update,Wikimedia disambiguation page,Christian virgin and martyr saint,property_value_update
222512788,31,Q310246$2bbb33b0-4402-fdc6-bde0-081c34c3e68e,instance of,Me2day,"""Q2715623""",social network,"""Q3220391""",social networking service,property_value_update,theoretical concept in sociology,online platform that facilitates the building of social relations,refinement
11994972,150,q159$5C85A62B-2DF6-4344-9B8E-D0E637969CC9,contains the administrative territorial entity,Russia,"""Q2469395""",Historical Bashkortostan,"""Q5710""",Bashkortostan,property_value_update,Historical area,federal subject of Russia,unrefinement
9337152,190,q15674$A27C92C0-1EDD-4904-83CE-C5E8F9565191,twinned administrative body,Kagoshima,"""Q1249407""",USS Miami,"""Q8652""",Miami,property_value_update,1988 Los Angeles-class submarine,"city in Miami-Dade County, Florida, United States",property_value_update
673365847,800,Q5673$82c29d50-482a-d69e-e41c-57846362cb69,notable work,Hans Christian Andersen,"""Q11859""",The Little Mermaid,"""Q11870""",Thumbelina,property_value_update,fairy tale by H. C. Andersen,fairy tale by H. C. Andersen,property_value_update
345312191,54,q146907$BC15EE13-8B60-4575-ABAA-D7912E6224E5,member of sports team,Miralem Pjanić,"""Q2739""",A.S. Roma,"""Q1422""",Juventus FC,property_value_update,"association football club in Rome, Italy","association football club in Turin, Italy",property_value_update
1753518281,1346,Q166177$a387b433-477a-37e1-732f-ea351a6489f7,winner,Ballon d'Or,"""Q615""",Lionel Messi,"""Q1912""",Karim Benzema,property_value_update,Argentine association football player (born 1987),French footballer (born 1987),property_value_update
1629725330,735,Q463521$493BF235-AB41-4B21-A03D-9868A8C23885,given name,Dora d'Istria,"""Q987115""",Dora,"""Q1209486""",Elena,property_value_update,female given name,female given name,property_value_update
137910684,21,Q55275$FB2349D3-C1E5-4CF4-B21A-6BF4CD43BD6A,sex or gender,Urania Mella Serrano,"""Q6581072""",female,"""Q6581097""",male,property_value_update,to be used in sex or gender (P21) to indicate that the human subject is a female or semantic gender (P10339) to indicate that a word refers to a female person,to be used in sex or gender (P21) to indicate that the human subject is a male or semantic gender (P10339) to indicate that a word refers to a male person,property_value_update
166023571,31,Q209034$f1991581-4303-7f7d-06d0-685c10c2449b,instance of,Toluca,"""Q515""",city,"""Q15284""",municipality,property_value_update,large human settlement,administrative division having corporate status and usually powers of self-government or jurisdiction,property_value_update
7265183,19,q22575$B609D3C3-01CF-4418-957C-9CECD6E11D31,place of birth,Nicolas König,"""Q768246""",German frigate Hamburg,"""Q1055""",Hamburg,property_value_update,2002 Sachsen-class frigate,city and state in the North of Germany,property_value_update
1486384523,735,Q250382$518B2CDB-2876-4315-BD22-79B7819422F3,given name,Candela Peña,"""Q43400193""",Candela,"""Q29906090""",María del Pilar,property_value_update,female given name,female given name,property_value_update
1203118832,1454,Q122549$E2F8EE8A-6795-4A74-9B59-482D5AA03772,legal form,Shochiku,"""Q891723""",public company,"""Q1480166""",kabushiki gaisha,property_value_update,company that offers its securities for sale to the general public,company incorporated with limited liability under Japanese law,property_value_update
1664160136,1889,Q284066$96a62a0b-4393-76ef-4bcf-998d97d975ea,different from,Aiko,"""Q743509""","Aiko, Princess Toshi","""Q1399682""",Aiko,property_value_update,only child of Emperor Naruhito and Empress Masako of Japan,Wikimedia disambiguation page,property_value_update
547166860,206,Q389239$6A330B8F-1026-4C4F-8285-742722CF742F,located in or next to body of water,Cape Sōya,"""Q98""",Pacific Ocean,"""Q208054""",La Pérouse Strait,property_value_update,"ocean between Asia, Australia and the Americas","strait between Sakhalin Island and Hokkaidō, Japan",property_value_update
1313547295,509,Q44272$35CC9EB5-3FE1-400B-BB55-B68FE34FA09B,cause of death,Michel Foucault,"""Q28608836""",AIDS related disease,"""Q15787""",HIV,property_value_update,non-neoplastic or neoplastic disorder arising as a result of the immunologic defects caused by Autoimmune Deficiency Syndrome,"human retrovirus, cause of AIDS",property_value_update
2219797336,141,Q309661$7AA68E26-219C-4862-B686-5B41D7CCC8C3,IUCN conservation status,Echinopsis hertrichiana,"""Q11394""",endangered species,"""Q96377276""",Endangered status,property_value_update,species of organisms facing a very high risk of extinction,IUCN status for species which are categorized as very likely to become extinct in the near future,property_value_update
1898525988,27,q97654$B0AFD246-2283-48B9-BA1A-EC2DBFE5ACC5,country of citizenship,Rudolf Joachim Seck,"""Q183""",Germany,"""Q43287""",German Empire,property_value_update,country in Central Europe,German nation-state in Central Europe from 1871 to 1918,property_value_update
1359340391,31,Q181074$73017CA3-B3E4-45F1-80CE-E4DE7FE34AFE,instance of,Classical Armenian,"""Q34770""",language,"""Q14860523""",målform,property_value_update,"particular system of communication, often named for the region or peoples that use it","term used in Norway to indicate which variant of a Norwegian public administration prefers, Bokmål or Nynorsk.",property_value_update
1110828432,106,Q133705$7C71AFB5-016C-4522-BCEC-4787093C74DF,occupation,Gideon Levy,"""Q1182783""",defeatism,"""Q1930187""",journalist,property_value_update,acceptance of defeat without a struggle; belief in the inevitability of defeat,"person who collects, writes, and distributes news and other information",property_value_update
6106183,31,q144$79BD0B10-8A55-4CC2-ABC5-0C1C0ACC9C06,instance of,dog,"""Q3367089""",Pet Airways,"""Q39201""",pet,property_value_update,American company specializing in the transportation of pets,animal kept for companionship and a person's enjoyment,property_value_update
1527147856,527,Q209719$9B437344-CC42-4D33-92DD-DF643D4019D6,has part(s),Second Book of Samuel,"""Q12470298""",2 Samuel 18,"""Q16158742""",2 Samuel 2,property_value_update,second Book of Samuel chapter,second Book of Samuel chapter,property_value_update
2173718800,31,Q62470$A76133DC-AE81-4510-86E2-0E31D6D45ACB,instance of,Auma-Weidatal Administrative Community,"""Q1500932""",administrative community of Saxony-Anhalt,"""Q1317260""",administrative community of Thuringia,property_value_update,,,property_value_update
648794730,39,Q264918$A8D44ED3-3A89-495E-B1F7-BA28DC3A38E9,position held,Arthur de Gobineau,"""Q121998""",ambassador,"""Q1133920""",minister plenipotentiary,property_value_update,highest diplomatic rank,minister plenipotentiary,property_value_update
2346632777,800,Q154332$7527b837-4e42-7e7a-8f5c-2c9f363f4de4,notable work,Alcuin,"""Q133804741""",Disputatio de rhetorica,"""Q134414602""",Disputatio de vera philosophia,property_value_update,work by Alcuin,work by Alcuin,property_value_update
1331644269,141,q168748$E0766A06-36CC-425F-AC04-9EF23C1F5942,IUCN conservation status,Secretarybird,"""Q278113""",Vulnerable,"""Q11394""",endangered species,property_value_update,IUCN conservation category,species of organisms facing a very high risk of extinction,property_value_update
1795323285,27,Q67488$5e78b330-4417-f86e-69a4-a481d6d440ff,country of citizenship,Christina Schwanitz,"""Q183""",Germany,"""Q16957""",German Democratic Republic,property_value_update,country in Central Europe,"1949–1990 country in central Europe, unified into modern Germany",property_value_update
415954938,108,Q172767$BA3B9D7C-DAA3-44C3-ACC5-56EBFF914DC4,employer,Éric Boullier,"""Q173018""",Lotus F1,"""Q172030""",McLaren,property_value_update,former Formula 1 team,British Formula One team,property_value_update
6213912,54,q10490$2C1F2122-83ED-45DC-B72C-EC7819E6CBD6,member of sports team,Ayrton Senna,"""Q849607""",McLaren F1,"""Q172030""",McLaren,property_value_update,Sports car designed and manufactured by McLaren Automotive,British Formula One team,property_value_update
308754210,40,q309909$A351C1E5-DD7F-468B-9CB0-8CBEA0BD535F,child,Childeric II,"""Q109240""",Chilperic II,"""Q22979283""",Dagobert,property_value_update,King of Neustria,frankish prince,property_value_update
867133271,31,q167953$4F85D6EF-2C6C-4820-A7B0-A7BE1096B222,instance of,Rakovski,"""Q3957""",town,"""Q515""",city,property_value_update,settlement that is smaller than a city but bigger than a large village (or a large borough in some areas),large human settlement,property_value_update
6137073,30,q8378$50419CCA-6D98-4C7B-B175-EA19CEA9BBB6,continent,Palencia,"""Q594831""","Eurasia, Rivista di Studi Geopolitici","""Q5401""",Eurasia,property_value_update,Italian quarterly magazine on geopolitics,continental landmass comprising Europe and Asia,property_value_update
65372545,21,q57373$150DD96E-BE9A-4569-BFF9-3C8B3FD3CD77,sex or gender,Asif Ali Zardari,"""Q6581097""",male,"""Q6581072""",female,property_value_update,to be used in sex or gender (P21) to indicate that the human subject is a male or semantic gender (P10339) to indicate that a word refers to a male person,to be used in sex or gender (P21) to indicate that the human subject is a female or semantic gender (P10339) to indicate that a word refers to a female person,property_value_update
140026578,166,Q71031$ec2d04d4-4e22-76c6-2a16-2d7470b08f5c,award received,Robert Bunsen,"""Q2117655""",Albert Medal for Lifesaving,"""Q4710826""",Albert Medal,property_value_update,British medal awarded to recognise the saving of life,award of the Royal Society of Arts,property_value_update
1638542122,735,Q184500$8D492B7D-A47A-433D-A335-59AB06A4E088,given name,Johannes Scotus Eriugena,"""Q1158906""",Giovanni,"""Q4925477""",John,property_value_update,male given name,male given name,property_value_update
821352481,27,Q465292$02C0C48B-CF68-431B-B373-1BE8A2EDFE62,country of citizenship,Wendy Beckett,"""Q842438""",British,"""Q145""",United Kingdom,property_value_update,"citizens or residents of the United Kingdom of Great Britain and Northern Ireland, British Overseas Territories, Crown Dependencies, and their descendants",country in north-west Europe,property_value_update
782081001,19,q119679$691952C6-1A1B-4CB2-8B77-C11AA4914A9D,place of birth,Ibn Qayyim al-Jawziyya,"""Q3766""",Damascus,"""Q532572""",Mariquita,property_value_update,capital and largest city of Syria,colombian municipality of the department of Tolima,property_value_update
1934584860,40,Q67987$DC91D72F-E5F0-48E4-A0AC-A8F2D6497E3B,child,Albrecht von Graefe,"""Q92386""",Albrecht von Graefe,"""Q1158323""",Albrecht,property_value_update,German politician (1868-1933),family name,property_value_update
5820721,47,q224$52EDC9F0-9A47-4E9E-914F-7B2D09AC6019,shares border with,Croatia,"""Q506214""",Slovenia in the Eurovision Song Contest,"""Q215""",Slovenia,property_value_update,,country in Central Europe,property_value_update
6283556,19,q331$0ADAF7E1-2B61-4878-B078-D28B3B2954EA,place of birth,Ricardo Lagos,"""Q408217""",Santiago Island,"""Q2887""",Santiago,property_value_update,"Island in the Galápagos Archipelago, Ecuador",capital city of Chile,property_value_update
13385147,263,q218295$05A1046F-2F44-4F88-AFF9-8A2FBC359780,official residence,President of Russia,"""Q2309202""",Moscow Kremlin,"""Q133274""",Kremlin,property_value_update,1906 Imperial Fabergé egg,"fortified complex in Moscow, Russia",property_value_update
1187617335,421,q205460$FBD6B074-4273-4DCF-9941-4DC8AAA90D6D,located in time zone,Cojedes,"""Q5394""",UTC−04:30,"""Q5762""",UTC−04:00,property_value_update,Identifier for a time offset from UTC of −4.30,identifier for a time offset from UTC of −4,property_value_update
771919627,1376,Q1761$fce6ee1f-42e1-74e4-138a-11393da80cbf,capital of,Dublin,"""Q1516442""",history of Ireland from 1801 to 1923,"""Q57695350""",Ireland,property_value_update,aspect of history,part of the United Kingdom (1801–1922),property_value_update
8400691,27,q200678$93F78E92-3D5E-4865-B45C-3B46F69B2AF2,country of citizenship,Queen Rania of Jordan,"""Q40059""",Jordan River,"""Q810""",Jordan,property_value_update,river in West Asia which flows to the Dead Sea,country in the Middle East,property_value_update
2158048966,1889,Q131354$9f881812-4bb7-bc6f-f062-4d7cb60a6007,different from,Alcatraz Island,"""Q1142661""",Alcatraz Federal Penitentiary,"""Q293678""",Alcatraz,property_value_update,prison in the San Francisco Bay,Wikimedia disambiguation page,property_value_update
67217209,19,q313211$04FF5B91-D744-47EA-80BF-C28F3E427325,place of birth,Alberto Santos-Dumont,"""Q39109""",Minas Gerais,"""Q5747""",Palmyra,property_value_update,state in the Southeast Region of Brazil,"ancient city in Homs Governorate, Syria",property_value_update
1196226295,509,Q209077$42b1b879-e6c1-4ea0-b32b-0b51c547bee3,cause of death,José de Espronceda,"""Q134649""",diphtheria,"""Q84263196""",COVID-19,property_value_update,infectious disease,contagious disease caused by SARS-CoV-2,property_value_update
2099179108,1344,Q17493$ffa86c98-4eaa-4496-1b36-1773a9b42a43,participant in,Thiago Alcântara,"""Q373501""",UEFA Euro 2020,"""Q9448""",Premier League,property_value_update,16th edition of the quadrennial football championship,English men's association football top league,property_value_update
9336603,190,q15674$F69F8BFB-C3AB-46B4-A733-5B7494ABB95C,twinned administrative body,Kagoshima,"""Q681339""",HMAS Perth,"""Q3183""",Perth,property_value_update,1963 Perth-class destroyer,"capital city of Western Australia, Australia",property_value_update
1364396094,135,Q368977$af3a01a4-4b25-baa1-270f-3728b47d3f6a,movement,Frederic Storck,"""Q12742313""",Tinerimea artistică,"""Q189458""",academic art,property_value_update,artistic organization,style of painting and sculpture produced under the influence of European academies of art,property_value_update
647640644,27,q257872$FD59B944-6978-4ED1-8901-34CA291B08F3,country of citizenship,Aspazija,"""Q211""",Latvia,"""Q34266""",Russian Empire,property_value_update,sovereign state in northeastern Europe,former empire in Eurasia and North America (1721–1917),property_value_update
5833182,47,q28$6F431E48-839D-4F54-A9EB-095E1610FF2B,shares border with,Hungary,"""Q2157985""",Slovenia at the 2000 Summer Olympics,"""Q215""",Slovenia,property_value_update,Olympic team from Slovenia at the summer olympic games 2000,country in Central Europe,property_value_update
1393328914,451,q442928$53e092fb-4552-e03c-0646-b10fb8bc2a11,unmarried partner,Louise Colet,"""Q88219184""",Alfred de Musset (1810-1857),"""Q179680""",Alfred de Musset,property_value_update,painting by Stanislas Darondeau,French writer (1810–1857),property_value_update
142436650,19,q1912$545D6D37-F5C6-463E-82BE-05E657E9DE34,place of birth,Karim Benzema,"""Q456""",Lyon,"""Q406""",Istanbul,property_value_update,city of France,city in Turkey located at the Bosporus Strait,property_value_update
151546018,47,Q246272$016DCC94-D3AC-4686-935D-3C448A613856,shares border with,Radonín,"""Q2482909""",Kněžice,"""Q128752""",Číchov,property_value_update,village in Jihlava District of Vysočina region,village in Třebíč District of Vysočina region,property_value_update
7146452,37,q1095$7726119D-4976-4DD8-920E-B0DDAE61D8D8,official language,Limburg,"""Q488963""",names for the Dutch language,"""Q7411""",Dutch,property_value_update,aspect of history,West Germanic language,property_value_update
75070414,17,q173532$9980B954-CA1D-416D-8B42-954D1FF42AD2,country,Byblos,"""Q38""",Italy,"""Q822""",Lebanon,property_value_update,country in Southern Europe,sovereign state in Near East,property_value_update
710808327,527,Q6914$525AC112-FE13-4BDA-A748-E4B4F038D677,has part(s),1808,"""Q16630413""",December 1808,"""Q16637819""",February 1808,property_value_update,month of 1808,month of 1808,property_value_update
737002741,27,q82925$F6114CF5-45EF-498E-95E4-E3F62CF814F0,country of citizenship,Joseph Conrad,"""Q36""",Poland,"""Q34266""",Russian Empire,property_value_update,country in Central Europe,former empire in Eurasia and North America (1721–1917),property_value_update
1887463172,527,Q457834$6F883F71-70B7-4081-9FF5-4E744CF7718A,has part(s),Bayerisch Eisenstein / Železná Ruda-Alžbětín,"""Q98700403""",residential building at Bayerisch Eisenstein station,"""Q98700404""",railway roundhouse at Bayerisch Eisenstein station,property_value_update,"cultural heritage monument D-2-76-115-2 (3) in Bayerisch Eisenstein, Bavaria","cultural heritage monument D-2-76-115-2 (4) in Bayerisch Eisenstein, Bavaria",property_value_update
1128250896,735,Q189081$BE366080-1837-4884-82C9-2693D94FEA93,given name,Howard Hughes,"""Q3595959""",Howard,"""Q2293""",Chuck,property_value_update,male given name,American television series,property_value_update
2332882574,734,Q163457$C7427BDB-4249-4213-8D00-8BB03B382B3D,family name,Rita Fan,"""Q9757446""",Xu,"""Q37302542""",Hsu,property_value_update,Chinese family name,family name,property_value_update
68337782,107,q23716$60baa3c9-4b3a-d4a5-0baf-cca1ad0c8cd4,Main type of item (entity) / Art des Objekts / Type principal,Opinel knife,"""Q151885""",concept,"""Q1969448""",term,property_value_update,"semantic unit understood in different ways, e.g. as mental representation, ability or abstract object (philosophy)",word or phrase from a specialized area of knowledge,property_value_update
1259855900,54,Q161069$f061226d-40b0-6fab-aa76-4325717602af,member of sports team,David Silva,"""Q2609""",SS Lazio,"""Q50602""",Manchester City F.C.,property_value_update,"football section of the sports club based in Rome, Lazio, Italy","association football club in Manchester, England",property_value_update
1444137934,1441,Q52374$2a8993bd-47e1-f5ac-81f8-ae6a1d2b7f7c,present in work,Cad Bane,"""Q3551295""",Star Wars Legends,"""Q632672""",Star Wars: The Clone Wars,property_value_update,fictional background of the Star Wars universe outside of the feature films,2008 American television series,property_value_update
889927985,69,Q218747$74fc7175-a39d-413a-a1c5-562db470df71,educated at,"Honoré Gabriel Riqueti, comte de Mirabeau","""Q2302586""",Aix-Marseille University,"""Q26857409""",Aix University,property_value_update,"French public university located in Provence, founded in 2012 from the merger of Université Aix Marseille I, Aix Marseille II and Aix Marseille III","former university in Aix-en-Provence, France",property_value_update
10676760,27,q25998$61F854E7-09EF-4F07-BD86-05675B08E7DE,country of citizenship,Roxana Scarlat,"""Q581325""",Greater Romania,"""Q218""",Romania,property_value_update,irredentism,country in Southeast Europe,property_value_update
1321033585,272,Q5930$5a9548ab-43f8-f100-37e8-6caca50df6de,production company,Family Guy,"""Q2717612""",20th Century Fox Television,"""Q2814799""",20th Television,property_value_update,former American TV production company,American television production company,property_value_update
6790967,106,q206112$31643B98-6902-4A69-9F68-529F92EC3A4B,occupation,Willie Nelson,"""Q3559516""",writer invariant,"""Q36180""",writer,property_value_update,"property of a text which is similar in all texts of a given author, and different in texts of different authors",person who uses written words to communicate ideas and to produce literary works,property_value_update
627422575,131,q243392$168CD98D-BA75-4EF2-9F21-C169032F3AAE,located in the administrative territorial entity,Le Pin,"""Q122885""",canton of Claye-Souilly,"""Q17623423""",canton of Villeparisis,property_value_update,canton of France,canton of France,property_value_update
1099124333,413,Q151329$B2497F18-05A4-44DA-AE36-FA4E077913B6,position played on team / speciality,Jean-Paul Boëtius,"""Q11681748""",winger,"""Q8025128""",wing half,property_value_update,association football position,association football position,property_value_update
1285467981,20,q250763$76BEE515-B262-400F-A14D-A51C3640653A,place of death,Álvar Núñez Cabeza de Vaca,"""Q8356""",Valladolid,"""Q8717""",Seville,property_value_update,municipality of the Province of Valladolid in Spain,"municipality of Andalusia, Spain",property_value_update
1846744138,509,Q174762$D84CFF11-D3E7-47D5-BA9E-59912222B6DD,cause of death,Murad IV,"""Q6081223""",gout attack,"""Q12569389""",cirrosis,property_value_update,inflammation in foot caused by gout,disease that can occur in various organs,property_value_update
1042391086,910,Q217472$4A43C1DD-11E8-4F64-80FC-23EEC93A8F56,topic's main category,Pittidae,"""Q6672907""",Category:Pittas,"""Q17319606""",Category:Pittidae,property_value_update,Wikimedia category,Wikimedia category,refinement
655954929,31,Q184871$b943f2b6-4add-bc67-ce5b-ffed5b791ac4,instance of,Euler's formula,"""Q11345""",equation,"""Q609647""",identity,property_value_update,mathematical statement that asserts the equality of two expressions,equation that is satisfied for all values of the variables,refinement
1758845936,54,Q181403$B7E503E9-2CD4-4A2B-9273-0C3FBA0A515D,member of sports team,Martin Buchwieser,"""Q358191""",Adler Mannheim,"""Q457423""",SC Riessersee,property_value_update,German ice hockey team,ice hockey team,property_value_update
30713972,31,q392728$9ba79467-4e8a-db7a-801c-23d517fb75b7,instance of,King Shaka International Airport,"""Q4698881""",IGI Airport metro station,"""Q1248784""",airport,property_value_update,"metro station in Delhi, India","location where aircraft take off and land with extended support facilities, mostly for commercial air transport",property_value_update
1843879418,734,Q316327$E56E2F1A-86A3-45B0-B384-1647CAF844AA,family name,José Maria de Eça de Queirós,"""Q99981076""",de Albuquerque (family name),"""Q16146839""",Albuquerque,property_value_update,family name,family name,property_value_update
2205856582,20,Q295768$90a52cd6-46a6-8613-2d14-2b4b60ab1771,place of death,Bengt I. Samuelsson,"""Q1754""",Stockholm,"""Q1599139""",Mölle,property_value_update,capital and largest city of Sweden,"urban area in Höganäs Municipality, Sweden",property_value_update
2283024038,140,Q47780$bce65896-2502-4372-965a-7116b8f0d853,religion or worldview,Zaha Hadid,"""Q432""",Islam,"""Q3333484""",Eastern Orthodoxy,property_value_update,Abrahamic religion founded by Muhammad,Christian denominational family,property_value_update
554791999,1809,Q389910$9B16B6F4-6DBD-4FF2-9D55-C22F4745044E,choreographer,Le baiser de la fée,"""Q310184""",George Balanchine,"""Q235209""",Bronislava Nijinska,property_value_update,"American choreographer, dancer and ballet master (1904–1983)","Russian ballet dancer, teacher and choreographer",property_value_update
1354825290,734,Q200131$11cbe8b2-4390-02ad-d1ce-0e54c243b655,family name,Antônio Carlos Jobim,"""Q28800708""",Jobim,"""Q105307146""",Brasileiro,property_value_update,family name,family name,property_value_update
1569857242,118,q19587$8A6F8544-E20A-4ABE-9947-D5D5BB721A99,league or competition,Crewe Alexandra F.C.,"""Q48837""",EFL League Two,"""Q19565""",EFL League One,property_value_update,football league which is the fourth tier in the English football pyramid,division in English football league system,property_value_update
2295628355,106,Q129747$2A9E1A6E-F26B-4FAC-BD2C-BF27C27A0A4C,occupation,Memphis Bleek,"""Q183945""",record producer,"""Q3089940""",music executive,property_value_update,individual who oversees and manages the recording of an artist's music,person making executive decisions over artists of a record label,property_value_update
902541507,140,Q58978$1F135544-35FD-4FF5-8E31-C01081A3D958,religion or worldview,Max Born,"""Q9268""",Judaism,"""Q75809""",Lutheranism,property_value_update,Abrahamic monotheistic ethnic religion of the Jews,form of Protestantism commonly associated with the teachings of Martin Luther,property_value_update
1035395644,140,Q334871$D87AECBF-DCCB-4F02-9C1A-739E072CBBC1,religion or worldview,Reza Pahlavi,"""Q288928""",Agnosticism,"""Q432""",Islam,property_value_update,view that the existence of God or the supernatural are unknown or unknowable,Abrahamic religion founded by Muhammad,property_value_update
1295452400,31,q419167$0C92D69E-7008-4AC9-B84A-27FD5F181CDF,instance of,basic fuchsine,"""Q11173""",chemical compound,"""Q169336""",mixture,property_value_update,pure chemical substance consisting of two or more different chemical elements,substance formed when two or more constituents are physically combined together,property_value_update
749523528,123,q82888$AC6A644B-7BA6-4E5B-AE24-5F3FB779ED18,publisher,The Road to Middle-earth,"""Q95145""",George Allen & Unwin Limited,"""Q56677707""",Allen & Unwin,property_value_update,former British publishing company,Australian independent publishing company,property_value_update
206596093,21,q209518$527B2B5B-9313-4CB0-A70D-0A3DBF476331,sex or gender,Wayne Gretzky,"""Q6581097""",male,"""Q639354""",Female,property_value_update,to be used in sex or gender (P21) to indicate that the human subject is a male or semantic gender (P10339) to indicate that a word refers to a male person,1933 Warner Bros. pre-code film,property_value_update
2338225950,20,Q212338$98F6BAB5-35B7-4938-904F-934001989D47,place of death,Philolaus,"""Q5760""",Thiva,"""Q11225429""",Thebes,property_value_update,"modern city in Boeotia, Greece",ancient Greek city-state,property_value_update
11232903,118,q102720$4C5CC779-EEE5-4C39-AD7C-A0E5955B310A,league or competition,Hertha BSC,"""Q113159""",2. Frauen-Bundesliga,"""Q152665""",2. Bundesliga,property_value_update,women's association football league,German association football league,property_value_update
1510869216,1412,Q368127$965e036e-4692-8650-c8e4-53e058cc7508,"languages spoken, written or signed",Elena Ferrante,"""Q16867966""",Napolitan,"""Q33845""",Neapolitan,property_value_update,Wikimedia disambiguation page,Italo-Dalmatian language spoken in southern Italy,property_value_update
538037936,19,q463534$E8B66C5F-3E1D-4E2A-96F7-39AB00CDF62F,place of birth,Beatrice of Silva,"""Q5823""",Ceuta,"""Q995297""",Campo Maior,property_value_update,autonomous city of Spain in North Africa,municipality of Portugal,property_value_update
5951390,36,q786$CBC2425A-1DDC-490E-ABFB-E832566E244D,capital,Dominican Republic,"""Q985416""",Santo Domingo de Guzmán,"""Q188011""",Santo Domingo,property_value_update,"district in Central Sonsonate, El Salvador",city and commune in Chile,property_value_update
943613631,880,Q56942$d5d23eea-4dac-7ff7-59fc-bc7a80189e44,CPU,Wii U,"""Q719867""",Espresso,"""Q726""",horse,property_value_update,IBM microprocessor,domesticated four-footed mammal from the equine family,property_value_update
474243100,27,Q441885$8F93CCFB-5789-4B04-BE4E-A23C6885935C,country of citizenship,Nicaea of Macedon,"""Q221""",North Macedonia,"""Q83958""",Macedonia,property_value_update,country in southeastern Europe,ancient Hellenic kingdom,property_value_update
1372646766,20,q61006$B73B0F05-2192-4332-80FB-8CCD5362A116,place of death,Helene Mayer,"""Q1726""",Munich,"""Q2966""",Heidelberg,property_value_update,"capital and most populous city of Bavaria, Germany","large city in Baden-Württemberg, Germany",property_value_update
1278601659,1884,Q181243$1ABA006D-EAEF-4999-928D-C3D51B1F8B9C,hair color,Agyness Deyn,"""Q202466""",blond hair,"""Q2367101""",brown hair,property_value_update,human hair color,human hair color,property_value_update
144343690,31,Q42235$49675429-4E38-4C3F-ACC1-20FD192FF28A,instance of,Abuwtiyuw,"""Q5""",human,"""Q144""",dog,property_value_update,"any member of Homo sapiens, unique extant species of the genus Homo",domestic animal,property_value_update
1966730894,27,q90720$D0911196-A185-4A72-9130-AEC33C28CA64,country of citizenship,Mathilde Franziska Anneke,"""Q183""",Germany,"""Q27306""",Kingdom of Prussia,property_value_update,country in Central Europe,"former European state (1701–1918), part of the German Empire after 1871",property_value_update
1506523182,31,Q154091$B48E7C9D-07B3-4F67-8FFA-0E8410427E4B,instance of,Zimmermann telegram,"""Q1168233""",The Letter,"""Q1522225""",telegram,property_value_update,1940 film directed by William Wyler,message sent by telegraph,property_value_update
498105072,27,q76802$0D8A1342-46B6-442D-9D89-073F3154DEB9,country of citizenship,Adelaide of Italy,"""Q183""",Germany,"""Q530670""",Kingdom of Burgundy,property_value_update,country in Central Europe,history of all the kingdoms and others states named Burgundy,property_value_update
507937182,413,Q220998$924fa053-4451-db14-ae05-75204289c705,position played on team / speciality,Tom Boonen,"""Q533097""",cycling sprinter,"""Q2976603""",classic,property_value_update,type of road racing cyclist,outstanding example of a particular style,property_value_update
212626024,123,Q332697$D103028E-7F67-4992-AD3B-4FC5E0D59014,publisher,Terraria,"""Q2068658""",505 Games,"""Q31072""",505,property_value_update,video game publishing division of Digital Bros,year,property_value_update
6084088,25,q20875$BD6C2C80-4F4C-4ED6-84C3-5ED6408BF490,mother,Edward VII,"""Q235199""",Queen Victoria,"""Q9439""",Victoria,property_value_update,Wikimedia disambiguation page,Queen of the United Kingdom from 1837 to 1901,property_value_update
5790964,27,q1001$9D56D3E7-3EB3-4515-A54F-621A5A3A1775,country of citizenship,Mahatma Gandhi,"""Q876323""",Indian Airlines,"""Q3111799""",Indian,property_value_update,"defunct airline based in Delhi, India",1996 Tamil film directed by S. Shankar,property_value_update
48165876,103,q41309$8c8d7aaf-434d-7a48-e1d9-299841153e22,native language,Franz Liszt,"""Q9067""",Hungarian,"""Q188""",German,property_value_update,Uralic language,West Germanic language spoken mainly in Central Europe,property_value_update
1308160232,156,Q64909$8bb1ce57-4779-253b-22ba-771596450edd,followed by,field marshal-lieutenant,"""Q481303""",general,"""Q94769917""",generalmajor,property_value_update,highest rank of the German Army and German Air Force,"military rank in the 19th century, Austria-Hungary",property_value_update
243907358,19,q78530$A2B873CB-6C39-4D3E-B00F-D58904A7077F,place of birth,Viktor Ullmann,"""Q28513""",Austria–Hungary,"""Q278877""",Český Těšín,property_value_update,1867–1918 empire in Central Europe,Czech town,property_value_update
12173584,138,q178655$64A7CB25-4684-4B6E-B231-D060EBA982F4,named after,Moore's law,"""Q5585577""",Archibald Gordon Henry Wilson Moore,"""Q243969""",Gordon Moore,property_value_update,Royal Navy admiral (1862–1934),"American businessman, co-founder of Intel Corporation (1929–2023)",property_value_update
5790966,17,q141423$9C9309FB-EFF8-46BF-BC4D-E0E49B4E05D5,country,Suvereto,"""Q2604149""",Italy Pavilion,"""Q38""",Italy,property_value_update,pavilion of World Showcase in Epcot,country in Southern Europe,property_value_update
1984708006,31,Q33298$5e769a8b-4e88-b1f7-981e-33ae2c1570b3,instance of,Filipino,"""Q25295""",language family,"""Q11990179""",multiethnolect,property_value_update,group of languages related through descent from a common ancestor,sociolinguistic term,property_value_update
1347860988,509,Q230824$F437D92E-1AEA-4D98-9CFB-16B5578180E5,cause of death,Gia Carangi,"""Q4651894""",death from AIDS-related complications,"""Q12199""",AIDS,property_value_update,cause of death,spectrum of conditions caused by HIV infection,property_value_update
5856463,31,q131071$AF23D9B7-C3B1-4CF8-8C4F-F4BF854473D1,instance of,Willamette River,"""Q2407965""",The River,"""Q4022""",river,property_value_update,American television series,larger natural watercourse,property_value_update
479320299,27,Q380085$49859F4B-A821-4D4B-B4D6-E4265092175E,country of citizenship,Theodor Kittelsen,"""Q20""",Norway,"""Q35""",Denmark,property_value_update,country in Northern Europe,country in Northern Europe and America,property_value_update
6283034,17,q327$FC73D941-B473-4BE4-8289-A496C3DEDE85,country,Brittany,"""Q546607""",SS France,"""Q142""",France,property_value_update,passenger ship built in 1962,"country in Western Europe and other continents (through its overseas territories in America, Africa and Oceania)",property_value_update
622922577,27,Q28630$C594F2F4-432B-43BE-8A20-7FC9F910F8A2,country of citizenship,Hermannus Alemannus,"""Q29""",Spain,"""Q12548""",Holy Roman Empire,property_value_update,country in southwestern Europe with territories in Africa,multi-ethnic complex of territories in Western and Central Europe (800/962–1806),property_value_update
1536600404,47,Q3680$29f2dbbf-40e4-c969-015e-4ac2926a7d7d,shares border with,Krasnodar Krai,"""Q31354462""",Republic of Abkhazia,"""Q23334""",Abkhazia,property_value_update,state with limited recognition in the Caucasus,dispute region in the South Caucasus,property_value_update
2021375494,1889,Q169276$24574438-0610-4D68-93C7-3E0E3BE9D361,different from,Allgäu,"""Q1744482""",Planungsregion Allgäu,"""Q1739832""",Allgäu,property_value_update,"region of Bavaria, Germany",Wikimedia disambiguation page,property_value_update
12025362,20,q435716$EF5EE830-D64A-4006-9169-F0265B6D6A3D,place of death,"Thomas John Watson, Sr.","""Q7013125""",New York City (You're a Woman),"""Q7013127""",New York City,property_value_update,1971 studio album by Al Kooper,band,property_value_update
1452806522,437,Q286723$91f88cef-492a-3988-a305-c9681c40adb4,distribution format,ABBA Live,"""Q221""",North Macedonia,"""Q149757""",compact cassette,property_value_update,country in southeastern Europe,magnetic tape recording format for audio recording and playback,property_value_update
6063681,47,q29$3C2257DC-5290-442A-9356-2F6C61A8C0F6,shares border with,Spain,"""Q47774""",France men's national association football team,"""Q142""",France,property_value_update,national association football team representing France,"country in Western Europe and other continents (through its overseas territories in America, Africa and Oceania)",property_value_update
1383371068,551,Q230299$06b0c417-4038-b195-d6f6-861a6dd81e7f,residence,Nellie Bly,"""Q29""",Spain,"""Q1384""",New York,property_value_update,country in southwestern Europe with territories in Africa,state of the United States of America,property_value_update
10491614,20,q368862$87B555CF-4371-43FB-9E6D-EF30FA694A7C,place of death,Khaqani,"""Q6509769""",Category:Tabriz,"""Q80053""",Tabriz,property_value_update,Wikimedia category,"city in East Azerbaijan Province, Iran",property_value_update
1303533292,749,Q67$431113ae-4421-7d31-c41f-7e6aa329d167,parent organization,Airbus,"""Q2311""",Airbus SE,"""Q67""",Airbus,property_value_update,pan-European aerospace and defence group,"European aircraft manufacturer, subsidiary of Airbus SE",property_value_update
173571891,106,Q347744$375f0e97-4a9b-54bb-f745-08b0708a9c68,occupation,Jean-Pierre Gibrat,"""Q103076""",screenplay,"""Q28389""",screenwriter,property_value_update,written work by screenwriters for a film or television program,"writer who writes for films, TV shows, comics and games",property_value_update
9850425,19,q16378$A24F7EFD-5A3F-497F-BDCE-787D7DEF4D3E,place of birth,Vijaygupta Maurya,"""Q1931349""",Porbandar Airport,"""Q6419912""",Porbandar,property_value_update,airport in India,city in Gujarat,property_value_update
560138204,150,q42824$86C9899D-76D8-4A2B-A5AA-425814F60534,contains the administrative territorial entity,Mato Grosso,"""Q2065041""",Santa Terezinha,"""Q1805676""",Barra do Bugres,property_value_update,"municipality of Mato Grosso state, Brazil","municipality of Mato Grosso state, Brazil",property_value_update
412628118,140,q138048$0927FDB0-AB51-45B6-B91D-BEF679735CCA,religion or worldview,Park Geun-hye,"""Q748""",Buddhism,"""Q7066""",atheism,property_value_update,Indian religion,absence of belief in the existence of deities; the opposite of theism,property_value_update
1540387701,54,Q339252$4954ddc4-3110-443d-933a-499d5d96acda,member of sports team,Loris Karius,"""Q20106798""",Junior Futbol Club,"""Q1130849""",Liverpool F.C.,property_value_update,"sports club in Sant Cugat del Vallès, Spain","association football club in Liverpool, England",property_value_update
963885941,4000,Q22699$7f46c58b-43c3-9080-f4f4-572a88d2ce4c,has fruit type,Castanea sativa,"""Q11009""",nut,"""Q30506015""",glans,property_value_update,"in botany, type of dry indehiscent fruit",aril-like indehiscent anthocarp,property_value_update
1555153992,410,Q125803$754e6506-d4c7-4edc-a5ed-da17157b2307,military or police rank,Walter von Bergmann,"""Q694005""",General of the Infantry,"""Q186024""",lieutenant,property_value_update,"general officer rank in the German Imperial Army, the interwar Reichswehr, and the Wehrmacht",military rank in many armies,property_value_update
1985263785,282,Q9091$1befdec2-4d22-141f-3397-cc5bda6ca2a0,writing system,Belarusian,"""Q8196""",Arabic alphabet,"""Q1828555""",Arabic script,property_value_update,alphabet for Arabic and other languages,writing system for Arabic and some Asian and African languages,refinement
2257020994,641,Q463118$41d53d34-49b9-6bd7-1597-e3385fec1444,sport,America East Conference,"""Q10871364""",baseball player,"""Q5369""",baseball,property_value_update,person who plays games of baseball,American-originated sport in which teams compete to score runs by hitting a thrown ball and advancing around bases,property_value_update
860459488,451,Q191088$80eaf826-4594-50f6-4d36-0a95e739f16d,unmarried partner,Joe Jonas,"""Q240573""",Sophie Turner,"""Q16843706""",Gigi Hadid,property_value_update,British actress,American fashion model and television personality (born 1995),property_value_update
67458810,31,q295014$95c87799-4462-1d97-1218-d91dfd014d85,instance of,AMD K6-III,"""Q5297""",microprocessor,"""Q432852""",list of AMD microprocessors,property_value_update,computer processor contained on an integrated-circuit chip,Wikimedia list article,property_value_update
1701066578,495,Q330663$8ACA6B74-592C-4431-B6A3-BA23992042A1,country of origin,My Name Is Khan,"""Q30""",United States,"""Q668""",India,property_value_update,country located primarily in North America,country in South Asia,property_value_update
466642526,366,Q22699$eb5e44e9-4606-d971-c835-25e27b5ccd95,has use,Castanea sativa,"""Q38695""",cooking,"""Q987767""",physical container,property_value_update,preparing food for consumption by the application of heat,"device creating a partially or fully enclosed space that can be used to contain, store, and transport objects or materials",property_value_update
337271381,1464,Q316841$810F7FEA-1B4D-4E9D-90F0-7D4A55D66197,category for people born here,Karlovo,"""Q10058146""",Category:Births in Karnobat,"""Q19600574""",Category:Births in Karlovo,property_value_update,Wikimedia category,Wikimedia category,property_value_update
1383352345,102,Q272379$5C8D0610-83CE-4955-822A-EB415F595B35,member of political party,Charlotte Roche,"""Q497668""",Třebovka,"""Q49766""",Alliance '90/The Greens,property_value_update,river in the Czech Republic,green political party in Germany,property_value_update
1569845303,118,q19498$93119923-7335-4CA0-B2D2-E65F446B9BFD,league or competition,Sheffield Wednesday F.C.,"""Q19510""",EFL Championship,"""Q19565""",EFL League One,property_value_update,second tier of the football pyramid of professional football league in England,division in English football league system,property_value_update
5810535,31,q199471$8138A010-A588-4CAC-A310-200C3047D2A2,instance of,afghani,"""Q266516""",generic currency sign,"""Q8142""",currency,property_value_update,glyph (¤) used for unspecified currency,generally accepted medium of exchange for goods or services,unrefinement
13028297,19,q151972$BA4BE8D6-0623-42E3-9DB4-825E813D3877,place of birth,Josephine Baker,"""Q1273955""",Saint Louis River,"""Q1617681""",Saint-Louis,property_value_update,"river in Minnesota and Wisconsin, United States of America","commune in La Réunion, France",property_value_update
11673051,131,q4511$ED49ADCB-BF8F-4CC1-B93C-94E38AEA4CE7,located in the administrative territorial entity,Kotayk Province,"""Q4793118""",Diocese of Armenia,"""Q399""",Armenia,property_value_update,former diocese of the Church of the East between the 5th and 14th centuries,sovereign state in the South Caucasus region of Eurasia,property_value_update
1791927757,106,Q467895$F079168A-D8F1-4DB8-A04C-FEF06692F9B2,occupation,Mohammed Abdel Wahab,"""Q10800557""",film actor,"""Q421957""",Actor,property_value_update,actor who appears in films,actor in the Unified Modeling Language (UML) \specifies a role played by a user or any other system that interacts with the subject.\,property_value_update
6041905,36,q17$C55C1B96-6A1B-4C0C-A7EF-8B5223A5F467,capital,Japan,"""Q1207735""",Tokyo City,"""Q1490""",Tokyo,property_value_update,"historic municipality in Japan, 1889-1943. now area of 23 special wards",capital and largest city of Japan,refinement
1865228791,176,Q385175$cfae5d71-411a-1994-a761-f2e41066ee12,manufacturer,BLS Re 465,"""Q52825""",ABB Group,"""Q29124039""",ABB,property_value_update,Swedish-Swiss robotics and electrical equipment company,Swedish company,refinement
977012666,31,Q234764$063b02ea-4d1a-208e-45b2-8616e2b9a017,instance of,Sunnah,"""Q846882""",sources of law,"""Q7725634""",literary work,property_value_update,origin of rules regulating human conduct,written work read for enjoyment or edification,property_value_update
880375842,40,Q381574$1ed77afc-4f65-f86b-092b-4957ccd382ea,child,Akram Ojjeh,"""Q53677440""",Akram Junior,"""Q21448967""",Akram,property_value_update,,family name,unrefinement
1671959900,2348,Q324729$DB6E575B-2B52-4507-8B52-298245AE9A78,time period,Alto of Altomünster,"""Q25346""",8th century BC,"""Q8086""",8th century,property_value_update,century,century,unrefinement
1767629370,27,Q75470$202ae949-4241-6de2-374a-f2beb52a562b,country of citizenship,Flora Martirosian,"""Q30""",United States,"""Q399""",Armenia,property_value_update,country located primarily in North America,sovereign state in the South Caucasus region of Eurasia,property_value_update
2048673331,27,Q390913$D05FF1D8-9DA6-49DC-9556-8AB095F8DC6B,country of citizenship,Evgeni Nabokov,"""Q232""",Kazakhstan,"""Q15180""",Soviet Union,property_value_update,sovereign state in Eastern Europe and Central Asia,former country in Eurasia (1922–1991),property_value_update
1071783708,31,Q24862$c6a7f3c3-430d-9a65-a034-3b246c3556ec,instance of,short film,"""Q86850""",film gauge,"""Q11424""",film,property_value_update,width of photographic or motion picture film,"sequence of images that give the impression of movement, stored on film stock",property_value_update
2305388848,136,Q248972$561de0cd-48ce-a56e-89ec-97429663ba42,genre,Tom & Jerry Kids,"""Q627603""",cartoon,"""Q131938231""",,property_value_update,illustration telling a comic or satirical story in a single image,,property_value_update
1637503118,2408,Q267721$3448bd53-40b8-699b-a325-7bf9c5e2c738,set in period,Grease,"""Q53388286""",1958-1959 one-year-period,"""Q5253""",1958,property_value_update,period of about one year starting in 1958 and ending in 1959,year,refinement
741081375,106,Q165249$88246B21-0AD8-4CCE-B48D-BE2512B04A93,occupation,Princess Ingrid Alexandra of Norway,"""Q2747456""",prince,"""Q863048""",princess,property_value_update,"title of nobility, male member of a monarch's or former monarch's family",title of royalty,property_value_update
1172302610,800,Q33635$6922d3fb-4c2e-8743-8a56-1c535c4be3c3,notable work,Hema Malini,"""Q3419800""",Sapno Ka Saudagar,"""Q5306364""",Dream Girl,property_value_update,1968 film,1977 film by Pramod Chakravorty,property_value_update
1512212198,106,Q328227$843E4348-3E70-4178-9049-B076E481CA7F,occupation,George Kruger Gray,"""Q1028181""",painter,"""Q15296811""",draftsperson,property_value_update,artist who practices painting,person who makes drawings (artist/cartoonist/drafter/illustrator),property_value_update
1527436695,264,Q426283$3C8CE061-A56C-4284-BDB6-9415FC3A2E1E,record label,Hunting High and Low,"""Q126399""",Warner Bros.,"""Q843402""",Warner Bros. Records,property_value_update,American entertainment company,former American record label (1958 to 2019),property_value_update
114122527,279,Q872$37c78671-4152-7948-f2c8-171fe76daed0,subclass of,radio,"""Q273623""",radio broadcasting,"""Q872""",radio,property_value_update,distribution of audio content to a dispersed audience via any audio mass communications medium,technology of signaling and communicating using radio waves,unrefinement
2120180130,451,Q240604$07d5970c-4198-18c3-3cfa-b03574872fbf,unmarried partner,Maria of Antioch,"""Q41600""",Alexios I Komnenos,"""Q7596674""",Alexios Komnenos,property_value_update,Byzantine emperor,Byzantine aristocrat and courtier; (1141-1183),property_value_update
6001131,19,q11509$C79618C1-BAAA-465F-A2B5-2FCC567E6E6F,place of birth,Xanana Gusmão,"""Q1526353""",Laleia River,"""Q1801231""",Laleia,property_value_update,river in East Timor,human settlement,property_value_update
2053396452,106,Q202756$BBF2402E-7C6D-46B7-AC07-317FA45190BA,occupation,Jessica Michibata,"""Q4610556""",model,"""Q482980""",author,property_value_update,"person employed to display, advertise and promote products, or to serve as a visual aid",writer of an original work,property_value_update
1603053299,527,Q7997$160C33E3-B01F-4BC0-B104-20BFBD893491,has part(s),French Grand Prix,"""Q173062""",1952 French Grand Prix,"""Q8541468""",1914 French Grand Prix,property_value_update,Formula One motor race held in 1952,motor car race,property_value_update
345559659,279,Q186685$cf048503-4cd2-05af-cce6-82bd53aed57d,subclass of,marae,"""Q2221906""",geographic location,"""Q618123""",geographical feature,property_value_update,"point, line or area on or near Earth",components of planets that can be geographically located,property_value_update
1505223647,19,q119710$D6907C6A-5325-444A-8080-935E4646F9C3,place of birth,Peter Martin Lampel,"""Q1803301""",Landkreis Liegnitz,"""Q6885227""",Miłogostowice,property_value_update,,"village in Lower Silesian, Poland",property_value_update
924185745,241,Q70992$52800017-40d4-7648-8380-c0f9624cbd98,military branch,Werner von Blomberg,"""Q678503""",Imperial German Air Service,"""Q701923""",German Army,property_value_update,(1913-1918) air warfare branch of the German Empire,1935–1945 land warfare branch of the German military,property_value_update
5817014,19,q110271$3ADC18B0-4C9C-4619-A835-EC871C48B037,place of birth,Fritz Behrendt,"""Q689046""",German cruiser Königsberg,"""Q4120832""",Königsberg,property_value_update,1927 Königsberg-class cruiser,"historic capital of East Prussia, since 1945 Russian territory",property_value_update
289107122,31,Q179969$4CA1C427-496B-4893-BC55-CC507F994F7F,instance of,Air Force One,"""Q407184""",Air Force One,"""Q741701""",airline code,property_value_update,1997 film directed by Wolfgang Petersen,identifier of airline,property_value_update
1843979214,106,Q343627$770eac63-4765-6e28-4711-b777a2b91cac,occupation,Giorgos Dalaras,"""Q183945""",record producer,"""Q55960555""",recording artist,property_value_update,individual who oversees and manages the recording of an artist's music,"person, musician who performs music for recordings",property_value_update
1841875075,27,q96579$2356625B-D20A-4F02-884E-EFC12861AD1B,country of citizenship,Karl Immanuel Nitzsch,"""Q183""",Germany,"""Q153015""",Kingdom of Saxony,property_value_update,country in Central Europe,former German state (1806-1918),property_value_update
321560097,19,q98723$0FAA5358-EC71-4D7C-9551-18CDA901891C,place of birth,Hellmut Diwald,"""Q1263391""",Schattau,"""Q391317""",Šatov,property_value_update,Wikimedia disambiguation page,"městys in South Moravian, Czech Republic",property_value_update
231344453,31,Q5168$00A5351C-8449-4DBE-9386-950CF0669CA6,instance of,Makhachkala,"""Q5123997""",city of federal subject significance of Russia,"""Q183342""",federal city of Russia,property_value_update,administrative division of a federal subject of Russia,Russian city which has a status of both an inhabited locality and a constituent federal subject,property_value_update
669244221,54,Q138745$2789a1b9-491c-4ca4-452a-4877954b3b07,member of sports team,Valtteri Bottas,"""Q171337""",Williams Racing,"""Q172721""",Mercedes F1 Team,property_value_update,European Formula One motor racing team and constructor,auto racing team,property_value_update
599859592,20,q442186$98271C47-E0FD-4676-B874-BAE2136E236F,place of death,Anders Nygren,"""Q2167""",Lund,"""Q10570808""",Lunds Allhelgonaförsamling,property_value_update,city in the southern Swedish province of Scania,"parish in Lund, Sweden",property_value_update
388611719,800,Q12382$07618945-4401-31de-9380-7aa62d82d8ca,notable work,Shigeru Miyamoto,"""Q4428807""",Soni,"""Q191626""",Sonic the Hedgehog,property_value_update,Wikimedia disambiguation page,video game character from the eponymous video game franchise,property_value_update
1626866926,735,Q205739$6332DDC1-B5FD-44C9-9E27-488E575AAA70,given name,Alan Moore,"""Q4706733""",Alan González,"""Q294833""",Alan,property_value_update,Puerto Rican politician,male given name,property_value_update
2258737371,171,Q164195$9FFF9DB9-51EC-4846-9B63-89ECEC7D3FA5,parent taxon,Bolboschoenus,"""Q155843""",Cyperaceae,"""Q119137283""",Bolboschoeneae,property_value_update,family of plants,,property_value_update
1463967177,25,Q239314$9AD1DD65-6EE1-416C-BD17-F14BDFAA02E7,mother,Julia Flavia,"""Q731059""",Marcia Furnilla,"""Q1528430""",Arrecina Tertulla,property_value_update,second wife of emperor Titus,first wife of Roman emperor Titus,property_value_update
205441481,47,Q18259$adb124c2-4072-3a03-c141-dfe37ab42ef0,shares border with,Conca de Dalt,"""Q227808""",Sala,"""Q18266""",Salàs de Pallars,property_value_update,Wikimedia disambiguation page,"municipality in Catalonia, Spain",property_value_update
2218860602,641,Q169814$14546dd4-474e-b689-3b79-e437e1b50b9f,sport,Valentino Rossi,"""Q7856""",rallying,"""Q1805420""",endurance racing,property_value_update,discipline of motorsport where competitors follow an itinerary often including motoring tests of skill or speed,motorsport in which races cover extended distances and time periods designed to test durability and endurance,property_value_update
669592317,27,Q289782$511336AB-159C-41A5-B724-07B271AF2EE2,country of citizenship,Lucila Vit,"""Q961146""",chilena,"""Q414""",Argentina,property_value_update,music genre and type of dance,state in South America,property_value_update
632215703,840,Q20912$E8AE9570-55E0-4FAE-BAD0-3008A0F4C591,narrative location,The Galileo Seven,"""Q18043309""",Star Trek universe,"""Q48976127""",Murasaki 312,property_value_update,fictional universe,fictional astronomic object,property_value_update
560516793,551,Q231556$36ED7B06-6DD8-40B2-8C6E-90BAC7DDAE28,residence,Alexandra Daddario,"""Q65""",Los Angeles,"""Q649""",Moscow,property_value_update,"largest city in California, United States",capital and most populous city of Russia,property_value_update
1541785574,53,Q284585$24B48125-2C16-4E63-9DD1-CE7110D4CD03,family,Al-Wathiq,"""Q12536""",Abbasid Caliphate,"""Q4437641""",Abbasids,property_value_update,third Islamic caliphate (750–1258),Muslim Hijaz dynasty,property_value_update
11830922,21,q299737$D37E5825-6AAD-4660-B52E-D33D71B2B514,sex or gender,Mandukhai Khatun,"""Q43445""",female organism,"""Q6581072""",female,property_value_update,organism of the female sex,to be used in sex or gender (P21) to indicate that the human subject is a female or semantic gender (P10339) to indicate that a word refers to a female person,property_value_update
8160696,47,q41$6C6519F2-2137-455A-98CE-7ECAFE6C26F6,shares border with,Greece,"""Q8241""",Category:Bulgaria,"""Q219""",Bulgaria,property_value_update,Wikimedia category,country in Southeast Europe,property_value_update
11543873,47,q217$A784C3BD-31A4-4266-A012-EE3B175189A3,shares border with,Moldova,"""Q167641""",Transnistria Governorate,"""Q907112""",Transnistria,property_value_update,governorate,Russian-occupied territory in Moldova,property_value_update
1397079998,141,q306758$E8F0AC48-D2B2-4969-BBDC-4D32FCC17C86,IUCN conservation status,Hoese's goby,"""Q3245245""",Data Deficient,"""Q11394""",endangered species,property_value_update,IUCN Red List category,species of organisms facing a very high risk of extinction,property_value_update
7415126,27,q2571$3E60920E-BE55-4EE2-9347-E5ECC7CA461C,country of citizenship,Walter Scheel,"""Q2129498""",Germany Pavilion at Epcot,"""Q183""",Germany,property_value_update,pavilion of World Showcase in Epcot,country in Central Europe,property_value_update
493868966,737,Q5928$d159914e-4bd1-4208-7f8b-4f2af71231be,influenced by,Jimi Hendrix,"""Q1933750""",The W,"""Q93346""",The Who,property_value_update,2000 studio album by Wu-Tang Clan,English rock band,property_value_update
962718714,166,Q270951$261714f4-4874-06e1-e2fe-ac268b70da7d,award received,Alsou,"""Q458903""",Merited Artist of the Russian Federation,"""Q4313313""",People's Artist of the Republic of Bashkortostan,property_value_update,honorary title of Russia,,property_value_update
1764717580,19,Q254374$21C5F62A-C710-4545-805E-CB9B0B7E1EAC,place of birth,Judith of Swabia,"""Q13364""",Ravenna,"""Q1197""",Lower Saxony,property_value_update,city in northern Italy,state in North-West of Germany,property_value_update
11017646,266,q63524$C6D2C9A9-CEA7-4C22-9CCB-D6BA628D0474,Buried here,Hautecombe Abbey,"""Q289905""",Blessed Margaret of Savoy,"""Q3290809""",Margaret of Savoy,property_value_update,"Marchioness of Montferrat, Princess of Achaea Roman Catholic saint",1273 - 1339,property_value_update
1991239765,97,Q246915$80B6E826-975F-4ABA-985F-B0301E74FA91,noble title,"Princess Alice, Duchess of Gloucester","""Q579431""",British princess,"""Q1378024""",lady,property_value_update,royal title rank in the United Kingdom,title held by aristocratic or noble women,property_value_update
1412610707,137,Q6492$7291d9ea-45c0-7b18-8b90-8011c44992ad,operator,Airbus A330 MRTT,"""Q408""",Australia,"""Q823635""",Royal Australian Air Force,property_value_update,country in Oceania,air warfare branch of Australia's armed forces,property_value_update
1552735009,106,Q272724$9E220320-72F3-463C-8A43-A4FFA24778D7,occupation,Çağatay Ulusoy,"""Q10798782""",television actor,"""Q421957""",Actor,property_value_update,actor who performs on television,actor in the Unified Modeling Language (UML) \specifies a role played by a user or any other system that interacts with the subject.\,property_value_update
1861037456,190,Q182872$27115a50-4f43-8578-e5be-22ce4d7a2b98,twinned administrative body,Fontainebleau,"""Q944581""",Roman Catholic Archdiocese of Alba Iulia,"""Q174665""",Alba Iulia,property_value_update,since 1991 roman catholic archdiocese in Romania,city in Romania,property_value_update
2165319895,118,q18527$3ABBF1DB-2DD0-4E15-AFC6-37124EF7C500,league or competition,Tamworth F.C.,"""Q59041""",National League North,"""Q58916""",National League,property_value_update,sports league,association football division in England,property_value_update
1648125579,734,Q92990$dbe068e2-4064-c07a-c980-35619bb73c5d,family name,Bui Tuong Phong,"""Q37521485""",Phong,"""Q16275113""",Bùi,property_value_update,family name,family name,property_value_update
43131566,21,q138243$CC907F68-77BC-4640-B8FC-FBF2060B86E3,sex or gender,Tobias S. Buckell,"""Q6581097""",male,"""Q5442717""",Female,property_value_update,to be used in sex or gender (P21) to indicate that the human subject is a male or semantic gender (P10339) to indicate that a word refers to a male person,1933 novel by Donald Henderson Clarke,property_value_update
11780725,131,q391365$C009CF31-24FB-44B2-8ECF-74246E8A6005,located in the administrative territorial entity,Bray-Dunes,"""Q475535""",Station Nord,"""Q12661""",Nord,property_value_update,military and research station in Greenland,French department in Hauts-de-France,property_value_update
993994064,4969,Q209758$C8C8AD03-3B1F-4199-8B05-807D59CFBDFA,derivative work,Xenomorph,"""Q155163""",Alien vs. Predator,"""Q1990792""",Alien,property_value_update,2004 film directed by Paul W. S. Anderson,science-fiction horror franchise,property_value_update
2199295758,112,Q321062$aa97d748-4889-4d74-989f-cb825983605c,founded by,Swabian League of Cities,"""Q3012""",Ulm,"""Q5499881""",Free Imperial City of Ulm,property_value_update,"large city in Baden-Württemberg, Germany",Free Imperial City of the HRE,property_value_update
378642443,734,Q320522$5CF61ECF-5331-4777-8DF8-30871749A54A,family name,Vladimir Adlerberg,"""Q358255""",House of Adlerberg,"""Q21431138""",Adlerberg,property_value_update,Batlic noble family,family name,property_value_update
6185271,21,q118484$506AF12F-E016-4817-961F-6AD8BA8D425B,sex or gender,Daniel Brélaz,"""Q1621322""",Middle-earth man,"""Q8441""",man,property_value_update,humanoid species from J.R.R. Tolkien's legendarium,male adult human,unrefinement
1712713116,488,Q451480$0F1015D6-9793-457E-8874-DE6AFC6FEF61,chairperson,Roman Catholic Archdiocese of Mbarara,"""Q2060518""",Paul Kamuza Bakyenga,"""Q1666577""",Lambert Bainomugisha,property_value_update,Ugandan priest (1944–2023),Ugandan archbishop,property_value_update
558337940,31,Q138295$8AF3A0DE-2D10-4F70-9031-0A79E69F5F84,instance of,Pronga,"""Q3333265""",parroquia of Galicia,"""Q15078704""",parishes in Asturias and Galicia,property_value_update,"type of ecclesiastical subdivision in Galicia, Spain",Wikipedia article covering multiple topics,property_value_update
1972408927,17,Q188888$0f604078-4956-b48f-f081-51de609662a1,country,Teachers' Day,"""Q54790731""",Albania.,"""Q222""",Albania,property_value_update,scientific article,country in southeastern Europe,property_value_update
2348001944,106,Q6096$51bc119d-4d11-a11d-afc6-c8c77e6fb186,occupation,Snoop Dogg,"""Q753110""",songwriter,"""Q177220""",singer,property_value_update,person who writes the words or music to songs,person singing for a listening audience,property_value_update
1916561169,27,q87155$E61C096A-7275-4377-8098-DFC89F7EDDDC,country of citizenship,Theodor Creizenach,"""Q183""",Germany,"""Q20135""",Grand Duchy of Hesse,property_value_update,country in Central Europe,member state of the German Confederation & the German Empire (1806–1918),property_value_update
78264615,132,q375125$716C2242-6DEF-493D-B620-62EF6F2FDD01,type of administrative division,Sumner County,"""Q11774062""",county of Arkansas,"""Q13410444""",county of Kansas,property_value_update,"political subdivision of Arkansas, United States","subdivision of Kansas, United States",property_value_update
2039695834,1434,Q165512$f91c9799-45ee-ad57-dbe3-b3421f14b72b,takes place in fictional universe,One Hundred and One Dalmatians,"""Q124024813""",Pongo's 101 Dalmatians universe,"""Q124040697""",101 Dalmatians universe,property_value_update,fictional universe,narrative universe of the Disney film series and media franchise 101 Dalmatians,property_value_update
1045370230,127,Q172732$32f7cbe3-4672-2d9d-9d65-fd055989a12d,owned by,Indianapolis Motor Speedway,"""Q5936142""",Hulman & Company,"""Q2225273""",Penske Corporation,property_value_update,American company,American transportation company,property_value_update
997899040,53,Q57668$5555DBC7-34BC-4D5A-9854-ACCA9F9731B8,family,Caroline Matilda of Great Britain,"""Q155594""",House of Oldenburg,"""Q157217""",House of Hanover,property_value_update,dynasty,European royal dynasty of German origin,property_value_update
588957655,166,q296771$8C4F9E97-5DFF-404E-8B59-7F702246A248,award received,Saad Harirị,"""Q10855271""",Knight of the Legion of Honour,"""Q10855212""",Commander of the Legion of Honour,property_value_update,first rank of the French Legion of Honour,third rank of the French Legion of Honour,property_value_update
223781391,136,Q36097$CA24CBA3-2859-4F32-849A-C733D6BABB49,genre,The Trial,"""Q180774""",dystopia,"""Q15062348""",dystopian fiction,property_value_update,undesirable state of society,genre of fiction,property_value_update
253592011,27,q325038$5D7E68BA-B3E9-4F7F-A3F1-59D783897B96,country of citizenship,Vasily Kuznetsov,"""Q159""",Russia,"""Q34266""",Russian Empire,property_value_update,country in Eastern Europe and Northern Asia,former empire in Eurasia and North America (1721–1917),property_value_update
1005299482,1412,Q311596$65d34d63-4fdc-82ba-373b-5901d2b1bc83,"languages spoken, written or signed",Fatos Nano,"""Q208533""",Albanian Wikipedia,"""Q8748""",Albanian,property_value_update,Albanian-language edition of Wikipedia,"Indo-European language, spoken in Albania, Kosovo, North Macedonia and Montenegro as well as Italy, Croatia, Romania and Serbia",property_value_update
1027639824,19,q171128$6F845DC1-739A-4A0E-B5EB-4DA123288378,place of birth,Diego Rivera,"""Q61306""",Guanajuato City,"""Q29""",Spain,property_value_update,"capital city of Guanajuato, Mexico",country in southwestern Europe with territories in Africa,property_value_update
732599549,6,Q59146$9A247B62-120C-4B6A-863C-0C77F1FB3A9C,head of government,Kyrenia District,"""Q56118813""",Georgios Chrysafinis,"""Q56241611""",Andreas P. Louca,property_value_update,,,property_value_update
225193378,31,Q204931$4C68F31C-485A-4D3B-9392-B5A05AAA4AA6,instance of,Retezat National Park,"""Q46169""",national park,"""Q16795406""",list of national parks of Romania,property_value_update,park used for conservation purposes of animal life and plants,Wikimedia list article,property_value_update
2047485383,6216,Q964$04631c37-41df-635f-cd4e-1dba617ca285,copyright status,Wikinews,"""Q99578078""",copyrighted free use,"""Q50423863""",copyrighted,property_value_update,copyright license,legal state of a work as recognised as an intellectual property of an entity,property_value_update
1355381560,361,Q40610$79A52F96-0B43-4B8B-9123-14E7856705C7,part of,Tyazhely Sputnik,"""Q170413""",Sputnik programme,"""Q192144""",Venera,property_value_update,,space programme of the Soviet Union,property_value_update
1688202306,166,Q250545$3a2db0cb-4d4c-09d2-a933-f7e0dc689d93,award received,Baz Luhrmann,"""Q4649837""",AACTA International Award for Best Direction,"""Q4649807""",AACTA Award for Best Direction,property_value_update,Australian film award,Australian film and TV awards,property_value_update
96428510,138,Q455231$1d195d02-4f34-50dd-d50e-99a209a7cae7,named after,Laurent,"""Q6501096""",Laurent Clerc Award,"""Q1808076""",Laurent Clerc,property_value_update,Annual award bestowed by Gallaudet University,French-American deaf educator,property_value_update
783885180,31,Q381204$483922D8-A0D3-408B-82E8-39593494EF20,instance of,A.100,"""Q15056995""",aircraft model,"""Q11436""",aircraft,property_value_update,"specific aircraft design and specification, differentiated from others of its family",machine that is able to fly by gaining support from the air other than the reactions of the air against the earth’s surface,unrefinement
803716727,22,Q142387$7761D177-9E8D-4848-B96E-DF88071D1BEC,father,Hassan Ali Mansur,"""Q2093162""",Muhammad Mansur Ali,"""Q1470765""",Ali Mansur,property_value_update,Prime Minister of Bangladesh in 1975,Prime Minister of Iran (1895-1974),property_value_update
533826958,140,Q35610$89997CCD-64F9-40CE-9A66-C95EEA5725B8,religion or worldview,Arthur Conan Doyle,"""Q288928""",Agnosticism,"""Q829348""",spiritualism,property_value_update,view that the existence of God or the supernatural are unknown or unknowable,19th century religious movement based on the belief that one can communicate with the spirits of the dead,property_value_update
2155890324,355,Q154037$368F4191-9A30-421D-8448-3AF894D5285D,child organization/unit,TotalEnergies,"""Q3995933""",TotalErg,"""Q41463""",Total E&P,property_value_update,former Italian oil company,Danish oil and gas company,property_value_update
1994318170,119,Q16386$47fe40f8-fbca-44e9-818c-090494432412,place of burial,Marie Poussepin,"""Q1138842""",Sainville,"""Q646609""",Dourdan,property_value_update,"commune in Eure-et-Loir, France","commune in Essonne, France",property_value_update
1366411543,31,Q9386$ca8123ee-47c1-129d-bea2-e805a432355b,instance of,urethra,"""Q4936952""",anatomical structure,"""Q103812529""",organ type,property_value_update,entity with a single connected inherent 3D shape that's created by coordinated expression of the organism's own DNA,metaclass for collections of tissues joined as a structural unit that serves a common function,refinement
293719293,286,q208228$01CD6FA8-58E9-4EE6-8360-B80FB8815056,head coach,Stade de Reims,"""Q128782""",Hubert Fournier,"""Q3351091""",Olivier Guégan,property_value_update,French association football manager and former player,French football player and manager,property_value_update
1034024687,106,Q231713$fb3c0bff-48c9-be02-4854-c8cbc094afca,occupation,caucheteut,"""Q486748""",pianist,"""Q17125263""",YouTuber,property_value_update,musician who plays the piano,person that produces videos on YouTube,property_value_update
2164154214,176,q59802$DD81BDB0-EBBB-4E94-968B-0C4AB5B4DE9C,manufacturer,iPad (1st generation),"""Q463094""",Foxconn,"""Q312""",Apple Inc.,property_value_update,Taiwanese multinational electronics contract manufacturer,"American multinational technology company based in Cupertino, California",property_value_update
1416378777,31,q270839$1EB5052A-4933-43A9-9D89-9C7D16088A85,instance of,Mikoyan-Gurevich MiG-9,"""Q15056993""",aircraft family,"""Q11436""",aircraft,property_value_update,group of related aircraft models sharing the same basic design,machine that is able to fly by gaining support from the air other than the reactions of the air against the earth’s surface,unrefinement
1204852104,31,Q309078$95BDD823-ECF7-4DBB-A6DF-E04B7BFE101B,instance of,wide-body airliner,"""Q1875621""",aircraft class,"""Q11436""",aircraft,property_value_update,set of aircraft characteristics defined for certain purposes,machine that is able to fly by gaining support from the air other than the reactions of the air against the earth’s surface,unrefinement
6767237,19,q23342$8BBABED7-AF73-4C55-A849-0D860640ADE5,place of birth,Edmund Barton,"""Q3108634""",Glebe Dirty Reds,"""Q2296779""",Glebe,property_value_update,Australian rugby league football club,"suburb of Sydney, New South Wales, Australia",unrefinement
11775287,102,q129774$4E13FDFB-946C-4EFD-9E47-EC1A4847D4DF,member of political party,Michel Delebarre,"""Q3366757""",French Socialist Party,"""Q170972""",Socialist Party,property_value_update,French political party active 1919-1935,French political party (1969–present),unrefinement
1840388527,1412,Q9021$22377EFE-4CF6-4F87-94F2-743FB6FEC3A5,"languages spoken, written or signed",Max Planck,"""Q188""",German,"""Q1321""",Spanish,property_value_update,West Germanic language spoken mainly in Central Europe,Romance language originating in the Iberian Peninsula,property_value_update
1506531682,495,Q188374$ea4119de-49b8-1389-23fb-c952d2d061b8,country of origin,Festivali i Këngës,"""Q467864""",People's Socialist Republic of Albania,"""Q222""",Albania,property_value_update,Marxist-Leninist government of Albania (1946–1992),country in southeastern Europe,unrefinement
1206610953,40,Q464264$F79AFE91-D7B3-42C5-9208-2516228D6F56,child,Rosalía de Castro,"""Q21816268""",Alejandra Murguía,"""Q4714432""",Alejandra,property_value_update,,female given name,property_value_update
2303107409,31,Q168446$b3614bba-415c-a096-51aa-dfb7624f935c,instance of,Low Saxon,"""Q34770""",language,"""Q1208380""",dialect group,property_value_update,"particular system of communication, often named for the region or peoples that use it",group of related dialects,refinement
12329642,21,q316556$4CAB34D4-027A-4EF6-B4A0-084C875A7118,sex or gender,János Arany,"""Q44148""",male organism,"""Q43445""",female organism,property_value_update,male animal or plant,organism of the female sex,property_value_update
180403972,166,Q107337$23ED0BFC-D515-423C-9D5C-30E961A8D27B,award received,Joseph Maximilian von Maillinger,"""Q15056038""",Order of Merit,"""Q156478""",Pour le Mérite,property_value_update,French military and civil medal,Kingdom of Prussia's highest order of merit,property_value_update
2153743322,156,Q245052$ABAFD2C3-96F5-4F63-BA0A-E6FF613ADCB1,followed by,Radical 173,"""Q245052""",Radical 173,"""Q245259""",Radical 175,property_value_update,Chinese character radical,Chinese character radical,property_value_update
6805957,40,q153956$FE7B9A60-76ED-4C09-8713-1FE400B1E5BC,child,Albert I of Germany,"""Q80879""","Agnes of Austria, Queen of Hungary","""Q272413""",Agnes of Austria,property_value_update,"Hungarian queen consort; Duchess of Carinthia, died 1182",Queen of Hungary; House of Habsburg member,property_value_update
2043489416,176,Q381153$DA00DF76-3C68-4A72-8CA0-116481D0BFCE,manufacturer,Aermacchi MB-326,"""Q956756""",Alenia Aermacchi,"""Q4577956""",Aermacchi,property_value_update,Italian company active in the aeronautics sector,former Italian aircraft manufacturer,property_value_update
834280883,197,Q75393$f22f8ba9-483e-343a-13ff-7f6298188dd8,adjacent station,Chengshou Si station,"""Q5443701""",Fenzhongsi station,"""Q898095""",Songjiazhuang station,property_value_update,"Beijing Subway station in Fengtai, Beijing","Beijing Subway station in Fengtai, Beijing",property_value_update
421292913,19,Q335443$3E1152B7-8312-4654-92AD-881745F8ACC4,place of birth,Al-Mu'izz li-Din Allah,"""Q466054""",Mahdia,"""Q2427023""",Kutama,property_value_update,"place in Mahdia Governorate, Tunisia",berber tribe in northern Algeria,property_value_update
1344863670,734,Q83517$f13d878f-40ca-58e3-1563-e8bb66337e9e,family name,"Mary Talbot, Countess of Shrewsbury","""Q13590682""",Talbot,"""Q16865452""",Cavendish,property_value_update,family name,family name,property_value_update
8995315,183,q302252$031A3939-51E9-4F04-9A21-E467A43709ED,endemic to,Checkered pupfish,"""Q2776455""",Mexico Pavilion,"""Q96""",Mexico,property_value_update,pavilion of World Showcase in Epcot,country in North America,property_value_update
969927829,734,Q58130$42598700-468a-9b93-b9fd-6eb81c9e5091,family name,Michèle Alliot-Marie,"""Q23817408""",Alliot-Marie,"""Q21509214""",Alliot,property_value_update,family name,family name,property_value_update
2187751651,106,q310783$FE533C52-8363-4706-9F22-5A7885674959,occupation,Lodovico Ferrari,"""Q574578""",Nazi,"""Q170790""",mathematician,property_value_update,"adherents of Nazism, or members of the Nazi Party",person with an extensive knowledge of mathematics,property_value_update
5792385,30,q5758$2A9787C5-83D9-43A1-B502-7C0B2FAE5A11,continent,Bad Aibling,"""Q193089""",Europa Island,"""Q218640""",Europa,property_value_update,island in the Scattered Islands in the Indian Ocean,family of European rockets,property_value_update
456482113,495,Q5378$C5CC5E07-8D42-4C21-8BD5-FE92B4082E74,country of origin,rugby,"""Q5378044""",England national football team results – unofficial matches,"""Q21""",England,property_value_update,,"country in north-west Europe, part of the United Kingdom",property_value_update
874053485,31,Q13295$2f18cdf2-4753-3916-61d9-e1d04e849587,instance of,South Estonian,"""Q25295""",language family,"""Q2630831""",supradialect,property_value_update,group of languages related through descent from a common ancestor,dialectological category between the levels of language and dialect,property_value_update
129836911,131,q36454$F511F261-3290-494D-9D7E-69183D36992E,located in the administrative territorial entity,Narita International Airport,"""Q170616""",Chiba,"""Q273798""",Narita,property_value_update,"city in Chiba prefecture, Japan","city in Chiba prefecture, Japan",property_value_update
654456444,279,Q21102$c3a288d3-4e49-6b08-190b-6d206f59a180,subclass of,beagle,"""Q144""",dog,"""Q202691""",doge,property_value_update,domestic animal,chief of state in Italian city-states,property_value_update
1860947776,136,Q393501$5D5AD938-F32F-44A9-B16B-B7534DB4AB7D,genre,Captain Harlock,"""Q15712918""",adventure anime and manga,"""Q1436734""",adventure,property_value_update,anime and manga genre,exciting or unusual experience,unrefinement
1008304554,22,Q102513$b168cf0d-4b66-efee-5e71-bc907fdb05fa,father,Harriet Beecher Stowe,"""Q5386561""",Eric Garris,"""Q456454""",Lyman Beecher,property_value_update,American activist,American Presbyterian minister and American Temperance Society co-founder (1775–1863),property_value_update
9535520,30,q21$CA436197-B217-45C1-A677-7B867631F62B,continent,England,"""Q689442""",SS Europa,"""Q2072521""",Europa,property_value_update,ship built in 1930,Seville Metro station,property_value_update
232288025,39,Q259591$9134a54a-469b-911d-658d-5882afcc6a01,position held,Gyula Szapáry,"""Q14212""",prime minister,"""Q651024""",list of prime ministers of Hungary,property_value_update,most senior minister of cabinet in the executive branch of government in a parliamentary system,Wikimedia list article,property_value_update
1594856557,2348,Q106026$C0478D12-8B73-4EAF-8656-32CBDFFF5448,time period,Arius,"""Q486761""",classical antiquity,"""Q2886278""",Low Roman Empire,property_value_update,age of the ancient Greeks and Romans,historical period (ca. 235 to 476 AD),refinement
2000891268,5769,Q388841$32588b09-4224-2eed-0eba-50d457b49dff,editor-in-chief,Aftenposten,"""Q7842337""",Trine Eilertsen,"""Q123239341""",Elling Kristoffersen,property_value_update,Norwegian newspaper editor,the first editor of Aftenposten,property_value_update
222217023,27,Q235766$D75B4C06-E362-4001-A8AA-906A8979A6B7,country of citizenship,Alexander Guruli,"""Q212""",Ukraine,"""Q230""",Georgia,property_value_update,country in Eastern Europe,country in the Caucasus,property_value_update
1848301193,27,Q57708$2a8dd0a9-4b1f-d80a-de72-6149d41f9db4,country of citizenship,Arthur Liebehenschel,"""Q7318""",Nazi Germany,"""Q41304""",Weimar Republic,property_value_update,Germany from 1933 to 1945 while under control of the Nazi Party,Germany in the years 1918/1919–1933,property_value_update
628000276,27,q115810$774EA118-1DC7-4FC4-B60F-5908D5446635,country of citizenship,Abraham Trembley,"""Q39""",Switzerland,"""Q23366230""",Republic of Geneva,property_value_update,country in Central Europe,former country in Europe,property_value_update
807091471,27,Q270740$B906A69F-78BC-4319-B46C-F6845CF25A1B,country of citizenship,Samuel of Bulgaria,"""Q219""",Bulgaria,"""Q203817""",First Bulgarian Empire,property_value_update,country in Southeast Europe,medieval Bulgar-Slavic and later Bulgarian state that existed in Southeastern Europe between the 7th and 11th centuries AD.,property_value_update
9367872,30,q7253$FED26976-6122-4877-A5D5-D303E2B113B7,continent,Padang,"""Q4806331""",Asia (1818),"""Q210718""",Asia,property_value_update,merchant ship built in 1818,Roman province,property_value_update
1320894300,31,Q16566$1c6dd121-4f62-ca67-ef2a-ce0f929e6683,instance of,Chehel Sotun,"""Q35112127""",historic building,"""Q570116""",tourist attraction,property_value_update,structure of historic nature,place of interest where tourists visit,property_value_update
1889814809,735,Q231549$524DE0D3-25A9-4780-9844-7E53C4C38099,given name,Anne Bonny,"""Q3809847""",Jolyne Cujoh,"""Q47860848""",Anne,property_value_update,fictional character from JoJo's Bizarre Adventure,male given name,property_value_update
5807694,36,q57251$80FF2051-495C-433C-B558-2F94798B1E82,capital,Taiwan,"""Q699391""",history of Taipei,"""Q1867""",Taipei,property_value_update,aspect of history,special municipality and capital city of Taiwan,property_value_update
369038034,37,q414$b60fd5c6-4ec0-d23c-e610-eab7b9cd657f,official language,Argentina,"""Q899213""",Spanish Argentines,"""Q1321""",Spanish,property_value_update,Argentine citizens of Spanish descent,Romance language originating in the Iberian Peninsula,property_value_update
9899020,19,q11107$83F7F86E-F738-41C4-BB1E-F5194C4EEB1C,place of birth,Sonia Sotomayor,"""Q18426""",The Bronx,"""Q522431""",Bronx,property_value_update,"borough of New York City, New York, United States",Wikimedia disambiguation page,property_value_update
999418435,19,q188385$E82C5F99-68CF-46E7-8273-B446054D17F8,place of birth,Gertrude Stein,"""Q4731362""",Allegheny West,"""Q1752800""",Allegheny,property_value_update,"historic neighborhood in Pittsburgh, Pennsylvania","former municipality in Allegheny County, Pennsylvania, United States",property_value_update
246346349,735,Q317279$2B6FF867-CA15-48AD-A3AD-A2F9D8177A8E,given name,Owain Glyndŵr,"""Q3887735""",Owen,"""Q1171555""",Owain,property_value_update,male given name,male given name,property_value_update
434610273,131,q270256$533222D8-8E14-4258-B71E-98762ED8CF52,located in the administrative territorial entity,Puisserguier,"""Q772740""",canton of Capestang,"""Q512962""",canton of Saint-Pons-de-Thomières,property_value_update,canton of France (until March 2015),canton of France,property_value_update
1795769795,452,Q169552$3F35BD38-6863-4249-8666-AF2000A46AED,industry,Haribo,"""Q5159627""",confection,"""Q56254772""",confectionery industry,property_value_update,elaborate sweets or baked goods,industry,property_value_update
670750617,31,Q663$44542518-4a9f-95f8-39b8-e171c7a03831,instance of,aluminium,"""Q41666258""",No metal cofactor in orotidine 5'-monophosphate decarboxylase,"""Q11426""",metal,property_value_update,scientific article published on May 1999,"element, compound, or alloy that is a good conductor of both electricity and heat",property_value_update
26016333,107,q312112$D0905B53-E1FD-4C22-BC64-DC2969BA2D78,Main type of item (entity) / Art des Objekts / Type principal,Cosmic Gate,"""Q215627""",person,"""Q43229""",organization,property_value_update,"being that has certain capacities or attributes constituting personhood (for humans, use Q5 [human] with P31 [instance of])",social entity established to meet needs or pursue goals,property_value_update
674238535,1995,Q101971$6703176B-C2AF-49EB-A339-51FC097DE96B,health specialty,wart,"""Q788926""",infectious diseases,"""Q171171""",dermatology,property_value_update,"medical specialty dealing with the diagnosis, control and treatment of infections","branch of medicine dealing with the skin, its structure, functions, and diseases",property_value_update
36657148,361,q1558$76c50be4-4cca-ae5b-77c9-00ee480c3d1e,part of,Kansas,"""Q1028671""",Midwest,"""Q186545""",Midwestern United States,property_value_update,"town in Natrona County, Wyoming, United States",one of the four U.S. geographic regions,property_value_update
60542458,131,q170497$BEDD8B00-8BED-41D9-97BB-4FAE3EF4EB50,located in the administrative territorial entity,Gloucester,"""Q25""",Wales,"""Q23165""",Gloucestershire,property_value_update,"country in north-west Europe, part of the United Kingdom",ceremonial county in England (use Q21694733 for administrative non-metropolitan county),property_value_update
5911530,69,q222441$07E86537-65CF-4E04-A721-8CC73285ADCD,educated at,Fernando Chui,"""Q624564""","California State University, Stanislaus","""Q815352""",California State University,property_value_update,"public university in Turlock, California, United States","public university system in California, United States",property_value_update
7277304,131,q18419$F9FE18A7-8164-4632-9CBC-95BB9CAEBE55,located in the administrative territorial entity,Brooklyn,"""Q3339042""",New York City,"""Q1251262""",New York,property_value_update,2003 studio album by the Peter Malick Group featuring Norah Jones,"town in Henderson County, Texas",property_value_update
6705910,102,q157$C14CDC9D-C71A-4245-B24B-2CDC25C1B71E,member of political party,François Hollande,"""Q2379359""",French Socialist Party,"""Q170972""",Socialist Party,property_value_update,political party in France (1902-05),French political party (1969–present),property_value_update
684571601,527,Q6973$A6C1503C-3344-417E-88B3-8627F2074C8E,has part(s),1820,"""Q16527584""",August 1820,"""Q16644679""",January 1820,property_value_update,month of 1820,month of 1820,property_value_update
538921123,27,q214407$C26AD1DB-4560-4966-9B56-B57CC6B0B4A4,country of citizenship,Félix Houphouët-Boigny,"""Q1008""",Ivory Coast,"""Q142""",France,property_value_update,sovereign state in West Africa,"country in Western Europe and other continents (through its overseas territories in America, Africa and Oceania)",property_value_update
9796180,47,q128186$FC8F5E44-A53B-4243-B92F-21B96DA13FC5,shares border with,Saitama Prefecture,"""Q1189121""",Tokyo Prefecture,"""Q1490""",Tokyo,property_value_update,former prefecture in Japan (1869–1943),capital and largest city of Japan,property_value_update
1960795796,735,Q95378$054B3E45-2434-4A30-B6C4-AEEBF13D6820,given name,Sascha Anderson,"""Q3473768""",Sascha,"""Q923""",Alexander,property_value_update,unisex given name,male given name,property_value_update
1849083380,31,Q181222$a87dc098-48bb-c595-64df-660845ba5a17,instance of,GNUstep,"""Q241317""",computing platform,"""Q20825628""",GNU package,property_value_update,environment in which a piece of software is executed,name given to free software distributed by the GNU project,property_value_update
1699912245,171,Q26974$D0231960-1049-445B-AB4D-4818B4253FA1,parent taxon,Sylvia communis,"""Q12814009""",Curruca,"""Q1293045""",Sylvia,property_value_update,genus of birds,genus of birds,property_value_update
2017381660,20,Q375932$55A996D2-C091-4C66-8EAE-91B69DF4E658,place of death,Henri Toivonen,"""Q213555""",Corte,"""Q1087796""",Castirla,property_value_update,"French commune in Haute-Corse, Corsica","commune in Haute-Corse, France",property_value_update
1887576989,734,Q467062$9F0A5608-415A-4F6C-A9AF-0C3FFF55C53E,family name,Judah Leon Abravanel,"""Q2821898""",Famille Abravanel,"""Q76484336""",Abravanel,property_value_update,Jewish family,family name,property_value_update
973188185,735,Q80306$031E39A4-7277-4AED-ABA2-3B2687B283F2,given name,Giorgio Chiellini,"""Q12900074""",Giorgio,"""Q18020485""",Giacomo,property_value_update,male given name,male given name,property_value_update
719220674,735,Q154240$7381B12B-440A-44E1-BD60-4DCCD612FDAC,given name,Yemelyan Pugachev,"""Q8052073""",Yemelyan,"""Q831814""",Emilian,property_value_update,given name,male given name,property_value_update
1814990044,19,Q443500$CFB8839B-9CCF-4E9A-8A9C-8A1C1A8074BA,place of birth,Ilija Jorga,"""Q3711""",Belgrade,"""Q60""",New York City,property_value_update,capital of Serbia,most populous city in the United States,property_value_update
1473397212,413,Q47778$34BB755C-C64B-4F22-8AD6-6BB0C2D4202C,position played on team / speciality,Gary Lineker,"""Q8025128""",wing half,"""Q280658""",forward,property_value_update,association football position,association football position played near the opponent's goal,property_value_update
9770432,19,q5673$A9BCD1A0-E153-4616-AC21-0BEBC741268C,place of birth,Hans Christian Andersen,"""Q211912""",Odense Boldklub,"""Q4331370""",Odense,property_value_update,"association football club in Odense, Denmark",Wikimedia disambiguation page,property_value_update
1100937265,735,Q377469$78D12352-D567-41C0-8152-0DD51F54096A,given name,John the Russian,"""Q830350""",Ivan,"""Q17125945""",Ioann,property_value_update,male given name,male given name,property_value_update
641703052,735,Q75112$36FF7978-E223-4540-A282-322100CE321A,given name,Princess Alexandrine of Prussia,"""Q75112""",Princess Alexandrine of Prussia,"""Q20025005""",Alexandrine,property_value_update,Princess and first down's syndrome child to attend the first school for the handicapped (1915-1980),female given name,property_value_update
1281443792,734,Q102442$8BABAB82-00B1-4177-9B18-57E847EBDAC6,family name,Burkard Hillebrands,"""Q3785635""",Hillebrand,"""Q83495000""",Hillebrands,property_value_update,family name,family name,property_value_update
1294535507,19,Q60790$224BAC75-6541-4F95-8BC2-9D9A7F3A8D3F,place of birth,Jordan of Saxony,"""Q2971""",Paderborn,"""Q486556""",Dassel,property_value_update,"city in North Rhine-Westphalia, Germany",town of Germany,property_value_update
377866670,20,q475$05C4E9A0-D804-4D32-9F1D-9C48CE911320,place of death,Eduardo Frei Montalva,"""Q2887""",Santiago,"""Q2868""",Lima,property_value_update,capital city of Chile,capital and largest city of Peru,property_value_update
6617845,40,q345$48BE09D2-42E0-4821-BD38-0C0BFE2FC77D,child,Mary,"""Q51666""",historical Jesus,"""Q225149""",Jesus,property_value_update,Jesus as a historical person,Wikimedia disambiguation page,property_value_update
150518206,31,Q6567$3F80A383-E933-4CB1-A09F-6453E2C9229A,instance of,Godzilla,"""Q11424""",film,"""Q95074""",character,property_value_update,"sequence of images that give the impression of movement, stored on film stock",fictional human or non-human character in a narrative work of art,property_value_update
1279269928,800,Q254$3D922C66-4A57-45E3-930B-D121F16E9799,notable work,Wolfgang Amadeus Mozart,"""Q12025""",Eine kleine Nachtmusik,"""Q5064""",The Magic Flute,property_value_update,composition by Wolfgang Amadeus Mozart,1791 opera by Wolfgang Amadeus Mozart,property_value_update
597241495,31,Q4878$e9fa0c89-4a31-f092-6178-66af8f183ec1,instance of,Juracán,"""Q82799""",name,"""Q178885""",deity,property_value_update,word or phrase used for identification,"natural or supernatural god or goddess, divine being",property_value_update
2239185799,17,Q157217$2ECF19D7-A212-47A6-B1DD-CDE6DE711C32,country,House of Hanover,"""Q183""",Germany,"""Q12548""",Holy Roman Empire,property_value_update,country in Central Europe,multi-ethnic complex of territories in Western and Central Europe (800/962–1806),property_value_update
1797352024,735,Q256776$CCAF030C-9F4B-4BE8-81A0-80ECC9108F02,given name,Maria Bonnevie,"""Q325872""",Maria,"""Q666578""",Anna,property_value_update,female given name,female given name,property_value_update
1096775058,106,Q236513$1C7DA9E1-8EEF-4A58-AA80-79B014BB014B,occupation,Christy Hemme,"""Q19204627""",American football player,"""Q13474373""",professional wrestler,property_value_update,athlete who plays American football,sportspersons taking part in professional wrestling,property_value_update
1377242924,463,Q449835$2c762bc0-41a8-3e86-3335-08b4dd226ea2,member of,Marie Guyart,"""Q21750260""",Ursulines of the Canadian Union,"""Q3552493""",Ursulines of Quebec,property_value_update,Roman Catholic religious congregation for women,"historic convent in Old Quebec, turned religious museum and teaching centre",property_value_update
46488272,31,q377950$124E1E70-525D-43ED-BEBA-2D76E40C94AF,instance of,Zaïre,"""Q571""",book,"""Q25379""",play,property_value_update,medium for recording information (words or images) typically on bound pages or more abstractly in electronic or audio form,"theatrical dramatic work intended to be performed by actors (in theatre, radio or recorded for TV)",property_value_update
1751173756,1889,Q194426$3E5262AD-C76A-49BB-B8C4-FABFBDA025E7,different from,Dusky caenolestid,"""Q15622260""",Opryshoks,"""Q11242506""",highwayman,property_value_update,brigand and rebel movement in the Carpathians,"mounted robber who steals from travellers, an archaic term",property_value_update
28680379,141,q309228$ABE77CE8-2ADB-496B-B04D-AA6B34A04822,IUCN conservation status,Amastra tenuispira,"""Q123509""",extinction,"""Q237350""",extinct species,property_value_update,termination of a taxon by the death of its last member,IUCN conservation category,property_value_update
148604270,31,Q681$6a6dcc5e-439d-21e2-452e-22f6abeef32c,instance of,Warsaw University of Life Sciences,"""Q729296""",Technical University of Cluj-Napoca,"""Q3551857""",Technical University,property_value_update,university,Wikimedia disambiguation page,property_value_update
1172744019,20,q375915$9F2CAC61-C809-402E-BCAC-7E017A743EE4,place of death,Louis Cazamian,"""Q90""",Paris,"""Q1106543""",Saint-Haon-le-Châtel,property_value_update,capital city and largest city of France,"commune in Loire, France",property_value_update
786286079,27,Q336146$3cf1680b-d720-4561-a2e4-8d67be463a2c,country of citizenship,Abu al-Ghazi Bahadur,"""Q43""",Turkey,"""Q491106""",Khanate of Khiva,property_value_update,country in West Asia and Southeast Europe,former country,property_value_update
17719066,107,q193006$B0921EB8-BD2D-4A94-8182-58B85B36154D,Main type of item (entity) / Art des Objekts / Type principal,Oligochaeta,"""Q16521""",taxon,"""Q1969448""",term,property_value_update,"group of one or more organism(s), which a taxonomist adjudges to be a unit",word or phrase from a specialized area of knowledge,property_value_update
344689696,279,Q1713$dcf1e209-4bcb-c5aa-8720-e159db8ac3fd,subclass of,citation,"""Q1334113""",reference data type,"""Q121769""",reference,property_value_update,value that gives indirect access to e.g. a variable or register,"relationship between objects in which one object designates, or acts as a means by which to connect to or link to, another object",property_value_update
119306368,279,q209$4CB22432-256B-4B23-AA08-D3305FA1A2D3,subclass of,rectangle,"""Q1064389""",tangential quadrilateral,"""Q692086""",cyclic quadrilateral,property_value_update,quadrilateral whose sides are all tangent to a single circle interior to it,quadrilateral whose vertices can all fall on a single circle,property_value_update
680669422,19,Q34965$7514A954-0362-4DD2-8C85-104BBBE033A9,place of birth,Jeri Ellsworth,"""Q1003826""",Yamhill,"""Q1428""",Georgia,property_value_update,"city in Oregon, USA",state of the United States of America,property_value_update
217200820,991,Q215622$19304FC1-646D-4CC7-B81A-2B35B569A090,successful candidate,2010 United Kingdom general election,"""Q192""",David Cameron,"""Q9626""",Conservative Party,property_value_update,British politician (born 1966),centre-right to right-wing political party in the United Kingdom,property_value_update
6148465,20,q229434$9E06ED7A-2CC9-4528-976D-ED4A27DDE0EE,place of death,Bona Sforza,"""Q200453""",Bari people,"""Q3519""",Bari,property_value_update,"ethnic group in the Democratic Republic of the Congo, South Sudan, and Uganda","Italian city, capital of the Apulia region",property_value_update
2117553247,171,Q193498$35490554-02AC-46CE-8B0B-D20038B92769,parent taxon,Allium ascalonicum,"""Q23485""",Allium cepa,"""Q49391""",Allium,property_value_update,species of plant,Genus of flowering plants,unrefinement
1103101245,840,Q386305$874915BF-95EA-441A-95EF-CD657807EF07,narrative location,The First Man,"""Q218272""",French Algeria,"""Q262""",Algeria,property_value_update,French colony in Northern Africa from 1830 to 1962,country in North Africa,property_value_update
238743046,27,Q257879$47A480F0-1749-40BE-82C2-3886EAAE0663,country of citizenship,Lev Artsimovich,"""Q15180""",Soviet Union,"""Q34266""",Russian Empire,property_value_update,former country in Eurasia (1922–1991),former empire in Eurasia and North America (1721–1917),property_value_update
1820313350,190,Q33342$CB5BFD8A-9F22-432C-BF7A-E43D9D1B4135,twinned administrative body,Bila Tserkva,"""Q156724""",Kremenchuk,"""Q106281""",Tarnów,property_value_update,city in central Ukraine,City with powiat rights of Poland,property_value_update
584079417,136,Q130585$28674A3A-4B3E-4AC5-B8B5-D8C811D36196,genre,Supernatural,"""Q132311""",fantasy,"""Q40831""",comedy,property_value_update,"genre of speculative fiction set in a fictional universe, often inspired by real world myth and folklore",genre of works intended to be humorous,property_value_update
126081783,19,q9696$67F44F94-EC13-461C-924C-66F8955D4FFE,place of birth,John F. Kennedy,"""Q9046713""",Muricaria,"""Q49142""",Brookline,property_value_update,genus of plants,"town in Massachusetts, United States",property_value_update
140268634,132,q268949$AB1F3540-D2DB-441F-9093-63E4F494C37A,type of administrative division,Kanem Department,"""Q271175""",Lee McConnell,"""Q2711758""",department of Chad,property_value_update,Scottish athlete,administrative territorial entity of Chad,property_value_update
1304487629,1303,Q275927$E14A5E22-6A66-471A-95C5-2EBF8AAA95EF,instrument,Randy Crawford,"""Q27939""",singing,"""Q17172850""",voice,property_value_update,act of producing musical sounds with the voice,human voice as musical instrument,property_value_update
284575453,27,Q130531$EF21A6D3-2CC4-4B02-9900-332495DF66D5,country of citizenship,Hieronymus Bosch,"""Q55""",Netherlands,"""Q159856""",Duchy of Brabant,property_value_update,country in Northwestern Europe with territories in the Caribbean,State of the Holy Roman Empire,property_value_update
5796928,17,q10557$62771AEB-38EB-42C5-97AA-32274BE838A7,country,Swabia,"""Q675430""",new states of Germany,"""Q183""",Germany,property_value_update,five re-established states in former East Germany that acceded to the Federal Republic of Germany with its 10 states upon German reunification on 3 October 1990,country in Central Europe,property_value_update
756271179,27,q214966$17F05812-780B-4D3F-BB1B-8F394C9D36EF,country of citizenship,"Frederick Ferdinand, Duke of Anhalt-Köthen","""Q183""",Germany,"""Q38872""",Prussia,property_value_update,country in Central Europe,"common term for the Duchy, the Kingdom and the Free State of Prussia (1525–1947)",property_value_update
596599323,31,Q219412$220F648A-B2D0-4484-8699-2718E0DDA0C6,instance of,Huitzilopochtli,"""Q32066628""",Aztec deity,"""Q1183652""",cuteness,property_value_update,deity of Aztec mythology,subjective term describing a type of attractiveness commonly associated with youth and appearance,property_value_update
10298134,127,q866$0DDE4CC5-D67C-40A8-9E19-58B1E85FB719,owned by,YouTube,"""Q9366""",Google Search,"""Q95""",Google,property_value_update,search engine by Google LLC,"American multinational technology company, a subsidiary of Alphabet Inc.",property_value_update
421370413,286,q19490$25EEBF0F-6D98-48D4-B36F-8B36AF6AE693,head coach,Nottingham Forest F.C.,"""Q863076""",Billy Davies,"""Q746357""",Philippe Montanier,property_value_update,Scottish association football player and manager (born 1964),French football manager and former player (born 1964),property_value_update
781157954,140,Q9130$2f71a8e9-ccd4-4fb4-b8d4-5457d252b0b0,religion or worldview,Erwin Schrödinger,"""Q1841""",Catholicism,"""Q13211738""",atheist,property_value_update,Christian doctrine professed by the Catholic Church,person who adheres to atheism,property_value_update
1757359722,22,Q313224$2584326a-4dfb-3d5f-cca9-a4ec9ff848a2,father,Baasha,"""Q2590260""",Ahijah the Shilonite,"""Q114841071""",Ahijah,property_value_update,biblical prophet in the Old Testament (First Book of Kings),Father of King Baasha of Israel,property_value_update
1175941230,2359,Q380857$3EC7567C-E418-46A1-A7E1-CC0506EEEF5B,nomen gentilicium,Aemilia Scaura,"""Q380886""",Aemilia gens,"""Q32979104""",Aemilia,property_value_update,Roman gens,ancient Roman nomen,property_value_update
6825851,106,q203268$FD669DBC-3E33-4A22-B8A1-F63D3AF90F6C,occupation,Michael C. Hall,"""Q3201435""",The Actor,"""Q33999""",actor,property_value_update,film directed by Mohsen Makhmalbaf,"person who acts in a dramatic or comic production and works in film, television, theatre, or radio",property_value_update
2261807414,1142,Q106258$aab46e63-46dc-69c5-90a2-52534406ac6a,political ideology,Adolf Schmidt,"""Q16003550""",pacifist,"""Q58848""",pacifism,property_value_update,person commited to pacifism,opposition to war and violence,property_value_update
370574678,412,Q43432$B8948736-3C56-4E84-8504-633EA45BD9E3,voice type,Justin Timberlake,"""Q27914""",tenor,"""Q223166""",countertenor,property_value_update,"voice type, male singing voice",high classical male singing voice,refinement
1984781079,37,Q49683$c340344a-437d-ce40-26a3-65a1b47fb7af,official language,Grand Duchy of Lithuania,"""Q9083""",Lithuanian,"""Q397""",Latin,property_value_update,Baltic language spoken in Lithuania,Indo-European language of the Italic branch,property_value_update
955417548,286,Q182740$F9F6BBBE-A85C-4FC3-879C-A8C05FF163CE,head coach,Serbia men's national football team,"""Q294351""",Siniša Mihajlović,"""Q167398""",Mladen Krstajić,property_value_update,Serbian football player and manager (1969–2022),Serbian football manager and former footballer,property_value_update
10499186,27,q230874$9F08F046-E9B1-425C-B839-C173EC0A2E21,country of citizenship,Anna Hazare,"""Q6019237""",India East Syriac ecclesiastical province,"""Q668""",India,property_value_update,ecclesiastical province of the Church of the East (East Syriac ecclesiastical province),country in South Asia,property_value_update
2078657341,20,q188962$4EC887E3-A823-4D99-923D-2E678D686A86,place of death,James Naismith,"""Q493840""",Lawrence,"""Q64""",Berlin,property_value_update,"city in and county seat of Douglas County, Kansas, United States","federated state, capital and largest city of Germany",property_value_update
71164720,910,Q7075$0D6297E3-11E2-41FE-A6C0-1974D96BD835,topic's main category,library,"""Q6940443""",Category:Libraries by country,"""Q8588607""",Category:Libraries,property_value_update,Wikimedia category,Wikimedia category,unrefinement
1334065030,31,Q180012$1faf323a-414f-6ec0-eac2-7fcce43c7088,instance of,Behistun Inscription,"""Q333109""",Überrest,"""Q22022298""",rock relief,property_value_update,term from the German historical scholarship: a \inadvertently\ produced source,relief sculpture carved into solid rock,property_value_update
2350858490,527,Q204752$71943513-6365-4FD5-A486-52026E52C9FB,has part(s),Danish Superliga,"""Q641710""",2009 Tippeligaen,"""Q1086989""",2009–10 Danish Superliga,property_value_update,football tournament season,20th season of the Danish football championship,property_value_update
585992796,19,q77073$4D10D775-F159-4FDB-9F14-DCBC07BC387A,place of birth,Lothar Meyer,"""Q10712983""",Vare,"""Q496056""",Varel,property_value_update,"settlement in Varberg Municipality, Sweden","town in the district of Friesland, in Lower Saxony, Germany",property_value_update
520082027,27,Q328341$9D840A2A-4818-4085-AE52-CBD0FCF89A7F,country of citizenship,Robert Smithson,"""Q18418541""",Chile,"""Q30""",United States,property_value_update,"bus station in Buenos Aires, Argentina",country located primarily in North America,property_value_update
1883096842,1196,Q62924$25AD203F-0A3B-4939-B670-A076C8D53A56,manner of death,Franz Bäke,"""Q171558""",accident,"""Q21142718""",accidental death,property_value_update,unforeseen event that causes damage to a person or property,non-natural manner of death; in which victims die in an accidental way,refinement
1450678254,910,Q8678$FF2E95AF-4678-4BBC-B1B9-8D762E440CF3,topic's main category,Rio de Janeiro,"""Q8663409""",Category:Rio de Janeiro (city),"""Q15216302""",Category:Rio de Janeiro,property_value_update,Wikimedia category,Wikimedia disambiguation category,refinement
418455869,17,q185318$655B0126-632C-4BFF-BEB3-6227DDE57B3A,country,Mount Carmel,"""Q23792""",Palestine,"""Q6087896""",Israel Kibirige Ssebunya,property_value_update,geographic region in western Asia,Ugandan academic,property_value_update
7080362,106,q9358$CAB96E80-F494-4E8C-9EA8-5AFD52C0E123,occupation,Friedrich Nietzsche,"""Q2489642""",list of philosophers,"""Q4964182""",philosopher,property_value_update,Wikimedia list article,person with an extensive knowledge of philosophy,property_value_update
7185253,19,q455126$217E6DE6-21F9-43D7-A15C-69F8934E3D01,place of birth,Torild Skogsholm,"""Q4380750""",Bodø Main Air Station,"""Q39383""",Bodø,property_value_update,"military air base in Bodø, Norway","settlement in Bodø Municipality, Norway",property_value_update
318339038,1995,Q12202$A6328F02-8817-4C62-8B05-66B73AEF32C2,health specialty,stroke,"""Q10379""",cardiology,"""Q83042""",neurology,property_value_update,branch of medicine dealing with disorders of the heart as well as parts of the circulatory system,medical specialty dealing with disorders of the nervous system,property_value_update
2251950126,735,Q72717$52A3E574-D2D7-470D-9FBB-710A7BBBD7D5,given name,Elia Kazan,"""Q16947019""",Elia,"""Q11878157""",Elias,property_value_update,unisex given name,male given name,property_value_update
2143738328,1399,Q70757$11e5b076-4fa6-41ee-970d-9351865eb91c,convicted of,Anton Kaindl,"""Q135010""",war crime,"""Q173462""",crime against humanity,property_value_update,individual act constituting a serious violation of the laws of war,grave wrongful act as part of a widespread or systematic attack directed against any civilian population,property_value_update
745657613,607,Q110810$E2333C06-7E46-4A86-AFB5-917A93B06B70,participated in conflict,Ernst Zörner,"""Q361""",World War I,"""Q362""",World War II,property_value_update,"global war originating in Europe, 1914–1918",1939–1945 global conflict,property_value_update
1344156324,1346,Q225137$158723be-4e12-715a-0e3e-2de952db160d,winner,2007 America's Cup,"""Q6116316""",Alinghi (SUI 100),"""Q688545""",Alinghi,property_value_update,Competition sailboat,Sailing competition syndicate,property_value_update
9812127,17,q1800$6AED0A65-AAA7-4486-8760-69CEE59D092B,country,Kochi,"""Q6019237""",India East Syriac ecclesiastical province,"""Q6019242""",India,property_value_update,ecclesiastical province of the Church of the East (East Syriac ecclesiastical province),British Army battle honour,property_value_update
51531499,20,q3044$e284e639-4724-1260-1481-ffed6a12fb76,place of death,Charlemagne,"""Q1007920""",Aachen I,"""Q1017""",Aachen,property_value_update,electoral constituency,"city in North Rhine-Westphalia, Germany",property_value_update
500809476,136,Q387259$91DA49AF-74AB-4D76-BA00-46D94F585473,genre,De Bello Africo,"""Q309""",history,"""Q30277550""",historiography,property_value_update,past events and their tracks or records,"written body or collection of historical research works on a particular subject realized by historians, also included among their own objects of studies",property_value_update
1329724623,141,q170598$5400C01F-EB41-45D9-BC93-127D5BAB04ED,IUCN conservation status,Andean Condor,"""Q719675""",Near Threatened,"""Q278113""",Vulnerable,property_value_update,IUCN conservation category,IUCN conservation category,property_value_update
276753031,47,Q83243$60934228-45df-c54e-b2c8-724206d61c6a,shares border with,Jebsheim,"""Q325085""",Holtzwihr,"""Q148166""",Riedwihr,property_value_update,"former commune in Haut-Rhin, France","former commune in Haut-Rhin, France",property_value_update
2017788811,27,Q272464$C261A41E-FDE8-4B02-A9FA-5D56A506C778,country of citizenship,Princess Elisabeth of Thurn and Taxis,"""Q183""",Germany,"""Q154195""",Kingdom of Bavaria,property_value_update,country in Central Europe,"kingdom in Central Europe between 1806 and 1918, from January 1871 part of the German Empire",property_value_update
402338961,279,Q56019$89c449f9-4e34-b2a9-660e-46ba7f81101e,subclass of,military rank,"""Q4120621""",rank,"""Q526719""",ranking,property_value_update,level in a hierarchy,process of ordering items in a set by criteria,property_value_update
761054107,19,Q307701$38F86EA9-F7A0-4F3C-BC1E-0F29AA9BE889,place of birth,Abdalá Bucaram Ortiz,"""Q2900""",Quito,"""Q43509""",Guayaquil,property_value_update,capital of Ecuador,city of Ecuador,property_value_update
1292517291,140,Q104622$0f9622ca-4a10-476a-ad14-cbd6a7124c17,religion or worldview,Tawakkol Karman,"""Q1841""",Catholicism,"""Q47740""",Muslim,property_value_update,Christian doctrine professed by the Catholic Church,adherent of the religion of Islam,property_value_update
1819101472,97,Q333662$cf63da59-8d90-46e0-8240-cd7aed9cec2a,noble title,"Thomas Osborne, 1st Duke of Leeds","""Q185902""",viscount,"""Q927300""",Duke of Leeds,property_value_update,title of nobility,title in the Peerage of England,property_value_update
2210968762,27,q61431$DB6223EC-E3AF-44D2-B62A-6470EA942EC0,country of citizenship,Ernest Frederick of Saxe-Coburg-Saalfeld,"""Q183""",Germany,"""Q700663""",Saxe-Coburg-Saalfeld,property_value_update,country in Central Europe,"Saxon duchy, 1735–1826",property_value_update
1734615861,31,Q188806$552810fb-4add-9431-40b0-0d3210902f9f,instance of,Kitakyushu,"""Q2264924""",port city,"""Q494721""",city of Japan,property_value_update,city or town which has a port,administrative division of Japan,property_value_update
1569689976,190,Q33292$B49AC5CD-148C-4429-89D8-0084C6EFD6ED,twinned administrative body,Berdiansk,"""Q33292""",Berdiansk,"""Q106583""",Bielsko-Biała,property_value_update,City and seaport in Ukraine,"city in Silesian Voivodeship, Poland",property_value_update
1695307434,27,Q2607$4aceb8f2-412f-668f-7fd4-60e107ce3ed1,country of citizenship,Erich Honecker,"""Q851""",Saudi Arabia,"""Q183""",Germany,property_value_update,country in West Asia,country in Central Europe,property_value_update
11388118,19,q78383$322E3E20-92C2-459B-8C28-0014816B2EE5,place of birth,Christian Alvart,"""Q656255""",Jugenheim in Rheinhessen,"""Q1305986""",Jugenheim,property_value_update,municipality of Germany,"part of Seeheim-Jugenheim in Darmstadt-Dieburg district, Hesse, Germany",refinement
2005601193,127,Q417431$BC7DD8BB-D1DB-4F46-AA23-B458C38F4E96,owned by,Aker Solutions,"""Q4700632""",Aker Holding,"""Q417391""",Aker,property_value_update,,Norwegian company,refinement
787071030,106,Q460125$a8fd31f3-4dd6-2c82-3bac-e13fbf858a8d,occupation,Ambush Bug,"""Q2873500""",adventurer,"""Q188784""",superhero,property_value_update,person who seeks adventures,type of stock character usually possessing \supernatural or superhuman powers\ and dedicated to protecting the public,property_value_update
5821575,19,q368226$08B32EE5-734D-404E-89F5-A5CE7CB49841,place of birth,Milan Bandić,"""Q3118167""","Grude, Hadžići","""Q1017931""",Grude,property_value_update,village in Bosnia and Herzegovina,town in Bosnia and Herzegovina,property_value_update
1387302851,31,q9674$fecfec87-4ef6-5fb5-652c-796d2c4987e5,instance of,2010 Winter Olympics,"""Q82414""",Winter Olympic Games,"""Q27020041""",sports season,property_value_update,major international multi-sport event,"season of a sports league or competition, generally a specific one year period",property_value_update
6725806,106,q359689$F76E7C80-766A-4543-9190-869DD9640AB7,occupation,Shaul Mofaz,"""Q1423891""",Christian minister,"""Q83307""",minister,property_value_update,function of service in Christianity,"politician who holds significant civil public office in a national or regional government, generally heading a ministry",property_value_update
672633119,527,Q7733$02b80fac-4069-fa60-f087-53a948082d97,has part(s),New York City Subway,"""Q22981655""",4 Train,"""Q126163""",4,property_value_update,instrumental track by Lloyd Cole; 2001 studio recording,New York City Subway service,property_value_update
2113780610,31,Q191682$c64642ba-4bd4-c451-1a2a-e3cf756bba3d,instance of,decomposition,"""Q1408288""",manufacturing process,"""Q2055044""",list of manufacturing processes,property_value_update,processes of production technology in which products from other goods are created,Wikimedia list article,property_value_update
921835386,136,Q324096$7398898a-4831-4f07-9260-c7314c018af7,genre,Jacob Binck,"""Q134307""",portrait,"""Q5448026""",figure painting,property_value_update,artistic representation of one or more persons,genre of painting,refinement
540907728,410,Q62213$37A3470A-4ECB-4101-9D69-BAB590BAF508,military or police rank,Hellmuth Stieff,"""Q152956""",brigadier general,"""Q16009153""",generalmajor,property_value_update,military rank in many countries,military rank of the German Bundeswehr,refinement
1396853692,264,q368668$038A9B11-7688-47B8-BA97-85B6BF678C10,record label,The Miracle,"""Q183412""",EMI,"""Q193023""",Capitol Records,property_value_update,defunct British music recording and publishing company,American record label,property_value_update
221718763,27,Q144303$039a3049-48ba-1ee0-f9d1-a7cc6df33cdc,country of citizenship,Lyudmila Gubkina,"""Q184""",Belarus,"""Q15180""",Soviet Union,property_value_update,country in Eastern Europe,former country in Eurasia (1922–1991),property_value_update
649476737,31,Q249960$0ced60b2-49e9-1cba-6c87-3859e256745f,instance of,Chouannerie,"""Q7278""",political party,"""Q8465""",civil war,property_value_update,organization that seeks to influence government policy and actions and be elected to directly take part on government or legislation,war between organized groups within the same sovereign state or republic,property_value_update
898734013,106,Q230430$C5BD769F-B17A-4AAA-BEB5-92A432BA15EE,occupation,Ai Takahashi,"""Q2259451""",stage actor,"""Q177220""",singer,property_value_update,actor who performs live before an in-person audience,person singing for a listening audience,property_value_update
1788044953,735,Q257706$A24C5DAD-15EB-4593-BD2C-56E0D2BF5A7E,given name,Euphrosyne of Polotsk,"""Q3734209""",Eufrosina,"""Q29551454""",Euphrosyne,property_value_update,female given name,female given name,property_value_update
1019864927,101,Q315349$b07b780c-c7a0-4b30-8b18-f0eeaaf05e10,field of work,Terry Eagleton,"""Q5891""",philosophy,"""Q459381""",literary theory,property_value_update,"study of the truths and principles of being, schools of thought, knowledge, or conduct",systematic study of the nature of literature,property_value_update
756369782,97,Q394709$1f962b49-7fd0-4b2d-bab1-6f604b348bc0,noble title,Isabella of Burgundy,"""Q16511993""",queen,"""Q119076""",list of German queens,property_value_update,class of female monarch,Wikimedia list article,property_value_update
1373119428,1411,Q189490$1348B473-7124-4050-B682-738E3148453D,nominated for,Jennifer Lawrence,"""Q106301""",Academy Award for Best Supporting Actress,"""Q103618""",Academy Award for Best Actress,property_value_update,award presented annually by the Academy of Motion Picture Arts and Sciences,award presented annually by the Academy of Motion Picture Arts and Sciences,property_value_update
1291199105,509,Q57774$B3C49607-6BD6-4153-A0F3-50C809C1EB15,cause of death,Klaus Nomi,"""Q28608836""",AIDS related disease,"""Q12199""",AIDS,property_value_update,non-neoplastic or neoplastic disorder arising as a result of the immunologic defects caused by Autoimmune Deficiency Syndrome,spectrum of conditions caused by HIV infection,property_value_update
284260750,105,q282487$A1BF5740-DF5B-47C4-831A-A8D272E9F1B9,taxon rank,Archosauriformes,"""Q2007442""",infraclass,"""Q713623""",clade,property_value_update,taxonomic rank,group of a common ancestor and all descendants,property_value_update
83779551,421,q25279$649e2550-49c5-a485-7c49-bbe1046631aa,located in time zone,Curaçao,"""Q5762""",UTC−04:00,"""Q2085376""",Atlantic Time Zone,property_value_update,identifier for a time offset from UTC of −4,time zone observing UTC−04:00 during standard time and UTC−03:00 during daylight saving time,property_value_update
214977108,27,Q344063$96C8CF16-8591-4276-AF4B-CAA8E72CF2F0,country of citizenship,Dmitry Sitkovetsky,"""Q159""",Russia,"""Q15180""",Soviet Union,property_value_update,country in Eastern Europe and Northern Asia,former country in Eurasia (1922–1991),property_value_update
1777856520,159,Q210692$B7126CB5-29B0-4258-BB34-E5C457BEC241,headquarters location,A Just Russia,"""Q649""",Moscow,"""Q1899""",Kyiv,property_value_update,capital and most populous city of Russia,capital and largest city of Ukraine,property_value_update
1387673527,131,Q301969$2b405d13-4987-13a9-4539-29c8e6a7815d,located in the administrative territorial entity,Munich–Treuchtlingen railway,"""Q10544""",Munich,"""Q10500""",Dachau,property_value_update,"rural district in Upper Bavaria, Bavaria, Germany","district of Upper Bavaria, Germany",property_value_update
496444966,54,Q312036$4F10D8FF-9DB5-4077-8AA3-06AFA1D93036,member of sports team,Yannis Fetfatzidis,"""Q44441""",Al-Ahli Saudi FC,"""Q2829200""",Al-Ahli,property_value_update,"football Club in Jeddah, Saudi Arabia",Jordanian football club,property_value_update
10519314,21,q312183$7B4EB4BB-FE56-4FBB-8709-055B33FF1630,sex or gender,Mamadou Sakho,"""Q44148""",male organism,"""Q6581097""",male,property_value_update,male animal or plant,to be used in sex or gender (P21) to indicate that the human subject is a male or semantic gender (P10339) to indicate that a word refers to a male person,refinement
205815954,279,Q177826$0efed5d6-4f3a-61eb-59e0-e297ae5b4051,subclass of,clergy,"""Q1423891""",Christian minister,"""Q16334295""",group of humans,property_value_update,function of service in Christianity,any set of human beings,unrefinement
1543614393,106,Q200890$7d3c03a6-4e02-c2ca-7889-d0ec0a7cff2d,occupation,Vivian Maier,"""Q936969""",nanny,"""Q472898""",wet nurse,property_value_update,person employed to take care of employer's children in the employer's home,woman employed to breastfeed and care for another's child,property_value_update
2235731568,853,Q150180$8610b7d9-4ae7-e706-0347-7f9ca5e0d529,CERO rating,Fire Emblem: The Blazing Blade,"""Q11389850""",A (All ages),"""Q127986181""",All Ages,property_value_update,CERO video game content rating,former CERO video game content rating,property_value_update
29980841,71,q177856$2c3959d0-4baa-ed7e-7f7c-62ac5f754479,family,Griffon Vulture,"""Q5829051""",Category:Accipitridae,"""Q25510""",Accipitridae,property_value_update,Wikimedia category,family of birds,property_value_update
253424944,106,q311750$1921A6AE-8A34-4277-B234-42D84484726C,occupation,Penn Badgley,"""Q4677718""",Actor model and process calculi,"""Q33999""",actor,property_value_update,closely related approaches within computer science,"person who acts in a dramatic or comic production and works in film, television, theatre, or radio",property_value_update
60835968,361,q18623$487a12cc-49eb-cc95-e68c-fc3c1e7b0bac,part of,1943,"""Q4630828""",Mormonism in the 20th century,"""Q6927""",20th century,property_value_update,,"time period between January 1, 1901, and ended on December 31, 2000",property_value_update
1799320283,31,Q207641$3e98364a-471b-d1cd-065a-37f904db57e4,instance of,Serrungarina,"""Q1134686""",frazione,"""Q115740682""",municipio,property_value_update,territorial subdivision of a comune in Italy,administrative divisions of Italy,property_value_update
977543516,19,Q328039$928F2EA6-5BFE-45D2-BD1E-B1927BD08969,place of birth,Miguel Ángel Martín,"""Q2807""",Madrid,"""Q12246""",Huelva,property_value_update,capital of Spain,"municipality and capital city of the Province of Huelva, Spain",property_value_update
1179520163,735,Q462473$c0937efc-4dd4-70c4-edcc-294ad7867767,given name,Willeke Alberti,"""Q416744""",Willy,"""Q46993311""",Willeke,property_value_update,Wikipedia disambiguation page,female given name,property_value_update
1755995944,735,q233205$6E70D414-758E-4637-A2B4-5B5AB6692FEB,given name,Aaron Ciechanover,"""Q66615366""",Aharon / Aaron,"""Q905085""",Aaron,property_value_update,male given name,male given name,refinement
2210280206,166,Q41390$013b785b-488a-bf01-a432-be56174dbf11,award received,Kurt Gödel,"""Q1287930""",Albert Einstein World Award of Science,"""Q577432""",Albert Einstein Award,property_value_update,Recognition and encouragement for scientific and technological research and development.,American science award for achievements in the natural sciences (1951–1979),property_value_update
836361069,166,Q319396$8529988E-92B9-43D8-90BB-D050427AFDAD,award received,Miklós Rózsa,"""Q22752868""",Academy Award for Best Original Dramatic or Comedy Score,"""Q22235329""",Academy Award for Best Original Dramatic Score,property_value_update,,,refinement
6522419,19,q134165$DB54CCC8-87E9-42FF-9492-9D084EB1383E,place of birth,Oscar Niemeyer,"""Q475557""",SS Rio de Janeiro,"""Q41428""",Rio de Janeiro,property_value_update,cargo steamship,state in the Southeast Region of Brazil,property_value_update
738320163,106,Q318508$788527BB-21F6-4491-A9E2-79DE2D2D3E8C,occupation,Andrés Manuel López Obrador,"""Q82955""",politician,"""Q1921011""",president-elect,property_value_update,person who holds or seeks positions in government,person elected president who has yet to take office,refinement
14682773,20,q24524$D221DA75-A7A1-44E0-B2B3-D96C2D05A136,place of death,Karl von Harrach,"""Q992285""",Prag,"""Q1085""",Prague,property_value_update,,capital city of the Czech Republic,property_value_update
5846211,25,q124682$C4A03ACF-7AF4-42A4-AEC6-4819B923BEED,mother,"Valentina Visconti, Duchess of Orléans","""Q2363495""","Isabella of Valois, Duchess of Bourbon","""Q229901""",Isabella of Valois,property_value_update,French princess,Queen consort of England,unrefinement
680957913,155,q115446$25117F90-D9B7-4717-B9FE-CC638235D70A,follows,5th millennium,"""Q115439""",4th millennium BC,"""Q49860""",4th millennium,property_value_update,millennium between 4000 BC and 3001 BC,millennium,refinement
940304159,26,Q84412$e64cc11b-48f7-bd80-32df-59898dccefd9,spouse,Wilhelm Reich,"""Q36346772""",Ilse Ollendorf,"""Q20752182""",Elsa Lindenberg,property_value_update,peace activist (1909-2008),German dancer,property_value_update
1341710098,108,Q318057$65569529-423b-1024-c5f2-e1b95c13c25d,employer,Paolo Ruffini,"""Q174736""",destroyer,"""Q1500182""",USS Texas,property_value_update,warship type designed for escort duties against smaller vessels,1912 New York-class battleship,property_value_update
6029062,47,q1006$5F9CB8FE-D278-4583-8978-4B71DC665063,shares border with,Guinea,"""Q31101""",Liberia Canton,"""Q1014""",Liberia,property_value_update,"canton in Guanacaste province, Costa Rica",sovereign state in West Africa,property_value_update
31659458,26,q9458$0e4caf7a-48fd-fc41-e00c-30230160c7bb,spouse,Muhammad,"""Q4699129""",Aisha bint Ahmad al-Qurtubiyya,"""Q4730963""",Aisha,property_value_update,Andalusian writer and poet,Muhammad's third wife (c. 613/614 – 678),property_value_update
1042472396,106,Q174791$40B7D2A1-B502-4292-BF5E-01742686A1A6,occupation,Mahmud II,"""Q1097498""",ruler,"""Q2304859""",sovereign,property_value_update,person who reigns over a certain region or country,leader of a monarchy,property_value_update
780217786,27,Q47674$E4E7CC59-8731-41A1-9107-5F9DBED95CD9,country of citizenship,Amerigo Vespucci,"""Q38""",Italy,"""Q142""",France,property_value_update,country in Southern Europe,"country in Western Europe and other continents (through its overseas territories in America, Africa and Oceania)",property_value_update
806392894,19,Q157813$55247D3C-9E8A-4FBC-92B8-E841524DDF12,place of birth,Isabelle Gulldén,"""Q25287""",Gothenburg,"""Q7665792""",Sävedalen,property_value_update,second-largest city in Sweden and capital of the Västra Götaland County,"place in Västergötland, Sweden",property_value_update
890823655,789,Q48188$CE9581AF-2D63-4CD4-9578-334D8CD6659E,edibility,Phallus impudicus,"""Q654236""",edible mushroom,"""Q4317894""",inedible mushroom,property_value_update,fleshy and edible fruit bodies of several species of macrofungi,mushroom which is not considered edible,property_value_update
7466014,9,q336222$3CFBA4C6-5392-4088-95E4-2D78C47D39C0,sister,Tito Jackson,"""Q651655""",Janet Jackson discography,"""Q131324""",Janet Jackson,property_value_update,Wikimedia artist discography,"American singer, songwriter and actress (born 1966)",property_value_update
1574848401,31,Q374316$B9DB7A18-EA6B-4B7C-B334-3D619E330B56,instance of,Symphonic Studies,"""Q207841""",étude,"""Q17518879""",collection of études,property_value_update,"instrumental musical composition, usually short, designed to provide practice material for perfecting a particular musical skill",,property_value_update
252922670,31,Q446384$6f1fddd6-4462-80d7-92e6-76aaadc5018d,instance of,equalization payment,"""Q1914636""",activity,"""Q1155757""",redistribution of wealth,property_value_update,series of actions done by an agent which results in an external change of state,transfer of income and of wealth from some individuals to others,property_value_update
6725312,19,q374053$D2DD839E-6781-427F-A30F-727F5B1B9E68,place of birth,Vera Zvonareva,"""Q2031636""","Moscow, Belgium","""Q3887555""",Moscow,property_value_update,2008 film directed by Christophe Van Rompaey,"unincorporated community and census-designated place in Allegany County, Maryland, United States",property_value_update
1297922562,31,Q167441$eff0e4d2-4a4e-65fa-741c-9429b513dbc8,instance of,AMX-30,"""Q920182""",main battle tank,"""Q100710213""",combat vehicle model,property_value_update,tank designed to conduct primary combat missions on the battlefield,specific vehicle design which includes mounted armament,unrefinement
1565799179,106,Q86649$2F1B18C9-4DF7-4512-A193-A4C7A84ECE7E,occupation,Edmund Heusinger von Waldegg,"""Q66711686""",railway engineer,"""Q110635676""",locomotive designer,property_value_update,civil engineer who designs rail infrastructure,designer of locomotives,property_value_update
991240872,102,Q42775$8625D89F-5E55-4B37-8740-81543101A1F5,member of political party,Johnny Cash,"""Q29552""",Democratic Party,"""Q180309""",hyphen,property_value_update,American political party,punctuation mark used to join words,property_value_update
1003454383,19,Q109244$DE5B3D18-24A7-4CD6-A837-13E9A821468D,place of birth,Adam of Bremen,"""Q8738""",Meissen,"""Q910759""",cow dung,property_value_update,"town in Saxony, Germany",waste product from a cow's (or cattle in general) digestive tract,property_value_update
9885626,27,q77203$B4273E66-6558-46B8-A2E4-2AB2122AE8F1,country of citizenship,Ferdinand von Lindemann,"""Q183""",Germany,"""Q151624""",German Confederation,property_value_update,country in Central Europe,Confederation of States in Germany from 1815 to 1866,property_value_update
1430468618,97,Q156390$2994136b-44ce-00b2-6f87-3b3841b2b1f1,noble title,"Victoria, Crown Princess of Sweden","""Q207293""",crown prince,"""Q12323021""",crown princess,property_value_update,heir to the throne,heir to the throne or wife of the heir to the throne,property_value_update
109762690,119,q456900$CE6A5934-C5E8-40AD-82A2-A334F0427E9A,place of burial,"Blanche of France, Infanta of Castile","""Q184407""",Basilica of Saint-Denis,"""Q853703""",Cordeliers Convent,property_value_update,"basilica located in Seine-Saint-Denis, in France","university campus located in Paris, in France",property_value_update
1203231027,2522,Q42311$4DCE4294-1B7C-455D-9722-02F3DE79DC0D,competition won,Sebastian Vettel,"""Q11105296""",Formula One World Champion,"""Q69934""",2010 Formula One World Championship,property_value_update,racing driver or automobile constructor who have won the Formula One World Championship,64th season of Formula One motor racing,property_value_update
11978546,54,q4457$1A6D49A9-EB93-46CE-A5BB-D35FC132D7F4,member of sports team,Franz Beckenbauer,"""Q826386""",Hamburger SV Women,"""Q51974""",Hamburger SV,property_value_update,association women's football club,"German sports club based in Hamburg, with its largest branch being its football department",property_value_update
1705202677,6,Q1164$b08ef5b0-45bb-c6a0-1f60-73049f407c0c,head of government,Assam,"""Q7423486""",Sarbananda Sonowal,"""Q5765114""",Himanta Biswa Sarma,property_value_update,Indian politician,Indian politician,property_value_update
68914996,452,q105557$75081d07-405a-8fe3-1f46-b93392a924ae,industry,Embraer,"""Q936518""",aerospace manufacturer,"""Q2876213""",aerospace,property_value_update,"company involved in manufacturing aircraft, aircraft parts, missiles, rockets, and/or spacecraft",field of activity involving utilization of the atmosphere and outer space,unrefinement
226951255,27,Q253523$FF69CC9F-8747-4947-BA8D-9132F0E0ADEC,country of citizenship,Cheb Bilal,"""Q262""",Algeria,"""Q1028""",Morocco,property_value_update,country in North Africa,sovereign state in North Africa,property_value_update
504853233,27,Q218849$CD966674-119E-43DA-B462-9ECB8E48A49F,country of citizenship,Zoltan Sarosy,"""Q16""",Canada,"""Q516160""",First Hungarian Republic,property_value_update,country in North America,former country (1918–1919),property_value_update
507086733,735,Q351648$902D67E8-5747-47C5-A2A5-BB53F388B3F5,given name,Adamo Ruggiero,"""Q351648""",Adamo Ruggiero,"""Q18107466""",Adamo,property_value_update,Canadian actor,male given name,property_value_update
1838488742,19,q299949$D1E70AE0-B264-4A0D-A73B-BFAD594EB400,place of birth,Ellen Andrée,"""Q2845754""",former 3rd arrondissement of Paris,"""Q223140""",3rd arrondissement of Paris,property_value_update,"one of the 12 administrative districts of Paris, France, before 1860","one of the 20 administrative districts of Paris, France",property_value_update
829411499,106,Q427647$bc02615b-4474-97a6-261b-548014af8387,occupation,Cassandra Cain,"""Q378770""",contract killer,"""Q55983771""",assassin,property_value_update,person who is hired to kill another person,someone who intentionally kills a public or political figure,property_value_update
2235779151,106,Q342512$C5E9A324-A341-4B63-A371-5009D115D579,occupation,Tiberius Claudius Nero,"""Q97667506""",Ancient Roman politician,"""Q20778343""",Roman magistrate,property_value_update,,elected official in Ancient Rome,property_value_update
174604025,106,q355425$2D10E1FE-1D04-4EBD-ABD1-DEEA70D9A710,occupation,Cesar Chavez,"""Q178790""",labor union,"""Q15627169""",trade unionist,property_value_update,organization of workers with common goals,person involved in trade unions; member or supporter of a trade union,property_value_update
170506740,837,Q183283$51c33f30-46ec-9682-6e3c-7e186b6088ba,day in year for periodic occurrence,Ashura,"""Q65265""",10 Muharram,"""Q184591""",10,property_value_update,10th day of Muharram in the Islamic calendar,1979 film by Blake Edwards,property_value_update
7693623,19,q102027$4166290B-F10C-4D78-B21E-FAB4B4A81BE6,place of birth,Fabio Cannavaro,"""Q173065""",Kingdom of Naples,"""Q2634""",Naples,property_value_update,Italian state (1282–1816),"city and commune in Campania, Italy",property_value_update
53830691,156,q17444$08C1DB68-2876-4013-8160-D94A2F23DA31,followed by,Nevermind,"""Q1645579""",Hormoaning,"""Q222001""",In Utero,property_value_update,1992 compliation EP by Nirvana,1993 studio album by Nirvana,property_value_update
1851463298,20,q7415$D99D07D4-BAB4-405D-8CB0-D745BCC3BC5B,place of death,Mária Telkes,"""Q1781""",Budapest,"""Q769""",Grenada,property_value_update,capital and largest city of Hungary,island sovereign state in the Caribbean Sea,property_value_update
13662967,19,q461391$00CEAA2E-58DB-4F0E-8F9D-FE59264EB183,place of birth,Gavin Newsom,"""Q771842""",Isla San Francisco,"""Q62""",San Francisco,property_value_update,"island in the Gulf of California off the coast of Baja California Sur, Mexico","consolidated city and county in California, United States",property_value_update
275191251,735,Q11991438$29A8F994-C690-42E7-826E-8C7D65529FE2,given name,Nils Andreas Biørn,"""Q18404297""",Nils,"""Q16423038""",Nils (given name),property_value_update,,male given name,refinement
1463768370,735,Q152261$01FED942-4CEF-43C4-811E-1090D5CC2C7A,given name,Lucia Cunanan,"""Q1160640""",Lucia,"""Q18145507""",Lucía,property_value_update,female given name,female given name,refinement
1557164633,69,Q3983874$cb3a0e46-f7df-46ea-b076-cb489b4cf8b8,educated at,Jean-Pierre de Launoit,"""Q5121415""",Catholic University of Louvain,"""Q644789""",Catholic University of Leuven,property_value_update,,"University in Belgium, 1834–1968",property_value_update
1278997617,39,Q5866463$79A1BF36-C7E4-42AE-A86C-6261106E0E17,position held,Francisco Labadie Otermin,"""Q27157707""",Member of the Cortes franquistas,"""Q6087309""",procurador en Cortes,property_value_update,,member of the Cortes Españolas (1943-1977),property_value_update
1835239381,40,Q4356925$F919C31E-4743-49D7-865F-9CF4F5B3B652,child,George Seymour,"""Q75297079""",Lady Emily Seymour,"""Q56181897""",Emily Charlotte Harlech Ormsby-Gore,property_value_update,,(died 1892),property_value_update
1156381390,131,q13946602$AA7D9936-D818-4EFF-AFBF-13499E2DB884,located in the administrative territorial entity,Zhongxin Community,"""Q28804802""",Nancha,"""Q2043360""",Nancha Town,property_value_update,,"town in Nancha county, Heilongjiang, China",refinement
286861565,31,Q527362$EC614D34-8C71-4940-8DDC-466A54FFAE90,instance of,Castañedo,"""Q15078704""",parishes in Asturias and Galicia,"""Q3333265""",parroquia of Galicia,property_value_update,Wikipedia article covering multiple topics,"type of ecclesiastical subdivision in Galicia, Spain",refinement
321522535,54,Q4023285$181DF606-E999-4660-94F2-C4CCAE7ABFBB,member of sports team,Yutthana Polsak,"""Q869""",Thailand,"""Q7709260""",Thailand national beach soccer team,property_value_update,country in Southeast Asia,Soccer Team,property_value_update
1449504809,579,Q783420$23BF314F-6BC2-410A-B43C-22CE35C00FFF,IMA status and/or rank,hastingsite,"""Q13406835""",approved mineral and/or valid name (A),"""Q13406872""",redefined mineral (Rd),property_value_update,"CNMNC/ CNMMN status (IMA, 1959 onwards) for a mineral that is approved","CNMNC/ CNMMN status (IMA, 1959 onwards) for a mineral that got redefined",property_value_update
1524993956,27,Q211681$C5E7CF8F-DAA5-4589-9238-376C4633DED9,country of citizenship,"James Francis Edward Stuart, Prince of Wales","""Q145""",United Kingdom,"""Q179876""",Kingdom of England,property_value_update,country in north-west Europe,historic kingdom on the British Isles (927–1649; 1660–1707),property_value_update
148568580,21,Q697098$1929975C-C7BF-4945-84CA-85151F04554D,sex or gender,Strongheart,"""Q6581097""",male,"""Q44148""",male organism,property_value_update,"to be used in ""sex or gender"" (P21) to indicate that the human subject is a male or ""semantic gender"" (P10339) to indicate that a word refers to a male person",male animal or plant,refinement
1509589706,39,Q3351428$f1666ed6-40d7-b349-a5e5-690fb16e8168,position held,Olivier Wang-Genh,"""Q30461""",president,"""Q42178""",vice president,property_value_update,"leader of a country or part of a country, usually in republics",officer in government or business,property_value_update
1080235005,1435,Q29148970$96D9B460-CA5B-45AE-8AB8-96A5767062B8,heritage designation,,"""Q10387575""",monument historique inscrit,"""Q61058419""",object listed as historical monument,property_value_update,national heritage site in France,French object listed as a Historical Monument by the French State,refinement
420265626,910,Q16746726$d24ff37a-ac02-40e6-b9ea-005a6ebba278,topic's main category,Owenia,"""Q14984515""",Category:Owenia,"""Q26264582""",Category:Owenia (Meliaceae),property_value_update,Wikimedia category,Wikimedia category,refinement
1407179391,31,Q1255$cae9eed4-4ecc-3ba3-5d57-8b4e87ac1092,instance of,Kosovo and Metohija,"""Q3299474""",Kosovo is Serbia,"""Q15629146""",autonomous province of Serbia,property_value_update,Serbian slogan,type of administrative division,property_value_update
1181652666,361,Q89503374$250d1a39-4f2d-bb50-161d-225f1abf74a8,part of,“Mendoza” Army Garrison,"""Q55267383""",V Mountain Brigade,"""Q4645422""",VIII Mountain Brigade,property_value_update,brigade of the Argentine Army based in Salta,brigade of the Argentine Army based in Mendoza,property_value_update
1365582853,360,Q1854290$225459E7-BB67-47FE-81E5-D49D3A236391,is a list of,list of compositions by Max Reger,"""Q207628""",composed musical work,"""Q105543609""",musical work/composition,property_value_update,"original piece or work of music, either vocal or instrumental","Wikidata metaclass; legal concept of uniquely identifiable piece or work of music, either vocal or instrumental; NOT applicable to recordings, broadcasts, or individual publications of music in printed or digital form or on physical media",property_value_update
413598606,171,Q9046713$8BF06A13-6989-40BB-8E91-1EC446A8A83F,parent taxon,Muricaria,"""Q156888""",Brassicaceae,"""Q15054388""",Brassiceae,property_value_update,family of plants,tribe of plants,refinement
1334540461,184,Q102560598$f67884ae-cb97-490c-8087-e22b719b50d8,doctoral advisor,Álvaro Martínez,"""Q102439874""",Inés Couso,"""Q87553750""",Inés Couso Blanco,property_value_update,,researcher,property_value_update
1237010492,735,Q6893257$8116BAC3-68EC-4AE4-BA66-A037BCDF84DD,given name,Mohammed Odeh al-Rehaief,"""Q19692506""",Mohammed,"""Q5837762""",Muhammad,property_value_update,,male given name (محمد),property_value_update
1786841577,735,Q60059108$E6CFEE69-EF14-4D66-896B-3C5C68F52E00,given name,José Pedro Paiva,"""Q2190619""",José,"""Q52734568""",José Pedro,property_value_update,male given name,male given name; Spanish language,property_value_update
410344389,19,Q4152441$6FF869B8-C06C-4FEC-8D54-909223956BDB,place of birth,John Gourlay,"""Q4088079""",Blenheim,"""Q1904""",Ontario,property_value_update,,province of Canada,property_value_update
1543161127,735,Q626756$A6B67EFC-915C-4922-A2F5-0C1F1D0D5C3C,given name,Ebenezer Scrooge,"""Q3481095""",Ebenezer,"""Q674""",phosphorus,property_value_update,male given name,chemical element with symbol P and atomic number 15,property_value_update
1219885612,195,Q84711565$A9F5EA9E-0A84-44D6-A04A-F65A076280EF,collection,Revanta,"""Q84707193""",Long Archaeology Gallery,"""Q1364900""",Indian Museum,property_value_update,,museum in India,property_value_update
1991774905,22,Q2425529$7a486b0d-4af3-445f-8b07-b9d1240d3eb5,father,Bengt Jönsson,"""Q5895655""",Jöns Bengtsson,"""Q101248411""","Jöns Bengtsson, Lord of Salsta",property_value_update,"Abt 1360 Tensta, Uplandia, Sweden - Bef 31 Dec 1399",,property_value_update
943209497,97,Q2908$ad140c75-1bcf-4c76-923c-5840ee3a4851,noble title,Antoine de Saint-Exupéry,"""Q3519259""",count,"""Q52161594""","Escrituras expuestas de la Basílica del Pino y su entorno, desde el siglo XVIII al siglo XX",property_value_update,nobility title in European countries,book chapter,property_value_update
2142975416,31,Q5853345$cd1348fa-4306-7f1d-9990-a7c20b592f15,instance of,,"""Q100271038""",tabletop role-playing game publisher,"""Q3579158""",board game publishing company,property_value_update,,publisher specialising in board games,property_value_update
1574751437,131,Q4524449$4DE82BC7-8BE9-4533-8C18-4EC3F470DBC8,located in the administrative territorial entity,Shyroke,"""Q1003757""",Khartsyzk,"""Q4496152""",Khartsyzk City council,property_value_update,"city in Donetsk oblast, Ukraine",,property_value_update
1634816835,40,Q645953$7c3ced23-65bc-4246-b96c-defdb21638da,child,"Robert of Courtenay, Lord of Champignelles","""Q101469478""",Isabeau de Courtenay,"""Q76235202""",Isabeau de Courtenay-Champignelles,property_value_update,Abt 1219 - 22 Sep 1257,Peerage person ID=625810,property_value_update
286261406,1435,Q8346832$92B0A93E-ACD9-4388-94D5-BBD2F126116C,heritage designation,Claustre del Mas del Vent de Palamós,"""Q1019352""",Cultural Asset of National Interest,"""Q1393661""",Inventari del Patrimoni Arquitectònic de Catalunya,property_value_update,"category of Catalan cultural heritage (BCIN), generally also a ""Bien de Interés Cultural"" of Spain",,property_value_update
1768788101,184,Q102315714$da92cb28-b793-424f-b7a9-cb48ca68ccc9,doctoral advisor,Pablo Roldán,"""Q102089784""",Rafael de la Llave Canosa,"""Q93431176""",Rafael de la Llave,property_value_update,Ph.D. Princeton University 1983,Ph.D. Princeton University 1983,property_value_update
1320833831,184,Q11386296$B7B53021-5E33-4B2D-BC4B-06206E286EDD,doctoral advisor,Hiroshi Matano,"""Q102266398""",Masaya Yamaguti,"""Q11466872""",Masaya Yamaguchi,property_value_update,,Japanese mathematician (1925-1998),property_value_update
199325187,31,Q4461035$B8A6B078-2157-4642-A9BC-ED576A048E19,instance of,Akkadian Empire,"""Q10275430""",former country,"""Q3024240""",historical country,property_value_update,"a State or government structure, which no longer exists","country, state or territory that once existed",property_value_update
2354759357,17,Q123739225$b0490010-4d2e-33a0-9222-382df58bab47,country,Bingu International Conference Centre,"""Q1032""",Niger,"""Q1020""",Malawi,property_value_update,sovereign state in western Africa,sovereign state in Africa,property_value_update
476449058,19,Q4883318$1DF209B1-E8C6-4878-B24D-D87A1FBF6B8E,place of birth,Pablo Chiapella,"""Q10372""",Alcorcón,"""Q15095""",Albacete,property_value_update,"city in the metropolitan area of Madrid, Spain","municipality in Castilla-La Mancha, Spain",property_value_update
1329954582,22,Q104532168$5e82b9ef-4814-d22f-6623-bb7032211f17,father,Francisco de Melo,"""Q104532162""",Estêvão Soares de Melo,"""Q104532173""","Estêvão Soares de Melo, 8.º senhor de Melo",property_value_update,Portuguese nobleman,Portuguese nobleman,refinement
1511447471,703,Q422067$97658223-FBDE-4C4C-A043-67975C1FC7EB,found in taxon,lutein,"""Q104898908""",Cladonia furcata furcata,"""Q21383076""",Cladonia furcata furcata,property_value_update,,,refinement
1622772374,22,Q110304306$139e96fb-0b89-4497-9434-4299c85d1eec,father,"Henriette Frederikke Magdalena, Gräfin zu Innhausen und Knyphausen","""Q105804333""","Edzard Mauritz, Graf zu Innhausen und Knyphausen","""Q15807390""",Edzard Moritz zu Innhausen und Knyphausen,property_value_update,10 Mar 1748 Lütetsburg - 29 Jan 1824 Lütetsburg,10 Mar 1748 Lütetsburg - 29 Jan 1824 Lütetsburg,refinement
1536146587,31,Q1376805$C87B7BF2-33E7-40B4-A72E-B5B526EFDD1C,instance of,1999-2000 European Nations Cup,"""Q106644070""",edition of the Rugby Europe International Championship,"""Q27020041""",sports season,property_value_update,,"season of a sports league or competition, generally a specific one year period",refinement
2255225612,1080,Q105597954$FD148342-C3D6-4C04-9576-22E19649EB6A,from narrative universe,Tsukushi,"""Q107342063""",Dead or Alive universe,"""Q130392601""",Dead or Alive Xtreme universe,property_value_update,narrative universe of the fighting game series,narrative universe of the beach volleyball game series,property_value_update
1813523617,106,Q108453008$214db830-4434-3601-9258-a553fe141c37,occupation,Dakota Burford,"""Q108289399""","sales, marketing and public relations professionals","""Q116236214""",sales trainer,property_value_update,,educator of salespeople,refinement
1663774039,361,Q112606524$c2bf2db6-40a0-e4e7-236a-3261710d33de,part of,1994 Taipei mayoral election,"""Q10844109""",1994 Taiwanese local election,"""Q56317272""",1994 Taipei municipal elections,property_value_update,,Taipei mayoral and city council elections in 1994,refinement
1071311031,31,Q6548443$42DFEFA9-13B3-4299-8938-AB056F4E7857,instance of,Lily Agnes,"""Q10855242""",race horse,"""Q2442470""",racehorse,property_value_update,horse used for horseracing,horse used for horseracing,refinement
894350473,106,Q62512879$50552630-4d8b-47e4-e23d-c6878f1e7fe6,occupation,J. T. Brubaker,"""Q10871364""",baseball player,"""Q11336312""",professional baseball player,property_value_update,person who plays games of baseball,,refinement
987323688,31,Q65953902$549fb799-40e0-ac04-b97e-ac9db6892091,instance of,Chinese Radio Amateurs Club,"""Q10872113""",Social organisations in China,"""Q874405""",social group,property_value_update,,two or more humans who interact with one another,unrefinement
2023224973,40,Q109296492$a4d178e3-4bbd-d188-c4c8-7fc112c29870,child,Albrekt Schönström,"""Q109296492""",Albrekt Schönström,"""Q123652690""",Albrecht Schönström,property_value_update,,Wikimedia human name disambiguation page,property_value_update
709279780,58,Q41796134$c0d20be7-48e5-9346-84cb-a90eaa410479,screenwriter,The Greatest Sacrifice,"""Q10976909""",Badia Khayri,"""Q4840927""",Badie Khayri,property_value_update,Egyptian playwright and lyricist,Egyptian writer (1893–1966),property_value_update
738629583,735,Q50822060$43b0bc19-4f29-10e2-3be5-0df4b8bcebb7,given name,John Louis of Nassau-Saarbrücken,"""Q10989273""",Johan,"""Q54857730""",Johann Ludwig,property_value_update,male given name,male given name; German language,property_value_update
1558043243,40,Q7326109$d0bbe047-0c3b-44a7-80be-fed0c4bbb60c,child,Richard Guildford,"""Q110103428""",Fridiswide|Frideswide Guldeford (Guildford),"""Q75620567""",Frideswide Guildford,property_value_update,,Peerage person ID=250415,property_value_update
2127992283,131,Q2504604$207690f8-407c-a6f4-cd74-f9c799d96452,located in the administrative territorial entity,Farm to Market Road 157,"""Q110130""",Ellis County,"""Q110412""",Tarrant County,property_value_update,"county in Texas, United States","county in Texas, United States",property_value_update
1585057557,102,Q5557933$1861CDFE-415E-4E58-B29B-21E3F30CDBE1,member of political party,Anders Antonsson,"""Q110843""",Moderate Party,"""Q3480145""",National Party,property_value_update,political party in Sweden,political party in the upper house of Swedish parliament,property_value_update
1756184040,735,Q51325846$132293EB-B5AB-475A-9BED-DDCE8F827F02,given name,Johann Balthasar Gutwein,"""Q11122389""",Johann,"""Q18190444""",Balthasar,property_value_update,male given name,male given name,property_value_update
1886743933,39,Q7609403$514368B4-48A8-47CA-9FCC-E81EC1CDBD52,position held,Stephen Hale Anderson,"""Q111286265""",Judge of the United States Court of Appeals for the Tenth Circuit,"""Q118111627""",Senior Judge of the United States Court of Appeals for the Tenth Circuit,property_value_update,,,refinement
866376482,131,Q12380079$55C2CFC4-A71D-4BB3-802D-EEF68566272A,located in the administrative territorial entity,A Bragaña,"""Q1113417""",Aranga,"""Q11111825""","Aranga, Aranga",property_value_update,municipality of Spain,,property_value_update
1618236085,3095,Q49754281$407872b9-4171-15b1-037d-41d2f3213c02,practiced by,enameling,"""Q111587955""",enameller,"""Q21148249""",enameler,property_value_update,person specialized in the craft of enameling,person specialized in the craft of enameling,refinement
1631544637,361,Q5342890$a64d9b75-4be1-c6fc-8119-a46c6c22c5ca,part of,Edward Field,"""Q111823178""",Neil Derrick,"""Q111823185""",Bruce Elliot,property_value_update,American writer,,property_value_update
1327567134,4969,Q19897976$5d4655f7-485d-9fad-b229-4221d30b320e,derivative work,The Old Man and his Sons,"""Q11187745""",The Old Man and his Sons,"""Q3228093""",The Old Man and his Children,property_value_update,La Fontaine's version of Aesop's fable,La Fontaine's version of Aesop's fable,property_value_update
1052284849,1142,Q63340000$eea9067a-437e-b38a-418c-0c288e25dee7,political ideology,Kathrine Krogh Hoffmann,"""Q1129261""",anti-abortion movement,"""Q42388""",Zionism,property_value_update,social and political movement that opposes abortion,a movement to create and develop a Jewish state in the Levant,property_value_update
1579121658,39,Q551341$8B29F569-8199-48AA-9A66-285880994B9B,position held,Kosta Čavoški,"""Q113251""",Senate of Republika Srpska,"""Q110951285""",Member of the Senate of Republika Srpska,property_value_update,"consultative body of Republika Srpska, Bosnia and Herzegovina",,property_value_update
1710102136,66,Q45600026$1845445D-1ABB-4629-AB70-5A669F96BD91,ancestral home,Lu Ying,"""Q113490641""",Dongguan,"""Q11103954""",Dongguan County,property_value_update,historical administrative division of China,former county in China,property_value_update
1706694101,66,Q45619367$B79B9E26-0648-4066-9A25-8AAF3D053781,ancestral home,Cai Guobing,"""Q113490723""",Jinjiang,"""Q11089282""",Jinjiang County,property_value_update,historical administrative division of China,historical administrative division of China,property_value_update
1710095630,66,Q45598957$EACAFE02-BA79-4B99-B1DC-B0E8FBB755B3,ancestral home,Tang Yi,"""Q113491268""",Shanghai,"""Q11359590""",Shanghai County,property_value_update,historical administrative division of China,ancient county of China,property_value_update
1719844438,66,Q45622915$E5091214-A3EF-4226-BC6E-924EA03538BD,ancestral home,Wei Jing,"""Q113651222""",Yun Zhou,"""Q17163787""",Yunzhou,property_value_update,,"historical administrative division in Shandong, China",property_value_update
1748241457,106,Q1874862$7a9554e7-4e1c-29d5-62cf-b4964b4e2241,occupation,Ludwig Pfau I.,"""Q114047888""",stovemaking,"""Q1566164""",stove builder,property_value_update,,stove setter,property_value_update
2049639185,31,Q124218202$DF6DFFF0-240E-4349-B1CC-472E75C286C8,instance of,You Are What You Eat: A Twin Experiment,"""Q11424""",film,"""Q5398426""",television series,property_value_update,"sequence of images that give the impression of movement, stored on film stock",connected set of television program episodes under the same title,property_value_update
2317317925,31,Q938806$a762b80c-4147-a6e8-06e8-9c7ec9c16e32,instance of,Irn-Bru,"""Q114392939""",drink brand,"""Q1428""",Georgia,property_value_update,brand name used for beverages,state of the United States of America,property_value_update
1316747537,39,Q65546373$BAD03A84-D270-4520-8444-9E2CFB900D43,position held,Tomás Iglesias y Bárcones,"""Q1144278""",diocesan bishop,"""Q50359848""",Bishop of Mondoñedo,property_value_update,"bishop in pastoral charge of a diocese, as opposed to a titular bishop",,refinement
1746023899,106,Q29359765$dd13e417-4a0b-02ab-b971-ee2ab3372f77,occupation,Abukar Yandiev,"""Q114466""",mixed martial arts,"""Q11607585""",mixed martial arts fighter,property_value_update,full-contact combat sport,fighter who performs mixed martial arts (MMA),property_value_update
1768785171,123,Q115131915$fa415f44-44e7-15e4-2cdd-47ee7aa8198f,publisher,Unser Kaiser unter den Kindern des Volkes am Strande in Ahlbeck,"""Q115131942""",Verlag von Gustav Liebsch & Co.,"""Q105298724""",Gustav Liersch & Co.,property_value_update,publishing company,"defunct postcard publisher based in Berlin, Germany",property_value_update
2041200887,22,Q76254399$311D7BB1-1A02-4BC0-AF72-47B4B2744CFC,father,"Adam Cuninghame, 1st of Caprington","""Q116156758""",Thomas Cuninghame,"""Q75773014""","Thomas Cuninghame, Lord Carrick",property_value_update,- Aft 07 Aug 1413,Peerage person ID=326684,refinement
2032739428,5817,Q16354631$D867CA63-FA31-4127-B82B-85D5BEDFBC77,state of use,Gare de Bétaille,"""Q11639308""",decommissioned,"""Q55654238""",in use,property_value_update,removed from operational service,"state of normal operation of a building, installation, park, etc. Do not confuse with the time concept. Because it refers to a state of ""normality"", avoid using it as the default value",property_value_update
629459706,279,Q22923081$57F4AC98-6156-4D4B-BE12-312D410D4E68,subclass of,king of Franks,"""Q12097""",king,"""Q3060392""",elected king,property_value_update,title given to the name of a male monarch,,refinement
1969264302,31,Q16334280$5AFB83C8-6CDC-4E6D-AB23-B000A30E6013,instance of,S90-class torpedo boat,"""Q121289722""",boat class,"""Q559026""",ship class,property_value_update,group of boats (vessels shorter than 20 m) of a similar design,group of ships of a similar design,unrefinement
2313127986,1343,Q2646947$211C0C04-43B3-424D-88A8-5E1CCE839CA3,described by source,Alice Schalek,"""Q125397464""",A World History of Women Photographers (2020 edition),"""Q116870883""",A World History of Women Photographers,property_value_update,2022 edition published by Thames & Hudson,2022 edition published by Thames & Hudson,refinement
2347713672,1444,Q134443941$4B77D77D-5AC6-4D7A-82C2-68CFCE0B3475,destination point,FR 100,"""Q127958""","Thessaloniki Airport ""Makedonia""","""Q612731""",Bordeaux–Mérignac Airport,property_value_update,"international airport serving Thessaloniki, Greece","international airport serving Bordeaux, France",property_value_update
1127009334,166,Q22001133$AD50DE36-91C4-47C8-8D3C-A553263BF3C7,award received,The Favourite,"""Q1377777""",European Film Award for Best Screenwriter,"""Q1377733""",European Film Award for Best Cinematographer,property_value_update,annual award given for cinematic achievements in screenwriting,annual award given for cinematic achievements in cinematography,property_value_update
2346671570,19,Q21512056$04f983fb-447b-4157-2f21-712053e62e65,place of birth,Monique Sauvé,"""Q139229""",Saguenay,"""Q340""",Montreal,property_value_update,"city in Quebec, Canada","largest city in Quebec, Canada",property_value_update
651737850,136,Q20190064$CBCAE1F8-99C0-46D4-83B8-5F77E6B4E2EB,genre,The Artist's Daughter with a Parakeet,"""Q1400853""",portrait painting,"""Q134307""",portrait,property_value_update,genre of painting; field of work for painters,artistic representation of one or more persons,refinement
558903028,276,Q29230275$EF9DCB9A-4651-4542-8844-F674E178F3C6,location,,"""Q14158040""",Tour de la cathédrale Saint-Théodorit d'Uzès,"""Q2315733""",Uzès Cathedral,property_value_update,,"cathedral located in Gard, in France",property_value_update
1913616085,27,q1553950$39916AA3-3EF1-4C7A-B356-00D2B3D13DC6,country of citizenship,Guillaume de Harsigny,"""Q142""",France,"""Q70972""",Kingdom of France,property_value_update,"country in Western Europe and other continents (through its overseas territories in America, Africa and Oceania)",kingdom in Western Europe (987–1792; 1815–1848),property_value_update
2355532166,19,Q3370816$6f661c82-4537-c5a9-0af3-da5ca65f007d,place of birth,Paul Cartier,"""Q142301""",Rivière-Rouge,"""Q109664829""",L'Annonciation,property_value_update,"town in Quebec, Canada",,property_value_update
591835306,136,Q3985590$9D6330F2-43E2-483C-990A-63B76ED048AC,genre,The Addams Family,"""Q1436734""",adventure,"""Q23916""",adventure video game,property_value_update,exciting or unusual experience,video game genre,refinement
1480557489,106,Q16006234$425FA8BE-3D9D-4837-A08D-CC5FD5BCA547,occupation,Michael Schecker,"""Q14467526""",linguist,"""Q12556099""",neurolinguist,property_value_update,language scholar specialized in linguistics,,refinement
2229193975,27,Q41616785$6b35aea9-411b-7d2f-5663-897aa9ceca1f,country of citizenship,Gustav Ludwig,"""Q145""",United Kingdom,"""Q174193""",United Kingdom of Great Britain and Ireland,property_value_update,country in north-west Europe,historical sovereign state (1801–1922),property_value_update
776398528,106,Q3170945$0d20627d-4a6f-1eec-a964-2c43fe8dbf98,occupation,Jean Bousquet,"""Q1467021""",Hellenists,"""Q18916625""",hellenist,property_value_update,A group of Jews or Jewish Christians whose mother tongue was Greek (Hellenistic Judaism),philologist in the field of Hellenic languages,property_value_update
1412569806,551,Q1947979$a1b59114-407c-9020-83af-2dbb83aa3217,residence,Curt von Zedtwitz,"""Q1490""",Tokyo,"""Q1207735""",Tokyo City,property_value_update,capital and largest city of Japan,"historic municipality in Japan, 1889-1943. now area of 23 special wards",property_value_update
2188053696,908,Q795365$0CF31A44-04DB-4021-999D-0B499FF549A5,PEGI rating,Thief II,"""Q14915516""",PEGI 16,"""Q14915515""",PEGI 12,property_value_update,"PEGI video game content rating - formerly ""PEGI 15"" in Finland from 2003-2007 - indicating suitable for persons 16 (formerly 15 in Finland from 2003-2007) years and over","PEGI video game content rating - formerly ""PEGI 11"" in Finland",property_value_update
2292808158,1412,Q3757253$C2FF1EB6-E3AA-4181-BC39-C746DD8F049C,"languages spoken, written or signed",Gaidifer d'Avion,"""Q150""",French,"""Q35222""",Old French,property_value_update,Romance language,Gallo-Romance dialect continuum spoken from the 9th century to the middle of the 14th century,property_value_update
2094578677,31,Q843368$DA2588CC-05B9-4529-B31C-8E45C1C225FF,instance of,circular error probable,"""Q15142894""",weapon model,"""Q66740226""",military term,property_value_update,"specific weapon design, pattern, or version of which all examples are essentially identical",technical term; word or phrase that is part of military terminology or lingo,property_value_update
1156224200,31,Q5634384$FCB8DDBD-4A8B-47D8-9D4A-72765D51BA07,instance of,HMS Sparkler,"""Q15623926""",Wikimedia set index article,"""Q4167410""",Wikimedia disambiguation page,property_value_update,list article about a set of items of a specific type that share the same (or similar) name,"type of wiki page usually in main namespace (article namespace, ns=0) containing links to articles with similar names, and very little details only, use with P31 ""instance of""",property_value_update
1905158537,171,Q2601638$CCE2A506-825F-4B20-8007-0C9FF63845E1,parent taxon,Yucca linearifolia,"""Q156317""",Yucca,"""Q21382733""",Yucca ser. Yucca,property_value_update,genus of plants,series of plants,refinement
1970500482,31,Q122337273$9591ADFD-5646-4D08-9B8F-72690B6D3577,instance of,Charlotte Amande,"""Q15632617""",fictional human,"""Q30168244""",fictional human hybrid,property_value_update,human being that only exists in fictional works,kind of fictional creature that is a hybrid of a human and something else,refinement
1576498178,131,Q4152796$62920532-957D-4044-9248-42F942CFDBEF,located in the administrative territorial entity,Huselske,"""Q157134""",Makiivka,"""Q4275688""",Makiivka City Council,property_value_update,"city in Donetsk Raion, Donetsk Oblast of Ukraine",,property_value_update
900815988,39,Q3109567$0f538782-47b6-8d5f-351c-a49385fa1211,position held,Pablo de Olavide,"""Q1573555""",oidor,"""Q19953500""",oidor of the Royal Audiencia of Lima,property_value_update,"denomination of the judges members of the Royal Courts or Chancelleries, collegiate courts originating in Castile, which became the highest bodies of justice within the Spanish Empire",,refinement
2275452613,194,Q41070$95c674c4-440c-d8b1-cdf9-65a37cbb6926,legislative body,South Chungcheong,"""Q16100275""",South Chungcheong Province municipal council,"""Q41070""",South Chungcheong,property_value_update,,province in South Korea,property_value_update
301211726,31,Q22337968$6dce0b2d-4b67-97c1-f46a-94085dc9016e,instance of,Primula caespitosa,"""Q16521""",taxon,"""Q15730631""",taxon name,property_value_update,"group of one or more organism(s), which a taxonomist adjudges to be a unit",,property_value_update
1622627056,734,Q111668589$d1deaeb3-4eef-266f-ee23-bebd74157a95,family name,Raffles van Exel,"""Q16799138""",Van Exel,"""Q83383117""",van Exel,property_value_update,family name,family name,refinement
349414679,31,Q22966377$0c67b00c-499b-5976-9362-c0586686d209,instance of,Faisanderie d'Apremont,"""Q1397298""",pheasantry,"""Q18342499""",agricultural building,property_value_update,"place or facility used for captive breeding and rearing pheasants, peafowls and other related birds",building used in agricultural production,unrefinement
679430283,21,Q13423853$937A7B1C-3CA8-427A-8244-5099F621C4CC,sex or gender,PewDiePie,"""Q43445""",female organism,"""Q6581097""",male,property_value_update,organism of the female sex,"to be used in ""sex or gender"" (P21) to indicate that the human subject is a male or ""semantic gender"" (P10339) to indicate that a word refers to a male person",property_value_update
1572269368,1344,Q2048715$16AA095D-E467-4319-9605-3430AB79FD0B,participant in,Tracy Looze,"""Q2552272""",athletics at the 2004 Summer Olympics – women's marathon,"""Q3998589""",triathlon at the 2004 Summer Olympics – women's,property_value_update,women's marathon events at the Olympics,women's Triathlon events at the Olympics,property_value_update
563290767,463,Q5937613$8847d20d-414f-0679-025e-549e2f1d7bc7,member of,José Andrés Gallego,"""Q2720582""",Royal Academy of History,"""Q5408555""",Royal Academy of Portuguese History,property_value_update,Spanish institution that studies history,Enlightenment-era academy in Portugal,property_value_update
764780076,360,Q20012223$8B010C5F-19EF-4597-929B-C3BA60EB074F,is a list of,list of number-one albums of 2015 in Ireland,"""Q482994""",album,"""Q57334521""",number-one album in Ireland,property_value_update,"grouping of album releases by an artist usually released at the same time with the same title and tracks but in different formats for consumption (digital, CD, LP)",,property_value_update
1437673822,734,Q5750076$D5E5A4C9-0EB9-4236-B095-61AC608FB577,family name,Carlos Correa,"""Q5789078""",Correa,"""Q24960504""",Edelmiro Correa Falcón,property_value_update,family name,,property_value_update
2127533650,161,Q7418325$4BB81B66-1225-4809-8519-68CEE84A152A,cast member,The Ambulance,"""Q123982233""",Karel Karas,"""Q95830186""",Karel Karas-Kratochvil,property_value_update,Czech actor,Czech actor,property_value_update
1026898219,179,Q3209862$8EB72C4D-D7B2-4385-91D6-D512B1937DE2,part of the series,Blueberry's Secret,"""Q137308""",Blueberry,"""Q69879414""",Young Blueberry,property_value_update,comic book series,,property_value_update
1183641850,921,Q90886817$BECC1DFF-0CB3-4843-88B0-7E23F7B655DD,main subject,"Ziegler, Joseph Liboslaw (BLKÖ)","""Q94528148""",Joseph Liboslaw Ziegler,"""Q12026338""",Josef Liboslav Ziegler,property_value_update,,Czech writer and roman catholic priest,property_value_update
2310379714,39,Q560809$c96d0ceb-4bef-d35b-de90-2191af11d998,position held,Milo,"""Q30056278""",bishop of Reims,"""Q25587942""",Roman Catholic Archbishop of Reims,property_value_update,,,property_value_update
432969397,106,Q28419498$d059e3e7-4c02-ceaf-0508-8869c63eb9ea,occupation,Svend Olling,"""Q3359275""",Ministry of Foreign Affairs of Denmark,"""Q6866144""",Minister of Foreign Affairs of Denmark,property_value_update,Denmark Ministry of Foreign Affairs,Minister of Foreign Affairs for Denmark,property_value_update
2331666064,155,Q27903158$E1954A67-9E76-4E54-A7E5-560480C3655C,follows,1992 African Badminton Championships – men's singles,"""Q27903155""",1984 African Badminton Championships – men's singles,"""Q133586897""",1988 African Badminton Championships – men's singles,property_value_update,badminton championships,badminton championships,property_value_update
1140883658,1889,Q42916045$a95f2ba7-44a0-1586-d24d-2b6a2dcb708f,different from,conspiracy against the United States,"""Q29042431""",Conspiracy to Defraud the United States,"""Q42916045""",conspiracy against the United States,property_value_update,scientific article (publication date:  1959),federal crime in the United States of America,property_value_update
954750894,106,Q167852$eec49564-413c-371a-3212-d27b3a9bc1df,occupation,Jabir ibn Hayyan,"""Q292968""",Alchemist,"""Q15954519""",alchemist,property_value_update,Wikimedia disambiguation page,person practicing alchemy,property_value_update
206883367,106,Q994198$13861a1f-4258-8bf9-bd3f-63fd9f6012b1,occupation,José Toribio Medina,"""Q2982927""",Collector,"""Q3243461""",collector,property_value_update,fictional character in Marvel Comics,person whose occupation or hobby is collecting things,property_value_update
861198236,69,Q12864302$d7bdc328-4527-3a25-84f4-17d9b3c5dfab,educated at,Valerian Kantaria,"""Q29924222""",Tbilisi State University Pantheon,"""Q37008""",Tbilisi State University,property_value_update,"cemetry in Tbilisi, Georgia","university in Tbilisi, Georgia",property_value_update
1464404226,53,Q18620898$36f96dbc-4241-bedf-9323-389573b1548a,family,Ernst de Maizière,"""Q299373""",Maizières,"""Q1885983""",Maizière,property_value_update,Wikimedia disambiguation page,family,property_value_update
1353748810,437,Q10336166$39A6D120-25EC-4B65-AFC5-E40ABE530EBD,distribution format,Nenhum de Nós,"""Q340777""",Vinyl,"""Q178588""",vinyl record,property_value_update,Wikimedia disambiguation page,disc-shaped vinyl analog sound storage medium,property_value_update
1263059699,31,Q31273688$d928472e-48f5-ef53-990d-b305d245716c,instance of,,"""Q3408901""",Prefecture of Police,"""Q65269359""",police prefecture,property_value_update,public adminsitrative entity in charge of directing the police forces in each department of France,law enforcement unit,property_value_update
2270616853,180,Q130943654$F953C570-C0FD-424F-844F-370F1A5BDCF6,depicts,Collectors at the Salle Drouot,"""Q3409626""",human head,"""Q8441""",man,property_value_update,upper portion of the human body,male adult human,property_value_update
1730278522,974,Q6748805$88618a28-4782-74fa-5ea9-d87726aff4f3,tributary,Manganui River,"""Q32236052""",Kellys Creek,"""Q32236039""",Kelly Creek,property_value_update,"stream in the West Coast Region, New Zealand","stream in Waikato, New Zealand",property_value_update
2318492979,156,q7510892$BA14DED4-878A-466F-9E92-B3C90A7D3438,followed by,Siemens Communications,"""Q322731""",Nokia Networks,"""Q22264398""",Nokia Siemens Networks,property_value_update,multinational data networking and telecommunications equipment company,business enterprise,property_value_update
2055224236,22,Q9032251$66d8f61d-4eaf-fa78-7bb8-37d15c34052f,father,Michael Calfan,"""Q3085966""",François Valéry,"""Q1166840""",François,property_value_update,French singer,male given name,property_value_update
2173846074,275,Q126046507$75c83477-40af-e039-a007-19abbcabab24,copyright license,Banco de dados das cheias na Região Hidrográfica do Lago Guaíba em Maio de 2024,"""Q34179348""",Creative Commons Attribution-NonCommercial 4.0 International,"""Q20007257""",Creative Commons Attribution 4.0 International,property_value_update,version of the Creative Commons Attribution-NonCommercial license,Creative Commons license,property_value_update
2338321061,921,Q133868175$b2690357-460a-79d6-c3df-6f9dd96c8101,main subject,Armin Borhan,"""Q3421914""",cancer research,"""Q18411021""",Cancer Research and Treatment,property_value_update,"research into cancer to identify causes and develop strategies for prevention, diagnosis, treatment, and cure",scientific journal,property_value_update
969436183,1419,Q124020$03dcee79-48f0-4731-2469-6eb4d35c17fc,shape,flag of Switzerland,"""Q3422559""",Rectangle,"""Q209""",rectangle,property_value_update,French independent record label,quadrilateral with four right angles,property_value_update
2237564586,4584,Q62660572$F0B76F04-A1A9-4D46-A211-D82D9D2D20AD,first appearance,Whispering Oaks Amusement Park,"""Q323981""",Left 4 Dead,"""Q472909""",Left 4 Dead 2,property_value_update,2008 cooperative first-person shooter arcade-style video game by Valve Corporation,2009 cooperative first-person shooter video game by Valve Corporation,property_value_update
239026303,86,Q11148263$18f1f6e5-432d-4479-4371-bc607d1d4e24,composer,Den tapre landsoldat,"""Q3437073""",Emil Hornemann,"""Q4994479""",Emil Horneman,property_value_update,Danish physician,Danish composer,property_value_update
1921300743,31,Q16207787$df1df480-4a0f-100b-41ff-abb4d4759f0d,instance of,Action Force,"""Q343566""",action figure,"""Q119841917""",action figure line,property_value_update,small toy that resembles a figure,line of action figures release,refinement
1204828315,734,Q96210748$4fb149ba-4bbe-40c9-2097-990979fc5f2c,family name,Charlotte Rollé-Jacques,"""Q3440537""",Rollé,"""Q22926516""",Rolle,property_value_update,Wikimedia disambiguation page,family name,property_value_update
999919872,31,Q12239252$68dd01bb-4a21-5e0c-66d5-8ab716e2bc03,instance of,Tathlith governorate,"""Q3247681""",list of governorates of Saudi Arabia,"""Q66661665""",governorate of Saudi Arabia,property_value_update,Wikimedia list article,county-level administrative division of the Arabian Kingdom,refinement
1952646583,106,Q121384035$ebef6bf0-45d5-b349-540a-7c4731f46adc,occupation,Roberto Micheli,"""Q32485""",modern pentathlon,"""Q15972912""",modern pentathlete,property_value_update,"sport which combines fencing, swimming, show jumping or obstacle running, shooting and running",athlete competing in modern pentathlons,property_value_update
1243070070,735,Q265029$0fe2006c-4a4c-73b3-a8e3-b1012c1e11b1,given name,Lívia Warga,"""Q3257134""",Livia,"""Q21285937""",Lívia,property_value_update,female given name,female given name,refinement
1299981861,669,Q88210482$50887681-4b50-72cd-d814-acbd663e5c54,located on street,,"""Q3452224""",rue du Commandant-René-Mouchotte,"""Q100436956""",Rue du Commandant-René-Mouchotte,property_value_update,"street in Paris, France","street in Saint-Mandé, France",property_value_update
609711418,138,q11081$6a082b1e-4a22-e34a-b36c-e9046245263a,named after,Alzheimer's disease,"""Q34572251""",Alois Alzheimer and Alzheimer's disease: a centennial perspective.,"""Q70530""",Alois Alzheimer,property_value_update,scientific article,German psychiatrist and neuropathologist (1864–1915),property_value_update
2317845459,31,Q4109075$5098a0c9-42fa-997c-42d8-6e3b3c25148d,instance of,Supreme Soviet of the Ukrainian Soviet Socialist Republic,"""Q326465""",Supreme Soviet of the Soviet Union,"""Q3091606""",Supreme Soviet,property_value_update,highest legislative body in the Soviet Union,highest council in Soviet Union,property_value_update
550572100,108,Q3383566$331aa444-4b72-4a1a-1ea9-97f5e6242cc7,employer,Pierre-Yves Le Rhun,"""Q3268692""",Lycée Georges Clemenceau,"""Q3268696""",lycée Georges-Clemenceau,property_value_update,Wikimedia disambiguation page,"public secondary school in Nantes, France",property_value_update
1542618348,39,Q100328148$fe7ab88c-418b-0056-d825-db06ba30f8f3,position held,Nathir Mefleh Obeidat,"""Q3273722""",health minister,"""Q110067245""",Minister of Health,property_value_update,minister in charge of health matters,cabinet position in Jordan,property_value_update
1981621322,417,Q5910538$BF175AFB-60D1-4C28-AB8F-3485DC00473B,patron saint,Church of San Juan Evangelista Ante Portam Latinam,"""Q3463883""",Martyrdom of Saint John the Evangelist,"""Q328804""",John the Evangelist,property_value_update,folk tale,"author of the Gospel of John; traditionally identified with John the Apostle of Jesus, John of Patmos (author of Revelation), and John the Presbyter",property_value_update
979891896,69,Q735821$51a80b5c-4a1f-3d16-4289-75928b1903d1,educated at,Patricia Cardoso,"""Q346436""",Universidad de los Andes,"""Q1569421""",University of the Andes,property_value_update,Wikimedia disambiguation page,private university in Colombia,property_value_update
794475586,279,q372436$ef60ffbe-4ec6-4c9d-177d-17f9adfe21a2,subclass of,statesperson,"""Q327591""",independent politician,"""Q51556674""",Politician,property_value_update,individual not affiliated to any political party,song by Cream,property_value_update
1394142572,921,Q106311970$f85382f2-4caf-fcf0-bf68-4e0161bdb3f8,main subject,Britons and Anglo-Saxons: Lincolnshire AD 400–650,"""Q32768""",Anglo-Saxons,"""Q784963""",Anglo-Saxon England,property_value_update,confederation of Germanic tribes who started to inhabit parts of Great Britain from the 5th century onwards,historical land roughly corresponding to present-day England,property_value_update
9439909,17,q79820$24031BED-7172-4018-B727-FCAA81320418,country,Yuma,"""Q30""",United States,"""Q114147""",Usa,property_value_update,country located primarily in North America,"city in Ōita Prefecture, Japan",property_value_update
1729093273,156,Q3037779$40fcd210-4e28-978f-89b2-ca5e5b195d56,followed by,1973 Wimbledon Championships – Mixed doubles,"""Q3037778""",1972 Wimbledon Championships – Mixed doubles,"""Q3037780""",1974 Wimbledon Championships – mixed doubles,property_value_update,Mixed doubles,1974 tennis event results,property_value_update
141417830,910,Q3044612$2030c3a6-434d-180c-7f4a-c7be847b874c,topic's main category,Bône Department,"""Q3044612""",Bône Department,"""Q17284849""",Category:Bône Department,property_value_update,former French department in Algeria (1955-1962),Wikimedia category,property_value_update
492496742,195,Q3612419$8D66AF9C-BD95-4179-984F-BE1AD2DD3189,collection,Allegory of Virtues,"""Q3044753""",Department of Prints and Drawings of the Louvre,"""Q3044768""",Department of Paintings of the Louvre,property_value_update,curatorial department of the Louvre,curatorial department of the Louvre in charge of most of the European paintings collection,property_value_update
1011104297,178,Q2766$EB83A49C-4104-45D7-A3C1-2899D79507D3,developer,iPhone,"""Q312""",Apple,"""Q89""",apple,property_value_update,"American multinational technology company based in Cupertino, California",fruit of the apple tree,property_value_update
2104137207,463,Q6759389$86D297C7-335F-48CE-AB62-298046DDA5E5,member of,Margaret Fairlie,"""Q30466369""",Fellow of the Royal College of Surgeons of Edinburgh,"""Q2171012""",Royal College of Surgeons of Edinburgh,property_value_update,award,Scottish medical association,property_value_update
1967937435,452,Q177814$887f503c-4373-4f99-cc54-d9e04a28d4d5,industry,SUEZ,"""Q3046721""",water supply and sanitation in France,"""Q1061108""",water supply,property_value_update,overview of the water supply and sanitation in France,"provision of water by public utilities, commercial organisations, community endeavors or by individuals",unrefinement
1635161641,463,Q7271247$0d9439df-4a61-0a69-31f4-9b2f3de7277c,member of,Quentin Bone,"""Q3152461""",Institut Océanographique de Paris,"""Q3152460""",Institut océanographique,property_value_update,Oceanographic institution in Paris,research institute in Monaco,unrefinement
1448130809,131,q68933$6830CEF3-E669-4072-84EE-7A13C574CC9D,located in the administrative territorial entity,Mex,"""Q316599""",Saint Maurice,"""Q69545""",Saint-Maurice,property_value_update,Egyptian saint and leader of the legendary Roman Theban Legion,"municipality in the canton of Valais, Switzerland",property_value_update
2333931164,452,Q133805573$67f70987-45c4-be1f-5e4f-e6a1a583a240,industry,Naturally Mignon,"""Q30693206""",cannabis industry,"""Q2845""",cannabis,property_value_update,"cultivators, producers, consumers and associated services associated with cannabis",psychoactive herb from the Cannabis plant used for medical or recreational purposes,unrefinement
1542698880,6379,Q98013554$7d68fb54-497e-bc57-9498-2e1a1326467e,has works in the collection,Elsa Werth,"""Q3075899""",Fonds régional d'art contemporain de Normandie-Caen,"""Q3075898""",Fonds régional d'art contemporain,property_value_update,French art gallery,network of 23 public collections of contemporary art across France,unrefinement
2295681751,17,Q284442$F264809C-A2F6-4035-897D-C564C74A8844,country,Ahli of Aleppo SC,"""Q3076765""",Ottoman Syria,"""Q858""",Syria,property_value_update,the region of Syria under the Ottoman Empire (1516–1918),country in West Asia,property_value_update
383484942,674,Q11841$02bcda0b-4d30-4b61-3667-421180187448,characters,Cinderella,"""Q3740047""",Fairy Godmother,"""Q3077746""",fairy godmother,property_value_update,Fairy Godmother in Perrault's Cendrillon,archetype,property_value_update
629845297,106,Q22812885$ad43735a-4c28-e9a6-6505-5064110f480a,occupation,Alexander Zelkine,"""Q32075377""",Category:Model railroaders,"""Q22812942""",model railroader,property_value_update,Wikimedia category,person who practice model railroading,property_value_update
1599271867,22,Q231549$7f0eed72-426f-d4b7-c2a1-796a591bb880,father,Anne Bonny,"""Q3215140""",Louise,"""Q233201""","Louise de Keroual, Duchess of Portsmouth",property_value_update,female given name,English and French noble (1649-1734),property_value_update
1914433709,108,Q119427899$876b1d73-47c8-5314-b71f-ffe682058268,employer,Robert Stewart McClenahan,"""Q30265558""",American University in Cairo New York Office,"""Q469476""",The American University in Cairo,property_value_update,"education organization in New York, United States","independent English-language research university in Cairo, Egypt",property_value_update
272620635,460,Q1801527$0f9cdc0c-4218-e1a9-561d-54cc3ad2fa06,said to be the same as,Lament,"""Q3216716""",lamentation,"""Q16871785""",Lamentation,property_value_update,grief,Wikimedia disambiguation page,property_value_update
239140277,21,Q20431157$4b1d47d7-4bd0-96eb-4efc-01cde9d19e4c,sex or gender,Oscar Obedeanu,"""Q360210""",Male,"""Q6581097""",male,property_value_update,Wikimedia disambiguation page,"to be used in ""sex or gender"" (P21) to indicate that the human subject is a male or ""semantic gender"" (P10339) to indicate that a word refers to a male person",property_value_update
2295851548,1344,Q123915602$981ec7be-4a1e-6b3b-33fd-b17135fec124,participant in,2024 Ceratizit-WNT Pro Cycling,"""Q116890057""",2024 UCI World Tour,"""Q122873964""",2024 UCI Women's World Tour,property_value_update,series of men's road cycling races,series of women's road cycling races,property_value_update
364769312,2389,Q317555$076292e3-480a-473c-59d6-cac4eb0e254c,organization directed by the office or position,Bertelsmann Stiftung,"""Q4662637""",Aart de Geus,"""Q2253354""",Aart Jan de Geus,property_value_update,Dutch businessman,Chairman and CEO of the Bertelsmann Stiftung,property_value_update
1580262693,793,Q4887819$c52e0598-4a32-2368-36b6-6b60d28216d3,significant event,Bengt Magnusson,"""Q78884237""",ABC-nytt : information för Stockholmsdistriktet,"""Q4650114""",ABC,property_value_update,Swedish periodical,Swedish news programme,property_value_update
1120427241,40,Q75908062$DAC2D5B4-D5F2-424E-A787-194CDBC74934,child,Anna Hodson,"""Q75908067""","Admiral of the Fleet Sir Frederick Charles Doveton Sturdee, 1st Bt.","""Q1453116""",Doveton Sturdee,property_value_update,(1859-1925),Royal Navy admiral of the fleet (1859–1925),property_value_update
1538028892,279,Q3143713$10B5C5BB-F2E4-4A8D-A4BB-9DB2A8C3538C,subclass of,seaplane base,"""Q62447""",aerodrome,"""Q109908746""",seaplane landing area,property_value_update,location from which aircraft flight operations take place,a place on a waterbody where floatplanes land and take off,refinement
1796567380,22,Q75488581$14692949-CE3C-4DAA-B301-91A460A982CB,father,Sir John Montgomerie of Ardrossan,"""Q112476599""","Alexander|John Montgomery, of Eaglesham, Alaxandair de Montgomerie","""Q75634484""",John Montgomery,property_value_update,1335 - Bef Jul 1401,Peerage person ID=260382,property_value_update
2126627645,17,Q159452$4620d302-44af-dc98-6680-f79cc24b75e7,country,capoeira,"""Q4763811""",Angola–Brazil relations,"""Q155""",Brazil,property_value_update,bilateral relations between Angola and Brazil,country in South America,property_value_update
1999416870,69,Q3128310$2f788230-2efb-42ef-9d51-ad4e94eabc63,educated at,Hatice Aslan,"""Q1060621""",Ankara University,"""Q4386612""",Hacettepe University Ankara State Conservatory,property_value_update,Turkish public university located in Ankara,State conservatory,property_value_update
1364397354,1427,Q105568185$9c3beb5a-4e48-1399-fb16-08c8bf04f38f,start point,2021 Antwerp Port Epic,"""Q2605823""",Antwerpen-Haven interchange,"""Q31467408""",Antwerp,property_value_update,interchange in Belgium,"town in Antwerp municipality, Belgium",property_value_update
1006221955,463,Q768316$86239FCF-25D0-4E6D-88B3-97481792EBCF,member of,Pieter van der Borcht (III),"""Q18508801""",Antwerp Guild of Saint Luke,"""Q1110992""",Guild of Saint Luke,property_value_update,"artist guild in Antwerp, Southern Netherlands",city guild for painters and other artists in early modern Europe,unrefinement
1710178792,47,Q1756378$B1D9FB8B-B187-4980-844F-0ED7AA546153,shares border with,Córrego Fundo,"""Q1804949""","Arcos, Minas Gerais","""Q22062794""",Arcos,property_value_update,Brazilian municipality located in the center of the state of Minas Gerais,"town and municipality in the state of Minas Gerais, Brazil",refinement
594692225,27,Q232458$041e6bd3-4f31-1dd4-70a5-ecdece4c8677,country of citizenship,Natalia Oreiro,"""Q10359065""",Argentina–Uruguay relations,"""Q77""",Uruguay,property_value_update,diplomatic relations between the Argentine Republic and the Eastern Republic of Uruguay,sovereign state in South America,property_value_update
941906959,1343,Q83376$EC93F22C-E18D-44D3-83DE-E6E7696B4416,described by source,rum,"""Q2657718""",Armenian Soviet Encyclopedia,"""Q399""",Armenia,property_value_update,first general encyclopedia in Armenian language,sovereign state in the South Caucasus region of Eurasia,property_value_update
1664779523,40,Q75257786$0E549503-432C-4984-A1BB-DE899690B73C,child,Arthur Hare Vincent,"""Q75517560""",Arthur Rose Vincent,"""Q15998905""",Arthur Vincent,property_value_update,Irish barrister (b. 1876),Irish politician and barrister,property_value_update
283228869,31,Q770676$7D4F79DC-A329-4158-B29D-6865DB3F80D0,instance of,Spain 12–1 Malta,"""Q1478437""",association football competition,"""Q16466010""",association football match,property_value_update,competition of soccer (association football),contest between two teams playing the sport of association football,property_value_update
1138843812,102,Q6394657$D81A4426-6EE1-4256-BD59-75EE8F582E6F,member of political party,Kerry Shine,"""Q216082""",Australian Labor Party,"""Q782691""",Australian Party,property_value_update,federal political party in Australia,defunct political party in Australia,property_value_update
1140264010,102,Q6394657$D81A4426-6EE1-4256-BD59-75EE8F582E6F,member of political party,Kerry Shine,"""Q782691""",Australian Party,"""Q216082""",Australian Labor Party,property_value_update,defunct political party in Australia,federal political party in Australia,property_value_update
644896524,69,Q11916574$B4A3F048-FCB7-4048-94A4-9D52570F099E,educated at,Daniel Giralt-Miracle i Rodríguez,"""Q43452""",Autonomous University of Barcelona,"""Q219615""",University of Barcelona,property_value_update,"public university in Barcelona, Catalonia, Spain","public research university located in Barcelona, Spain",property_value_update
2204845698,197,Q111267507$1e1ef1d0-4662-b46f-757f-d65750b04e66,adjacent station,Bahnhof Rainfeld-Klein Zell,"""Q111703377""",Bahnhof St. Veit an der Gölsen,"""Q111172107""",St. Veit an der Gölsen station,property_value_update,railway station in Austria,"railway station in Sankt Veit an der Gölsen, Austria",property_value_update
2170808182,156,Q24077828$D02A021A-2E4E-46AB-A256-800044B21895,followed by,Memories Ad-Lib,"""Q24077825""",Basie One More Time,"""Q14396510""",One More Time,property_value_update,album by Count Basie,1959 album by Count Basie,property_value_update
1517944072,921,Q108709949$f62e54d0-4dd9-2a72-631c-98d4f7d481c9,main subject,Anders Örbom (1675-1740) biography,"""Q109274605""",Battle of Reusch-Lemberg,"""Q15963786""",Battle of Lemberg,property_value_update,Battle in the Great Northern War,1704 battle of the Great Northern War,property_value_update
1219240904,54,Q14878270$D78B3FC7-6931-436D-9F5C-5DCE8FD8B176,member of sports team,Besik Lezhava,"""Q4835331""",BC TSU Tbilisi,"""Q39049880""",BC Titebi Tbilisi,property_value_update,Georgian Basketball Club,"basketball team in Tbilisi, Georgia",property_value_update
938099209,527,Q54999695$abf76a76-4aed-dfaf-dd98-773082262493,has part(s),,"""Q63612577""","Bob, A valet","""Q63537366""",Bob,property_value_update,operatic character in the opera Lulu,operatic character in the opera Lulu by Alban Berg; a valet,property_value_update
1029645715,180,Q15513388$d2b3dc9e-4aa9-aa04-8c88-75bcf23fe3e6,depicts,American Combat Planes New Revised Edition,"""Q184870""",Boeing B-29 Superfortress,"""Q70436147""",B-29 Superfortress,property_value_update,1942 bomber aircraft family; heaviest bomber widely used by US forces in World War II,bomber aircraft model by Boeing; sans-suffixe version of the B-29 family,property_value_update
635806845,495,Q11403$68f8bbeb-4b4f-7e8d-fd1a-7bec7b802c97,country of origin,samba,"""Q2054789""",Brazilian Socialist Party,"""Q155""",Brazil,property_value_update,political party in Brazil,country in South America,property_value_update
1103711920,27,Q20171396$630C1489-DAF2-465D-A797-F0C69F05C39B,country of citizenship,Felipe Carvalho,"""Q4958996""",Brazil–Uruguay relations,"""Q155""",Brazil,property_value_update,diplomatic relations between the Federative Republic of Brazil and the Eastern Republic of Uruguay,country in South America,property_value_update
2077102369,264,Q118898834$226AC192-085F-465C-94A1-F81D468EBE70,record label,Bobby's Biggest Hits,"""Q2540765""",Cameo-Parkway Records,"""Q109130018""",Cameo,property_value_update,American record company,US record label (1956-1967),refinement
1449156239,1923,Q20723119$257087b3-4b26-1d17-9e88-becb8122b7c1,participating team,1977 Liège–Bastogne–Liège,"""Q107031065""",Carpenter-Zeepcentrale-Splendor,"""Q20108946""",Splendor,property_value_update,Belgian cycling team (1977),former Belgian cycling team (1975-1989),refinement
2344118523,1754,Q11773981$6d7c39cb-497e-da1e-fdcc-97f1764df86e,category related to list,Wikipedia:List of policies and guidelines,"""Q4582366""",Category:Wikipedia policies and guidelines,"""Q52""",Wikipedia,property_value_update,Wikimedia category,free multilingual online encyclopedia,property_value_update
1114335566,910,Q1358492$21C7EDDC-1A85-4692-BB4C-0BEB9435CC33,topic's main category,XFL,"""Q8954929""",Category:XFL,"""Q59421772""",XFL,property_value_update,Wikimedia category,Wikimedia disambiguation page,property_value_update
1377970057,197,Q17637133$8DF3A7B6-BE28-4CE5-8066-E111B8A8DF54,adjacent station,Bignasco railway station,"""Q17637182""",Cevio railway station,"""Q60838349""",Cevio Ospedale railway station,property_value_update,former railway station in Switzerland,former railway station in Switzerland,property_value_update
1271720816,39,Q98918740$d3790198-415a-627e-ab22-ebee86b31cc5,position held,Manuel Rodríguez Zapata,"""Q1068947""",chief physician,"""Q59316385""",Jefe de Sección,property_value_update,physician in a senior management position,position,property_value_update
1333410215,136,Q458802$DE997F69-4CCD-48FC-A05C-7E010F901C15,genre,The Madagascar Penguins in a Christmas Caper,"""Q28026639""",Christmas film,"""Q28980122""",C,property_value_update,film genre associated with Christmas,"RTC film classification category indicating suitable for persons aged 18 years and over (advisory on TV and radio, restricted otherwise)",property_value_update
1894703300,812,Q112023590$3cd8462d-49f0-8c82-ee3b-df7ae9db3d13,academic major,Kim Joon-seok,"""Q207628""",composed musical work,"""Q638""",music,property_value_update,"original piece or work of music, either vocal or instrumental",art/activity of creating art using sound,unrefinement
989290320,1889,Q16275253$7A8EB93A-4056-4343-BFFB-769BACACBC2B,different from,Crispino,"""Q1140187""",Crispin,"""Q66004528""",Crispino,property_value_update,Wikimedia disambiguation page,Wikipedia disambiguation page,property_value_update
604668067,19,Q16439488$e5e004c0-4b60-b33e-6563-f45bcc651037,place of birth,Édouard Juncker,"""Q3011951""","Dahl, Luxembourg","""Q1880583""",Dahl,property_value_update,village in Luxembourg,village in Luxembourg,refinement
1261747388,22,Q75757718$E62D866C-969D-4191-89FA-F36D2AAFD42B,father,Caitlin Anna Astley,"""Q75355965""","Delaval Thomas Harold Astley, 23rd Baron Hastings","""Q16728476""","Delaval Astley, 23rd Baron Hastings",property_value_update,born 1960,British actor,property_value_update
2323836044,726,Q125201429$75cfec64-400a-6a9b-f848-55a779f8131b,candidate,2025 Portuguese legislative election,"""Q126595513""",Democratic Republican Party (Portugal),"""Q10345627""",Democratic Republican Party,property_value_update,centrist political party in Portugal,political party in Portugal,refinement
1737746708,39,Q63702425$D191A0C2-C58F-490A-9A28-59BCB88322D2,position held,Margaret Clarke-Kwestie,"""Q23651610""",Deputy Minister of Education,"""Q114246334""",Deputy Education Minister of Ghana,property_value_update,undersecretary to a ministry of the Greek government,cabinet position in Ghana,property_value_update
1293980661,831,Q100320347$186ea1b2-406b-9bff-31ae-7f3b7411809b,parent club,Dickinson Red Devils men's basketball,"""Q100320346""",Dickinson College Red Devils,"""Q91384537""",Dickinson Red Devils,property_value_update,sports teams of a university or college,sports teams of a university or college,refinement
103181969,279,q193078$3910e6a4-4ebd-de93-2414-f11dbfe87953,subclass of,injury in humans,"""Q12136""",disease,"""Q15281399""",health problem,property_value_update,abnormal condition negatively affecting organisms,condition negatively affecting the health of an organism,refinement
1288920066,54,Q2643777$775308BF-C8EF-4454-A411-AB875C1176D3,member of sports team,James Ward-Prowse,"""Q1049176""",England national under-20 association football team,"""Q47762""",England men's national association football team,property_value_update,national under-20 association football team representing England,men's national association football team representing England,property_value_update
474841957,17,Q1435211$d67db575-4e6a-b83c-d106-03a9de4ba1ca,country,history of Eritrea,"""Q607257""",Eritrean War of Independence,"""Q986""",Eritrea,property_value_update,1961–1991 conflict within Ethiopia,country in the Horn of Africa,property_value_update
1088043533,166,Q164813$10E61318-5C00-40C4-8B04-49DD89F0856E,award received,Perfume: The Story of a Murderer,"""Q932281""",European Film Award for Best Actor,"""Q1377733""",European Film Award for Best Cinematographer,property_value_update,award,annual award given for cinematic achievements in cinematography,property_value_update
1086491926,166,Q790767$4F6968DD-3539-44AF-AB43-7C0AA6020DD2,award received,Barry Ackroyd,"""Q1377738""",European Film Award for Best Actress,"""Q1377733""",European Film Award for Best Cinematographer,property_value_update,award,annual award given for cinematic achievements in cinematography,property_value_update
1701347481,1433,Q105633345$67e66843-4cbd-6c62-e004-66d45b0846da,published in,Popular,"""Q110699075""",Eurovision Song Contest 2011,"""Q25508616""",Eurovision Song Contest Düsseldorf 2011,property_value_update,2011 compilation album by Various artists,2011 compilation album by Various artists,property_value_update
882231964,144,Q61987120$e82624db-4acd-6615-3e15-cccd6ec83bb5,based on,Fahrenheit: Indigo Prophecy Remastered,"""Q61987120""",Fahrenheit: Indigo Prophecy Remastered,"""Q1327449""",Fahrenheit,property_value_update,2015 remaster of the 2005 interactive video game Fahrenheit,2005 cinematic interactive drama action-adventure video game,property_value_update
1710176770,47,Q1755151$0B43C355-06AF-40EB-9374-8756574D887C,shares border with,Alfenas,"""Q1900550""","Fama, Minas Gerais","""Q22062565""",Fama,property_value_update,town and municipality in the state of Minas Gerais in the Southeast region of Brazil,town and municipality in the state of Minas Gerais in the Southeast region of Brazil,property_value_update
1952199335,69,Q111685231$41fb17bc-4924-ba15-d63a-3b173079c01b,educated at,Oscar Ukonu,"""Q109502160""",Federal Polytechnic Nekede Library,"""Q109235461""",Federal Polytechnic Library Nekede Owerri,property_value_update,Academic Library in Nigeria,academic library in Nigeria,property_value_update
1872702304,119,Q54551987$f05c5ba4-486d-8fe7-53ad-0da5f06e32f0,place of burial,Tatiana Dokoudovska,"""Q114633246""",Forest Hill Calvary Cemetery,"""Q28365628""",Forest Hill Cemetery,property_value_update,"cemetery in Kansas City, Missouri","cemetery in Kansas City, Missouri, US",property_value_update
1790146423,39,Q498266$D653DC9A-CE2B-4E76-8D6E-8B9C2BB0847F,position held,Yoon Jeung-hyun,"""Q115682062""",Minister of Finance and Economy,"""Q12592471""",Minister of Economy and Finance of South Korea,property_value_update,Ministerial position in South Korea,South Korean government position,property_value_update
2234861509,8626,Q129676408$b8c543bc-4c0b-c2e1-da81-ae1055ed462d,opening time,,"""Q55811413""",9:00,"""Q95045813""",9:00:00,property_value_update,"point of time during the day, 09:00 am local time, in the morning, minute precision",point of time,unrefinement
825211031,301,Q60212106$80def2cf-4e09-3f86-9e85-b9f4d7d07fb0,category's main topic,"Category:January 10, 2019","""Q23806""",10,"""Q59279752""","January 10, 2019",property_value_update,natural number,date,property_value_update
1876155914,1064,Q110026806$b3ddc6d2-447f-6586-1c32-c131a682435c,track gauge,Reißeck-Standseilbahn,"""Q43016""",1000,"""Q24609""",1000 mm track gauge,property_value_update,natural number,track gauge of one metre,property_value_update
1586034366,2408,Q320713$2f2a2647-4629-ddfe-2510-ad67d990c40a,set in period,Cantar de Mio Cid,"""Q7063""",11th century,"""Q49832""",23rd century,property_value_update,century,"time period between January 1, 2201, and ended on December 31, 2300",property_value_update
109323399,155,Q170374$5cab93df-420b-a708-fac3-0279867bf428,follows,110s BC,"""Q172453""",120s,"""Q172440""",120s BC,property_value_update,decade,decade,property_value_update
1754768449,7779,Q96702$904f5762-43ee-955b-0faf-780f9db7f1be,military unit,Alfred von Böckmann,"""Q4028523""",12th Army,"""Q171660""",12th Army (German Empire),property_value_update,World War I field Army,army level command of the German Army in World War I,refinement
752354330,2283,Q4046611$f2b13815-47f0-d534-b7a2-e680bdeeca1c,uses,Pentax K2,"""Q31346""",135,"""Q1051557""",135 film,property_value_update,year,"photographic film format provided in a cartridge, also known as 35 mm film from the width of the film strip; most common analog (chemical) film used during the era of analog photography by both amateur und professional photographers",property_value_update
951854223,279,Q6964436$ffa69fd7-4236-a93f-ba99-5b31326dcba5,subclass of,Leica I,"""Q1051557""",135 film,"""Q63992236""",135 film camera,property_value_update,"photographic film format provided in a cartridge, also known as 35 mm film from the width of the film strip; most common analog (chemical) film used during the era of analog photography by both amateur und professional photographers",camera that uses 135 film,property_value_update
1285615218,81,Q2484142$4de84014-4d96-f319-6fec-d20cf2a84fbf,connecting line,Szybowice,"""Q521741""",137,"""Q11757153""",railway line 137,property_value_update,natural number,railway line in Poland,property_value_update
1891097293,800,Q29345493$5ed7a3c7-46d0-c3f0-7b73-7500fcd7334e,notable work,Christian Lee Navarro,"""Q18464203""",13 Reasons Why,"""Q96244921""",13 Reasons Why: Season 2 – A Netflix Original Series Soundtrack,property_value_update,2017 American teen drama television series,2018 compilation soundtrack album; various artists,property_value_update
1504363000,39,Q2586763$b8a6e44e-4810-e5de-e7f8-62119eddc292,position held,Balakh Sher Mazari,"""Q42317171""",14th Prime Minister of Pakistan,"""Q735575""",Prime Minister of Pakistan,property_value_update,,head of government of Pakistan,property_value_update
398258723,3156,Q165929$dd04a475-4234-5b5d-6fcb-d9f6229a626b,Australian Classification,StarCraft,"""Q23591""",15,"""Q26708078""",MA 15+,property_value_update,year,Australian Classification media rating: not suitable for people under 15,property_value_update
362989088,81,Q19860553$ba43d15c-4d92-9e0d-36d3-ffe4a2569fe8,connecting line,Saint-Maur - Créteil,"""Q23591""",15,"""Q3240151""",Paris Métro Line 15,property_value_update,year,planned métro line in Île-de-France,property_value_update
1162476540,527,Q679108$020e9008-4072-db72-8755-cbb2665b2e23,has part(s),trams in Basel,"""Q89415715""",15,"""Q16854974""",Tram line 15 (Basle),property_value_update,"tram line in Basel, Switzerland","tram line in Basel, Switzerland",property_value_update
1796729751,916,Q106804282$a3461c6f-4e7c-3da6-c2e6-4ee4102993bd,GSRR rating,Tales of the Neon Sea,"""Q104839742""",15+,"""Q14928341""",Parental Guidance 15+,property_value_update,category in the Taiwanese film rating system,GSRR video game content rating,property_value_update
466345009,1064,Q4530867$125b77a8-444b-5539-2107-2d526b909a58,track gauge,Electrozavodskaya rail siding,"""Q13634693""",1520,"""Q1197451""",1520 mm track gauge,property_value_update,natural number,broad track gauge,property_value_update
581817077,1064,Q1968856$d31c3d82-473a-fa75-d909-2edb5897b09a,track gauge,Tram transport in Noginsk,"""Q42217213""",1524 mm,"""Q19750814""",1524 mm track gauge,property_value_update,rail gauge standart for trams in ex-USSR and Finland railways,broad track gauge,refinement
2293686173,155,Q4551907$249979EA-4D07-4D06-936D-A2F11BAB4479,follows,1690 in England,"""Q4551884""",1689 in England,"""Q8099961""",Category:1689 in England,property_value_update,England-related events during the year of 1689,Wikimedia category,property_value_update
1467761760,3803,Q107660457$d5992688-411a-9e00-f074-9e2e59a1db0d,original film format,Krka -The Health Report Of A River,"""Q4552080""",16 mm,"""Q194383""",16 mm film,property_value_update,Wikimedia disambiguation page,film gauge,property_value_update
100723212,197,Q4632033$f72bc5d0-4e8b-fba1-3fe4-b78db93d4e4a,adjacent station,24th Street Mission station,"""Q4552236""",16th Street,"""Q4552246""",16th Street Mission station,property_value_update,New York City Subway station in Brooklyn (closed 1940),"BART station in the Mission District of San Francisco, California",property_value_update
2126349250,2348,Q107036265$838edc5b-40be-b4f9-6866-d2dae7d88923,time period,Relics of Martioda,"""Q40118""",17,"""Q7016""",17th century,property_value_update,natural number,century,property_value_update
1983964583,156,Q23981240$70101e80-4f76-be78-ba98-846c0ed45871,followed by,Category:Organizations disestablished in 1711,"""Q6871""",1712,"""Q30238045""",Category:Organizations disestablished in 1712,property_value_update,year,Wikimedia category,property_value_update
490994713,2629,Q18151446$1ea4c45d-4731-dfb9-d703-755b2df2c2d7,BBFC rating,Knock Knock,"""Q38712""",18,"""Q4557532""",18 certificate,property_value_update,natural number,BBFC content rating indicates restricted to adults aged 18 years and over,property_value_update
400126415,1981,Q27670705$3a6b04fb-4c63-c64c-f711-01fb5c51437d,FSK film rating,Lockdown,"""Q38712""",18,"""Q20644798""",FSK 18,property_value_update,natural number,rating in the FSK German film-rating system: persons aged 18 years or older only (Germany)/persons aged 18 years or older; persons aged 16-17 years allowed with an adult (Switzerland),property_value_update
891590443,908,Q11855735$a98951b5-4923-36f9-b1ef-0e268717821c,PEGI rating,Damage: The Sadistic Butchering of Humanity,"""Q23756""",18,"""Q14915517""",PEGI 18,property_value_update,year,PEGI video game content rating,property_value_update
320065627,914,Q536833$daebeb85-4ce0-6373-0865-22a6fcb6129d,USK rating,Nightmare Creatures,"""Q23756""",18,"""Q14920394""",USK 18,property_value_update,year,USK video game content rating: no release to youth; suitable only for adults aged 18 years and over,property_value_update
760039903,1344,Q67787$E24E647A-6ADA-4DD9-B379-95FDFA17203F,participant in,Gisela Birkemeyer,"""Q8415""",1960 Summer Olympics,"""Q3628544""",athletics at the 1956 Summer Olympics – women's 100 metres,property_value_update,"Games of the XVII Olympiad, in Rome, Italy",women's 100 metres events at the Olympics,property_value_update
1290811549,910,Q31337236$C1AE9540-B7B8-4521-8B46-D71F398A319D,topic's main category,1961 in Greece,"""Q31337236""",1961 in Greece,"""Q8151359""",Category:1961 in Greece,property_value_update,Greece-related events during the year of 1961,Wikimedia category,property_value_update
1295528451,910,Q100147968$ecc43471-4753-aa43-65d5-5018c46f7d39,topic's main category,1963 in Greece,"""Q100147968""",1963 in Greece,"""Q8152442""",Category:1963 in Greece,property_value_update,Greece-related events during the year of 1963,Wikimedia category,property_value_update
1295534653,910,Q31337244$a9f2e284-4c17-ef9e-32ec-75885b29cf0d,topic's main category,1964 in Greece,"""Q31337244""",1964 in Greece,"""Q7217329""",Category:1964 in Greece,property_value_update,Greece-related events during the year of 1964,Wikimedia category,property_value_update
1529621708,2444,Q87523445$60E02D4C-ED3C-49F6-AF10-E55653CF3331,homoglyph,⁏,"""Q87496143""",;,"""Q104394""",semicolon,property_value_update,Unicode character,punctuation mark that separates major sentence elements,property_value_update
1528991536,527,Q90681329$d599a138-4f5a-3577-2489-0ff3509bc189,has part(s),Kazakh Latin alphabets Grammar version,"""Q87523288""",–,"""Q13219273""",en dash,property_value_update,Unicode character,"punctuation mark (""–"")",property_value_update
1528475831,1299,Q8043$12d0a77b-4780-34ed-4a7b-2983e343f4f2,depicted by,quotation mark,"""Q87523307""",“,"""Q87495536""","""",property_value_update,Unicode character,Unicode character,property_value_update
2068364176,108,Q2503959$c29b64b8-4c0d-0654-6e7b-0e4446a11ead,employer,Iñaki Gabilondo,"""Q22137571""",#0 por Movistar Plus+,"""Q16928132""",Movistar Plus+,property_value_update,Spanish subscription television channel,Spanish TV network,property_value_update
1416904003,913,Q16751793$ff69ebeb-431f-cb96-bb45-59487d9cb8fd,notation,TRUE,"""Q199""",1,"""Q3450386""",1 (digit),property_value_update,natural number one,numerical digit,refinement
1490744224,1269,Q8689$32d215e9-438b-e272-5920-db9814c11823,facet of,myriad,"""Q427923""",10,"""Q23806""",10,property_value_update,natural number,natural number,refinement
1010671186,155,Q2903520$57414bc7-4fac-eb4d-44a2-b1ad1475ec5e,follows,100 euro note,"""Q2903520""",100 euro note,"""Q2903535""",50 euro note,property_value_update,euro banknote,euro banknote,property_value_update
2197755310,2416,Q127243216$4B0C9FF4-D7F2-4D3A-A0BA-FFC1A7FD8FF1,sports discipline competed in,Esther Wejieme,"""Q164761""",100 metres,"""Q56641237""",200 metres indoors,property_value_update,sprint race,,property_value_update
276543146,101,Q3178578$894D2CDD-727E-45FA-B85E-C6A0E6B834F0,field of work,Jiang Fan,"""Q164731""",100 metres hurdles,"""Q170004""",110 metres hurdles,property_value_update,race,track and field hurdling event,property_value_update
2097106485,136,Q453956$10042982-2E91-4D82-BE9C-258C76EB4DA4,genre,Alan Freed,"""Q13080974""",100% Rock and Roll,"""Q7749""",rock and roll,property_value_update,album,"genre of popular music, early subgenre of rock music",property_value_update
1754399573,1889,Q114765077$6445a4e4-4cc8-b5c2-80fe-67748d639148,different from,50 years after author's death,"""Q29940705""",100 years or more after author(s) death,"""Q87369831""",90 years after author's death,property_value_update,copyright protection duration of 100 years from the death of the author(s),copyright protection duration of 90 years from the death of the author(s),property_value_update
1164915498,1269,Q91465814$55fb8f49-4911-83ba-1094-98355c6c78ba,facet of,,"""Q3480931""",10^39,"""Q41027979""",10^120,property_value_update,ten to the 39th power,,property_value_update
1607067132,735,Q111441912$69a6d3b1-4a41-b427-a3be-f16397aced49,given name,Edwin Nii Adjei,"""Q132850""",1046 Edwin,"""Q240931""",Edwin,property_value_update,asteroid,male given name,property_value_update
731713796,1269,Q11792793$6A7D4FB2-30BA-4B3B-A93D-2D38C418C8B0,facet of,nonillion,"""Q14861089""",10^48,"""Q12717231""",10^54,property_value_update,large number,,property_value_update
955098354,495,Q17477993$CE970716-3F1E-47EF-A24A-CA7D17693D13,country of origin,The Law of the Swindler,"""Q1084346""",10792 Ecuador,"""Q736""",Ecuador,property_value_update,asteroid,sovereign state in South America,property_value_update
1839402958,629,Q116773217$A5863BAE-3A54-4284-9E24-B1016E7679BB,edition or translation of,10 haiku : a collection of the few and the many,"""Q116780263""",10 Haiku: a collection of the few and the many,"""Q116773217""",10 haiku : a collection of the few and the many,property_value_update,edition of artist's book by Annie Cicale,artist's book by Annie Cicale,refinement
1787002428,361,Q115221740$957df0ed-4743-f6b5-dab6-2f94afe9f737,part of,2022 missile explosion in Poland,"""Q114565965""",10 October 2022 missile strikes on Ukraine,"""Q115222177""",15 November 2022 nationwide missile strikes on Ukraine,property_value_update,2022 Russian attacks during its invasion of Ukraine,2022 military offensive,property_value_update
703537275,361,Q55197628$fd8e1993-4a29-be74-852d-8e1268c94acd,part of,list of members of the 10th Jatiya Sangsad,"""Q55185793""",10th Jatiya sangsad,"""Q29387197""",10th Jatiya Sangsad,property_value_update,,"legislative term, 2014–2018",property_value_update
1052911559,159,Q23833539$132cdb8a-4aa2-68af-ed67-79a9d3e04c50,headquarters location,Miss Miranda,"""Q1088002""",11083 Caracas,"""Q1533""",Caracas,property_value_update,asteroid,capital and largest city of Venezuela,property_value_update
1059349848,467,Q5156980$c0b9d275-4878-4359-fcc3-27b5ca68f747,legislated by,Comprehensive Methamphetamine Control Act of 1996,"""Q170018""",110th United States Congress,"""Q3596857""",104th United States Congress,property_value_update,2007–2009 meeting of U.S. legislature,1995–1997 U.S. Congress,property_value_update
1254899615,17,Q30911789$9EE9FC63-30D6-4F67-A86D-B975A43B76E4,country,"National Museum of Nicaragua ""Diocleciano Chaves""","""Q19547984""",11908 Nicaragua,"""Q811""",Nicaragua,property_value_update,asteroid,sovereign state in Central America,property_value_update
1290241534,527,Q100251301$8939ef7a-44a9-59d6-2887-9114c207daf6,has part(s),C  Manufacturing,"""Q73244259""",11  Manufacture of beverages,"""Q29584257""",manufacture of beverages,property_value_update,,economic activity,refinement
1637494058,2408,Q489487$af9364bf-42fe-416e-254e-885687be1540,set in period,Windows on the World,"""Q19353520""",11. September 2001,"""Q69304035""","September 11, 2001",property_value_update,book,date in Gregorian calendar,property_value_update
93626438,131,Q15305978$42b71c15-4d71-7b9b-9f5b-8e808a562809,located in the administrative territorial entity,galerie Durand-Ruel,"""Q169293""",11th arrondissement of Paris,"""Q275118""",9th arrondissement of Paris,property_value_update,"one of the 20 administrative districts of Paris, France","one of the 20 administrative districts of Paris, France",property_value_update
1739081025,279,Q113685954$80e12faf-4565-897b-c320-4802127d5c29,subclass of,2022 CRO Race,"""Q22231111""",1.2,"""Q22231112""",2.1,property_value_update,cycling race class defined by the International Cycling Union,cycling race class defined by the International Cycling Union,property_value_update
671392313,279,Q42623368$22c8dc71-4dec-b17a-561d-080ff26e846a,subclass of,M27,"""Q47464261""",120 mm recoilless rifle,"""Q47372512""",105 mm recoilless rifle,property_value_update,weapon class,weapon class,property_value_update
2117025692,1889,Q379564$6ce71bfb-4429-0272-4cc0-99911e45bf22,different from,103 Korean martyrs,"""Q125143446""",124 Korean martyrs,"""Q17520839""",124 Korean Martyrs,property_value_update,"group of Catholic martyrs who died from 1791-1888, recognized in 2014","group of Catholic martyrs who died from 1791-1888, recognized in 2014",refinement
1201464315,7573,Q10307713$6d7d657d-4c5f-f723-4aac-e68035be20a4,IFCO rating,The Hunger Games: Mockingjay – Part 2,"""Q23301855""",12A certificate,"""Q74434531""",12A,property_value_update,"BBFC content rating indicates content is not recommended for children aged under 12 years, so children aged under 12 years must be accompanied by an adult","theatrical certificate in the IFCO classification system (formerly 12PG until January 1, 2005)",property_value_update
2306004961,527,Q7036978$a641262c-49ea-b270-16df-0ba2d851658d,has part(s),Nile Street,"""Q26689018""","1, 2 and 3 Nile Street and Monmouth Hotel","""Q26674865""","1, 2 and 3 Nile Street, Monmouth Hotel and 16a and 17 Monmouth Place",property_value_update,"buildings in Bath, Somerset, England, UK","building in Bath, Somerset, England, UK",property_value_update
147573082,361,Q12052414$15f131f0-402a-159d-8cd9-add42ad2d973,part of,Juror #8,"""Q17418816""",12 Angry Men,"""Q2313956""",Twelve Angry Men,property_value_update,1954 television version,1954 television adaptation by Franklin J. Schaffner,property_value_update
1542631804,2629,Q23894629$68a87239-4d84-b54d-551c-ffbba34bbd34,BBFC rating,Eternals,"""Q23301856""",12 certificate,"""Q23301855""",12A certificate,property_value_update,BBFC content rating indicating a home video release is suitable for persons aged 12 years and over; viewer must be at least 12 year old to watch these video,"BBFC content rating indicates content is not recommended for children aged under 12 years, so children aged under 12 years must be accompanied by an adult",property_value_update
304125065,301,Q17573095$F4906BDA-45FA-4C9B-BD9F-6826B01C63ED,category's main topic,"Category:May 12, 2012","""Q22664640""",12 may 2012,"""Q17981472""","may 12, 2012",property_value_update,,date,refinement
800419570,527,Q18421127$110FE895-A6B0-4057-942D-E4B4A47A8CE1,has part(s),12 Monkeys,"""Q46555698""","12 Monkeys, season 4","""Q46555732""","12 Monkeys, season 3",property_value_update,season of television series,season of television series,property_value_update
2123650486,279,Q125394578$919348b5-4a63-a7bf-86b2-d73b28109ad9,subclass of,Asgardian Calendar,"""Q17154131""",12 month calendar,"""Q17154125""",13 month calendar,property_value_update,type of calendar,"subclass of a calendar, made up of thirteen months",property_value_update
304119865,155,Q17981549$BB5E05DF-4D67-4785-9453-376E051373A2,follows,"November 13, 2012","""Q22664824""",12 November 2012,"""Q17981483""","November 12, 2012",property_value_update,,date,property_value_update
355981733,301,Q18122722$9DB31077-DD52-4DFA-94D1-8A38950D904E,category's main topic,"Category:October 12, 2011","""Q22664478""",12 October 2011,"""Q7479408""","October 12, 2011",property_value_update,,date,property_value_update
304121734,301,Q17573166$E78B999D-95BB-4822-87D5-2C0E5A5B4AE5,category's main topic,"Category:September 12, 2012","""Q22664764""",12 September 2012,"""Q17981491""","September 12, 2012",property_value_update,,date,property_value_update
2155027333,19,Q28150905$2e79d893-4112-187e-830a-80e3ef34e7b7,place of birth,Henri Seignon,"""Q171689""",12th arrondissement of Paris,"""Q169293""",11th arrondissement of Paris,property_value_update,"one of the 20 administrative districts of Paris, France","one of the 20 administrative districts of Paris, France",property_value_update
2255789587,20,Q130403968$ff9229e4-45b8-24f1-c56a-71e8927aea3c,place of death,,"""Q171689""",12th arrondissement of Paris,"""Q15149909""",former 12th arrondissement of Paris,property_value_update,"one of the 20 administrative districts of Paris, France","one of the twelve administrative districts of Paris, France, before 1860",property_value_update
1356364026,1433,Q105328693$350916f5-4abb-c40f-0abe-1d19a42ace57,published in,The Wounded,"""Q100278379""",New York Daily Herald,"""Q924673""",New York Herald,property_value_update,"newspaper published in New York, New York",newspaper of New York City (1835-1924),property_value_update
1510110906,115,Q2961073$59b0a0c9-4095-9459-e9c5-1a0232b28b9f,home venue,Charlton Athletic W.F.C.,"""Q7074305""",Oakwood F.C.,"""Q108855601""",Oakwood Football Club,property_value_update,association football club in England,Association Football Stadium in England,property_value_update
276951942,171,Q14623036$C5D2C2D6-D258-4F61-B1A2-2B0EEB69BD69,parent taxon,Coenosia ambigua,"""Q527224""",Muscidae,"""Q5140777""",Coenosia,property_value_update,family of flies,genus of insects,property_value_update
1987895208,103,Q11064750$003AF856-AED7-4F12-96AE-6364411C28C9,native language,Katie Voutsakis,"""Q13955""",Arabic,"""Q9129""",Greek,property_value_update,Semitic language and lingua franca of the Arab world,Indo-European language,property_value_update
483419324,17,Q6062884$1a521f49-487e-688e-6501-235c69d4a058,country,,"""Q29""",Spain,"""Q298""",Chile,property_value_update,country in southwestern Europe with territories in Africa,country in South America,property_value_update
1353369717,171,Q5957471$41B7D0D2-045B-40F4-A001-D74375F5E593,parent taxon,Hypenodes,"""Q459180""",Noctuidae,"""Q15895370""",Hypenodinae,property_value_update,family of insects,subfamily of erebid moths,refinement
276945654,171,Q13975915$A744CEE2-44A5-4DF6-A72C-D39BA7EF1424,parent taxon,Oxyepoecus striatus,"""Q7386""",Formicidae,"""Q3814600""",Oxyepoecus,property_value_update,family of insects,genus of insects,unrefinement
435701385,19,Q3384218$aeb4c84f-48a1-434d-1f79-a7b24bd702bf,place of birth,Pierre Bruneau,"""Q141731""",Victoriaville,"""Q977""",Djibouti,property_value_update,"city of Québec, Canada",sovereign state in Africa,property_value_update
896262297,1303,Q28890078$554D4FBD-A269-4968-B08F-504D6098EB9B,instrument,Bertha Rosa Limpo,"""Q27939""",singing,"""Q17172850""",voice,property_value_update,act of producing musical sounds with the voice,human voice as musical instrument,property_value_update
1979089091,735,Q21856230$18624CD9-05F6-424D-9074-9547E63C5538,given name,Luis Petri,"""Q115564437""",ChatGPT,"""Q2598693""",Luis,property_value_update,artificial intelligence chatbot developed by OpenAI,male given name,property_value_update
940898529,112,Q63789616$f83ee4ca-4361-b84e-3ffb-46655c79db78,founded by,Fredrik Ahlgren,"""Q1772569""",Ahlgrens bilar,"""Q4695191""",Ahlgrens,property_value_update,type of sweets,Swedish confectionery company,property_value_update
276890953,171,Q3027676$7A490E1C-097E-4A10-844B-36B58834BEDF,parent taxon,Meilichius nigricollis,"""Q1076939""",Endomychidae,"""Q18583933""",Meilichius,property_value_update,family of beetles,genus of insects,property_value_update
622511203,171,Q2710231$4402AEDC-F4FD-46A1-B4FF-D25D7B062BA9,parent taxon,Bombycilaena,"""Q25400""",Asteraceae,"""Q135048""",Gnaphalieae,property_value_update,large family of flowering plants,tribe of plants,refinement
276863667,171,Q2370987$7EC0EA7B-5DB7-4519-A615-36EE73D37D32,parent taxon,Stilbus borealis,"""Q1090654""",Phalacridae,"""Q15635817""",Stilbus,property_value_update,family of beetles,genus of insects,refinement
161598681,171,Q2710245$2BFA64BF-F570-4807-87B9-7DDA1DAC1AD7,parent taxon,Tecticornia,"""Q155931""",Amaranthaceae,"""Q137663""",Salicornieae,property_value_update,family of plants,tribus of plants,refinement
276841003,171,Q2141931$07B9B009-F337-4010-8F32-0790154198B5,parent taxon,Pseudembia immsi,"""Q1941671""",Embiidae,"""Q13604697""",Pseudembia,property_value_update,family of insects,genus of insects,refinement
267048440,171,Q1832138$2EF64E83-0FFD-40CF-B34F-E3525A93EEAF,parent taxon,Skamnarium complanatum,"""Q139814""",Alcyoniidae,"""Q21287633""",Skamnarium,property_value_update,family of cnidarians,genus of cnidarians,refinement
276878578,171,Q2726948$A68D53D3-A9F5-4550-81C9-9DF9D2778960,parent taxon,Metoligotoma collina,"""Q1876836""",Australembiidae,"""Q13604690""",Metoligotoma,property_value_update,family of insects,genus of insects,refinement
1545664622,1412,Q2319879$b5b46e96-4fcb-cca3-a170-2aad7235b43f,"languages spoken, written or signed",Eugenia Smith,"""Q1860""",English,"""Q188""",German,property_value_update,West Germanic language,West Germanic language spoken mainly in Central Europe,property_value_update
1330976794,21,Q83868378$682e2cdb-4cba-7bce-1415-931152e71fc7,sex or gender,Adrien Philibert Perrin de Cypierre de Chevilly,"""Q6581072""",female,"""Q8441""",man,property_value_update,"to be used in ""sex or gender"" (P21) to indicate that the human subject is a female or ""semantic gender"" (P10339) to indicate that a word refers to a female person",male adult human,property_value_update
127575660,186,Q5374168$d4ef0fb0-4fd0-100e-3ddd-c03727161eee,made from material,Empire Towers,"""Q5357422""",Electric Light,"""Q47616""",incandescent light bulb,property_value_update,single by Infernal,"electric light using a wire filament heated by a current passing through it, until it glows",property_value_update
194428060,171,Q6122420$F9188156-9CE0-4C0A-8D07-280491DAE6E0,parent taxon,Schizostephanus,"""Q173756""",Apocynaceae,"""Q5795439""",Cynanchinae,property_value_update,family of plants,subtribe of plants,refinement
1782950397,17,q796684$85DA8545-CC4E-479E-ABA3-8B92DE5605A9,country,Hala'ib Triangle,"""Q79""",Egypt,"""Q1049""",Sudan,property_value_update,country in Northeast Africa and Southwest Asia,country in Northeast Africa,property_value_update
1217433772,19,Q179577$CDF608B2-34E9-4433-AB2D-CACC2DB63954,place of birth,Atahualpa,"""Q2900""",Quito,"""Q419""",Peru,property_value_update,capital of Ecuador,sovereign state in South America,property_value_update
1233162022,551,Q941440$958ec606-457a-6575-9024-0daa5cb74cc2,residence,Igor Škamperle,"""Q546""",Trieste,"""Q437""",Ljubljana,property_value_update,city and seaport in northeastern Italy,capital city of Slovenia,property_value_update
386571113,50,Q27203848$33b5bad3-4889-2230-fc66-e0ede14e009d,author,,"""Q314212""",Afanasy Fet,"""Q6197""",Horace,property_value_update,Russian poet (1820-1892),Roman lyric poet,property_value_update
74549507,132,q1181981$EA002315-32B1-4649-9157-21A652516B13,type of administrative division,Horsham Township,"""Q346810""",Township,"""Q28111""",township in the United States,property_value_update,Wikimedia disambiguation page,one of several types of geographic areas,refinement
568099990,39,Q3266909$609f2793-413c-9568-f27f-ac26ab6ea9b8,position held,Luisa Castro,"""Q3708947""",Director,"""Q484876""",chief executive officer,property_value_update,Wikimedia disambiguation page,highest-ranking corporate officer,property_value_update
1453636991,437,Q6981241$94CED329-DD4C-4F10-91D2-FD3BC8E8C96F,distribution format,Kî ne Em?,"""Q105745""",CD,"""Q34467""",compact disc,property_value_update,Wikimedia disambiguation page,digital optical disc data storage format,property_value_update
1633550826,106,Q22443067$d4e31713-4e89-dc03-6a7b-5c4308fce88b,occupation,Dientje Dull,"""Q34074720""",feminist,"""Q28692502""",women's rights activist,property_value_update,person who supports or (and) practices feminism,person who advocates women's rights,property_value_update
383277035,735,Q17002511$59AEFF79-4B77-4F10-AF1D-384731DE848A,given name,Ella Amitay Sadovsky,"""Q17002511""",Ella Amitay Sadovsky,"""Q988912""",Ella,property_value_update,Israeli artist and painter,female given name,property_value_update
2327837837,735,Q133449293$30FFF1CB-EF0A-4B29-BDA5-3E6A9457EEC2,given name,Eva Lootsar,"""Q37295805""",Preder,"""Q829665""",Eva,property_value_update,family name,female given name,property_value_update
1576738676,19,Q77694959$71DD6F2E-D202-43AF-98A6-57FBC9A67780,place of birth,Domenico Moro,"""Q52530""",Barile,"""Q641""",Venice,property_value_update,Italian comune,"capital city of Veneto, Italy",property_value_update
451379648,735,Q1791005$3BD79690-643C-4407-9E62-1BF456C4C0F9,given name,Georgie Anne Geyer,"""Q28798089""",Faingold,"""Q564684""",Anne,property_value_update,family name,female given name,property_value_update
1121419902,22,Q75345407$06855158-4FAC-4A2E-B5AC-0A3CF2EAA4C4,father,Cosmo Russell,"""Q75331507""",Sir Odo William Theophilus Villiers Russell,"""Q7077886""",Odo Russell,property_value_update,(1870-1951),British diplomat (1870–1951),property_value_update
1124369965,40,Q75348267$73E11E6D-6A4B-4D37-A993-CB7424BDA205,child,Marguerite Thorold,"""Q75348289""","Commnander Charles Maurice Elton Gifford, 5th Baron Gifford of St. Leonard's","""Q20054393""","Charles Gifford, 5th Baron Gifford",property_value_update,(1899-1961),British peer,property_value_update
2155162793,106,Q95312051$C0838D80-2B0D-4A6E-B2EA-702A56988041,occupation,Franz Müller-Steinfurth,"""Q483501""",artist,"""Q9286""",Sculptor,property_value_update,person who engages in any form of artistic creation or practice,constellation in the southern celestial hemisphere,property_value_update
579715162,106,Q27559663$ae14a0c0-4c30-c452-8682-4d14a46c1027,occupation,Carlos Cardán,"""Q10798782""",television actor,"""Q10800557""",film actor,property_value_update,actor who performs on television,actor who appears in films,property_value_update
372088398,735,Q26740534$72fe154c-480a-f648-f60d-b71efc4eb69d,given name,David Barrass,"""Q26740534""",David Barrass,"""Q18057751""",David,property_value_update,actor,male given name,property_value_update
2151028551,495,Q125878783$1FCC8A9C-6654-46BC-852E-D9B66FC54CF2,country of origin,Lugano Servizi,"""Q38""",Italy,"""Q39""",Switzerland,property_value_update,country in Southern Europe,country in Central Europe,property_value_update
295366852,27,q257493$50B31FE4-4972-47EE-A383-D0CA49025C37,country of citizenship,Veronica Franco,"""Q38""",Italy,"""Q928""",Philippines,property_value_update,country in Southern Europe,archipelagic country in Southeast Asia,property_value_update
1668178656,800,Q80808767$b8008e09-46d7-652b-6fc7-7ef591b7b1a0,notable work,Kalush Orchestra,"""Q110984212""",Stefania,"""Q112774556""",Yo-yo,property_value_update,2022 song by Kalush Orchestra,2021 EP by Kalush,property_value_update
725854583,1308,Q56085863$222FD2F8-EDEE-462E-B4B5-C629B642C4C8,position holder,Limassol District Officer,"""Q15235241""",Christodoulos Karydes,"""Q29642011""",Marios Alexandrou,property_value_update,Cypriot mayor,politician,property_value_update
63673991,171,q1475666$15ae3f43-44c1-3d92-58c7-e14a3022a881,parent taxon,Planorbidae,"""Q1425115""",Lymnaeidae,"""Q2098296""",Planorboidea,property_value_update,family of molluscs,superfamily of molluscs,property_value_update
693402957,516,Q2931904$d2065319-4713-5689-f041-895d8bf4b913,powered by,CP 1000 class,"""Q1429537""",L. Gardner and Sons,"""Q54884144""",Gardner 8L3,property_value_update,company,model of British 8-cylinder diesel engine,property_value_update
276924512,171,Q10786684$525345C9-B1F8-4335-9913-BC7A1BDA227B,parent taxon,Lochyrus crassus,"""Q837089""",Asilidae,"""Q14512953""",Lochyrus,property_value_update,family of flies,genus of insects,property_value_update
1470120615,735,Q81904696$1DAECCD2-E591-4163-A1A0-CCA1B069F790,given name,Connor Ladd,"""Q3246457""",Connor,"""Q3008817""",Cynyr,property_value_update,unisex given name,male given name,refinement
1909733736,176,Q83642048$651479DD-D9DB-430B-B428-C1BCAD8EA9BF,manufacturer,Marjatta,"""Q21170351""",J.J. Sietas,"""Q877321""",Pella Sietas,property_value_update,,former German shipbuilding company,property_value_update
777965303,19,Q2830989$87E3E4B8-94C5-48A4-9D7D-6974607452E9,place of birth,Albert Brouett,"""Q90""",Paris,"""Q456""",Lyon,property_value_update,capital city and largest city of France,city of France,property_value_update
812115204,170,Q47512210$FEC78B10-72B9-40CB-AB82-30A7B8C9FB0F,creator,Moscow's Bold Challenge,"""Q59682035""",Ross Barron Storey,"""Q4863815""",Barron Storey,property_value_update,artist,American illustrator (born 1940),property_value_update
567376245,735,Q6654015$47D9BDF9-471F-4DA4-805E-F716EF7115FE,given name,Liudmila Gatagova,"""Q22895965""",Liudmila,"""Q41134709""",Lyudmila,property_value_update,female given name,female given name (Людмила),refinement
199562533,171,Q14645092$26F2FD08-5246-40A7-88D7-2834DAC58F48,parent taxon,Myrmilla troodosica,"""Q252363""",Mutillidae,"""Q4044766""",Myrmilla,property_value_update,family of wasps,genus of insects,refinement
1187716689,31,Q56399385$4816F720-D2EF-459A-8160-49C313730877,instance of,Atta Halilintar,"""Q2757752""",Animal,"""Q5""",human,property_value_update,journal,"any member of Homo sapiens, unique extant species of the genus Homo",refinement
1976784354,37,Q12586$5F8ED3BB-2FA0-4702-8517-81EC0325C954,official language,Besalú,"""Q7026""",Catalan,"""Q7850""",Chinese,property_value_update,Western Romance language,language group of the Sinitic languages,property_value_update
2067113881,21,Q687727$c803c810-4524-03db-76c9-436beeedca2b,sex or gender,Sergeant Stubby,"""Q43445""",female organism,"""Q44148""",male organism,property_value_update,organism of the female sex,male animal or plant,property_value_update
227748049,106,Q598023$EEE44365-AE01-4122-BA2F-01F77921D8DA,occupation,Pamela Díaz,"""Q4610556""",model,"""Q3139147""",Modelia granosa,property_value_update,"person employed to display, advertise and promote products, or to serve as a visual aid",species of mollusc,property_value_update
598891813,69,Q7030189$94144a69-4778-8c4f-4c98-f5efd883e9ab,educated at,Nicole Stamp,"""Q4854863""",Banff Centre for Arts and Creativity,"""Q5537326""",George Brown College,property_value_update,"arts organization in Banff, Alberta, Canada","college in Toronto, Ontario, Canada",property_value_update
113261973,31,q6424147$BC65607B-2993-4634-BBAB-75D9166736A8,instance of,Ko Kra,"""Q8502""",mountain,"""Q33837""",archipelago,property_value_update,large natural elevation of the Earth's surface,collection of islands including the water around them,property_value_update
1124375001,40,Q75319519$1F0522D0-50E3-4E82-9171-72EABA1C57A3,child,Marie Ernestine von der Schulenburg,"""Q75319571""",Sir Francis Howard,"""Q5481337""",Francis Howard,property_value_update,(1848-1930),British Army general,property_value_update
924149522,106,Q63284824$7ae77440-a2a6-49a5-9cd6-87113fa1714a,occupation,Paul-Edouard Crébassa,"""Q329439""",engraver,"""Q11569986""",printmaker,property_value_update,craftsman with the profession of engraving,person who makes prints from plates or blocks,property_value_update
616125837,462,Q33135546$920f6395-494a-3a74-9020-cdcb07914764,color,,"""Q47071""",brown,"""Q23444""",white,property_value_update,color,lightest color,property_value_update
405437440,31,Q2477995$9AF29EAA-D238-4B8A-8552-B7BD1734242E,instance of,To Court the King,"""Q11410""",game,"""Q5272343""",Dice Game,property_value_update,structured form of play,album by Guilty Simpson,property_value_update
1332820242,108,Q56419460$FFF2CBA1-B4E6-4A66-BD9E-54173C6F22D9,employer,Mert Ozan Bahtiyar,"""Q1141586""",University Lille-III,"""Q1961140""",Yale School of Medicine,property_value_update,French university,graduate medical school at Yale University,property_value_update
641519218,31,Q1121535$0356678D-88F5-456F-8B77-2E0EA2428E59,instance of,KsOd V,"""Q2452850""",railway traction vehicle,"""Q19832486""",locomotive class,property_value_update,,locomotive type,property_value_update
615100435,106,Q434685$CA560168-1E5F-4972-BC07-72D1723D7C6C,occupation,Lea Ahlborn,"""Q1281618""",sculptor,"""Q42296496""",medal engraver,property_value_update,artist specializing in sculpture,,refinement
1094741898,413,Q15522811$ABD451F9-B12D-4C5B-A49C-4AEBB7F4E185,position played on team / speciality,Carlos Clerc,"""Q336286""",defender,"""Q10862438""",fullback,property_value_update,association football position,association football defender position,refinement
472255529,2283,Q190382$a9c82195-40a2-32e9-5108-56651ab4edb7,uses,ionization,"""Q11432""",gas,"""Q29147941""",gaseous state of matter,refinement,fundamental state of matter in which constituent particles are widely separated with weak intermolecular bonds,"one of the four fundamental states of matter, characterized by an absent free surface",property_value_update
308859499,279,q5518$69f9e9e5-4dfb-bf2e-5036-a1542d0eebc3,subclass of,liceo classico,"""Q159334""",secondary school,"""Q15938054""",secondary education in Italy,refinement,organization where secondary education is provided,overview of secondary education in Italy,property_value_update
650198161,361,Q205895$6c46a4b2-43c7-8f16-610d-ee669a9a59b1,part of,landmass,"""Q634""",planet,"""Q2""",Earth,refinement,celestial body directly orbiting a star or stellar remnant,third planet from the Sun in the Solar System,property_value_update
84611098,106,q345849$82770DC1-B572-4F25-8A83-767E7413DAA4,occupation,Pedro Albizu Campos,"""Q8473""",military,"""Q4991371""",soldier,refinement,organization primarily tasked with preparing for and conducting war,member of the armed forces,property_value_update
222779218,136,Q153552$308B32A0-333B-4BF1-BF4F-5F4C3A0AD2FC,genre,Young Woman at a Window,"""Q134307""",portrait,"""Q1400853""",portrait painting,refinement,artistic representation of one or more persons,genre of painting; field of work for painters,refinement
2183150329,127,Q3587$4d9416f1-4584-73ed-daef-603683e22d71,owned by,TV Globo,"""Q614283""",Grupo Globo,"""Q106562841""",Globo,refinement,Brazilian media group,Brazilian media company,property_value_update
1369193760,31,q269602$032fb135-4cd1-19a5-808a-356812533fd1,instance of,Brown Bess,"""Q1461850""",muzzle loader,"""Q22704163""",firearm model,refinement,class of gun which is loaded from the muzzle,"specific firearm design, pattern, or version of which all examples are essentially identical",property_value_update
2007541393,20,Q14043$7645f5be-4da9-2f08-113e-ced9ca4613bd,place of death,Bernard Madoff,"""Q578225""",Butner,"""Q5440292""","Federal Medical Center, Butner",refinement,"town in Granville County, North Carolina, United States",United States federal prison in North Carolina,property_value_update
639767037,423,Q389577$3C23CC93-85D0-4DE8-A43D-A3AFA586D5FB,shooting handedness,Carl Klingberg,"""Q14565199""",right,"""Q10927630""",right-handed shot,refinement,relative direction,hockey player shooting with right hand: item for property:P423,property_value_update
1882311903,20,q66147$00A1FBD9-C891-4B83-9740-282FF8C4018E,place of death,Friedrich Meinecke,"""Q64""",Berlin,"""Q56036""",West Berlin,refinement,"federated state, capital and largest city of Germany",the Western sectors of Berlin between 1945 and 1990,property_value_update
2285357155,19,q330997$69CAD569-2860-4A18-B984-A2A873E271D4,place of birth,Pietro Nobile,"""Q69043""",Capriasca,"""Q2984733""",Campestro,refinement,municipality in the canton of Ticino in Switzerland,"village in the canton of Ticino, Switzerland",property_value_update
421510770,17,Q387224$C27F00F3-B9A7-4242-9FED-3DB1B8385264,country,F.C. Fiorentino,"""Q38""",Italy,"""Q238""",San Marino,refinement,country in Southern Europe,"sovereign state in southern Europe, enclaved within Italy",property_value_update
1647622275,19,Q279803$888CAE6A-D708-4900-BAD7-60FAF9D3660B,place of birth,Rosalia Nghidinwa,"""Q953068""",South-West Africa,"""Q918461""",Nkurenkuru,refinement,"former country, a mandate of South Africa",city in Namibia,property_value_update
1805842585,31,Q144454$CF6747BC-0794-496E-AF89-E11B6C9E950B,instance of,Tatranská Lomnica,"""Q3257686""",locality,"""Q2983893""",quarter,refinement,place of human settlement,"division or section, region or part of a town, city or municipality, which may be an administrative unit",refinement
1990472349,31,Q8229$833f5a51-4484-2e9d-a38e-0f16af2219c6,instance of,Latin script,"""Q119520394""",type of writing system,"""Q8192""",writing system,refinement,Wikidata metaclass for writing systems,any conventional method of visually representing verbal or signed communication,unrefinement
1688690259,4552,Q402495$660C03DF-9657-4BCF-9F7A-C8076D520E8C,mountain range,Ahornbüchsenkopf,"""Q679384""",Berchtesgaden Alps,"""Q1559321""",Göll,refinement,mountain range of the Northern Limestone Alps,mountain range in the Berchtesgaden Alps along the border Salzburg / Bavaria,refinement
81066916,31,q121449$c2411d73-40e3-8e8c-84e0-91dec9b79803,instance of,Lea-Francis,"""Q187939""",manufacturing,"""Q786820""",automobile manufacturer,refinement,industrial activity producing goods for sale using labor and machines,company that makes automobiles,refinement
1736168269,641,Q304918$D65DA68A-EEB0-4287-97F1-096A4F658985,sport,Italian motorcycle Grand Prix,"""Q5367""",motorsport,"""Q850292""",Grand Prix motorcycle racing,refinement,sporting competition and recreation activities which primarily involve the use of motorised vehicles,premier championship of motorcycle road racing,refinement
1866821125,1303,Q87989$FF437874-D186-40AF-AEAF-571969673538,instrument,Christoph Nichelmann,"""Q5994""",piano,"""Q81982""",harpsichord,refinement,musical keyboard instrument,plucked-string keyboard instrument,property_value_update
118053637,279,q104680$746B9504-447A-4C71-8641-E24BAE49E015,subclass of,colonel,"""Q4991371""",soldier,"""Q189290""",military officer,refinement,member of the armed forces,member of an armed force or uniformed service who holds a position of authority,refinement
1018482290,108,Q319723$0ed0fc5d-459a-0121-347c-44a621a25e46,employer,Tex Avery,"""Q126399""",Warner Bros.,"""Q384930""",Warner Bros. Cartoons,refinement,American entertainment company,former in-house animation division of Warner Bros.,refinement
14405934,135,q171091$915E2A5D-4C93-465B-ACBE-7E156250EC18,movement,Philip K. Dick,"""Q2681223""",postmodernism,"""Q113013""",postmodern literature,refinement,postmodernist theories within international relations,literary form and movement of the twentieth century,refinement
2049087013,509,Q37076$0a70b897-dcc5-4284-b678-cf8be787afc9,cause of death,Alexios V Doukas,"""Q11620540""",fall,"""Q11637534""",falling from height,refinement,"downwards motion, under the influence of gravity",cause of death,property_value_update
1845474173,19,Q64164$02FFCF78-D8F6-41B8-A5E9-8D52F320253D,place of birth,Lisa Ekdahl,"""Q1754""",Stockholm,"""Q10531256""",Hägerstens församling,refinement,capital and largest city of Sweden,"parish in Stockholm, Sweden",property_value_update
1507585597,19,q271991$630B381C-729A-44BD-B85C-B5D37169B52A,place of birth,Germaine Tillion,"""Q248640""",canton of Allègre,"""Q1065755""",Allègre,refinement,canton of France (until March 2015),"commune in Haute-Loire, France",property_value_update
1322518496,19,q132440$ED030575-E9AB-4648-A82A-B4C24A286BA7,place of birth,Princess Charlotte Augusta of Wales,"""Q84""",London,"""Q1043440""",Carlton House,refinement,capital and largest city of England and the United Kingdom,"former mansion in London, best known as the town residence of the Prince Regent for several decades from 1783",property_value_update
1786748795,20,q434040$9c24cc3f-4cf5-283e-252c-96f8b15aa21d,place of death,Pierre Petit,"""Q90""",Paris,"""Q201982""",Clichy,refinement,capital city and largest city of France,"commune in Hauts-de-Seine, France",property_value_update
790851690,97,Q36234$9f07790d-a017-4e78-b32b-11aee1d3895c,noble title,Charles III of Spain,"""Q166886""",duke,"""Q3847454""",monarch of Spain,refinement,noble or royal title in some European countries and their colonies,position of the head of state of Spain,property_value_update
1142253039,19,Q465004$520C49AF-7836-4C42-9613-96DE372F5499,place of birth,Rob Lee,"""Q84""",London,"""Q939617""",West Ham,refinement,capital and largest city of England and the United Kingdom,"district of the London Borough of Newham in East London, England",property_value_update
1659596700,31,Q186005$4b95eb4a-4372-ce58-c132-0e4edfb752fb,instance of,physiotherapy,"""Q44597158""",health specialty,"""Q954946""",Physical medicine,refinement,"services that promote health, prevent diseases and deliver health care services to individuals, families and communities based on the primary health care approach","Use of physical methods of treatment, such as electric current, pressure and others",refinement
701088656,31,Q227838$ccfc3464-476d-83a8-fa52-075b965e6b4f,instance of,Zuckerfabrik Güstrow,"""Q83405""",factory,"""Q55162135""",sugar refinery,refinement,"facility where goods are industrially made, or processed","agrifood craftwork or factory, which processes sugar beet, cane or natural sweetened sirups, in order to produce raw sugar, or to refine it into white sugar or ethanol",refinement
1894255508,108,Q65922$d2a09c0d-4702-4b2d-03e9-7445a695708e,employer,Martin Wuttke,"""Q414538""",Musikhochschule and Akademietheater,"""Q113470466""",Akademietheater,refinement,school and theatre building in Vienna,"theatre company in Vienna, Austria",property_value_update
1671224937,159,Q173712$D51AB9C7-8762-4281-B131-7D3681EFD6EE,headquarters location,J. A. Prestwich Industries,"""Q84""",London,"""Q529802""",Northumberland Park,refinement,capital and largest city of England and the United Kingdom,"area in Tottenham, London, United Kingdom",property_value_update
1792042494,166,Q151113$18930784-4f97-24bb-652a-0a9a5aa14b18,award received,Billie Piper,"""Q5416631""",Evening Standard Theatre Awards,"""Q106696935""",Evening Standard Theatre Award for Best Actress,refinement,the oldest theatrical awards ceremony in the United Kingdom,British theatre award,refinement
224199863,31,q5449129$6C180EFE-F9EF-428C-88F1-2E595446C59F,instance of,Filming The Trial,"""Q11424""",film,"""Q20366042""",unfinished film,refinement,"sequence of images that give the impression of movement, stored on film stock",,refinement
1416113265,39,Q83802962$e53d6cfa-4b8c-b6b0-82d3-a4360b2f4cb3,position held,Nicolas Bourgeois,"""Q9200127""",member,"""Q21032611""",member of the Council of Elders,refinement,,,refinement
726083097,69,Q12034279$0EC87BB5-9BEE-4678-8E8C-842E50772685,educated at,Ludwik Possinger-Choborski,"""Q80207""",Lviv University,"""Q9379652""",Law Faculty of Lviv University,refinement,"public university in Lviv, Ukraine",,refinement
236578262,31,Q11177880$A7559A4F-1F2C-4185-9C62-C5BBE5C33375,instance of,Huanghelu Subdistrict,"""Q12808966""",subdistrict,"""Q986065""",subdistrict in China,refinement,,People's Republic of China township-level subdivision,refinement
225663280,31,Q20085832$875338F0-8EFD-4869-AA0C-B33109FB9083,instance of,Efron,"""Q95074""",character,"""Q14943515""",biblical character,refinement,fictional human or non-human character in a narrative work of art,,refinement
532479510,31,Q1285623$4BA8E415-639D-40E9-929C-C381DEB5AE6D,instance of,Novi Zagreb – istok,"""Q149621""",district,"""Q34978972""",district of Zagreb,refinement,"type of administrative division, in some countries",,refinement
1929464339,39,Q1479665$c1e908e5-4a5b-7484-5651-5cdc2647f60e,position held,Raymund Tschudi,"""Q103163""",abbot,"""Q120356180""",abbot of monastry Einsiedeln,refinement,religious title,,refinement
763063497,360,Q2581595$8ACBF3AF-1BAC-442A-9099-7146FA0633B9,is a list of,list of number-one hits of 1961 in Norway,"""Q20878491""",number-one hit,"""Q57274112""",number-one hit in Norway,refinement,song or single that has occupied the highest rank on a music chart,,refinement
574087456,31,Q2129474$b538b699-4d48-d098-4982-c5649c80cbd3,instance of,,"""Q44""",beer,"""Q22811486""",high fermentation beer,refinement,alcoholic drink,,refinement
351556129,150,Q168159$c95b4a1b-465d-9c28-4fd6-ad95027d8611,contains the administrative territorial entity,Anglesey,"""Q3399236""",Bodedern,"""Q24664805""",Bodedern Community,refinement,"village and community in Anglesey, Wales",,refinement
2067234963,279,Q1078402$35AD49F8-02BC-4EF9-86BE-446E41CC3257,subclass of,Christianity in East Germany,"""Q5043""",Christianity,"""Q21655745""",Christianity in Germany,refinement,Abrahamic monotheistic religion,,refinement
722249769,31,Q5365731$95952475-0974-4577-9A5E-E822ADBAD111,instance of,Elliott State Forest,"""Q4421""",forest,"""Q7603683""",state forest,refinement,dense collection of trees covering a relatively large area,,refinement
639746780,423,Q1744062$F4B875C9-13C2-4FEC-8445-AEAA15227590,shooting handedness,Miroslav Duben,"""Q13196750""",left,"""Q10927615""",left-handed shot,refinement,relative direction,hockey player shooting with left hand: item for property:P423,refinement
688707340,31,Q1752657$1925B12A-1F0E-4510-B968-8AFC98A8B739,instance of,Petersohn,"""Q101352""",family name,"""Q17091404""",patronymic surname,refinement,"part of a naming scheme for individuals, used in many cultures worldwide",surname based on the father's given name,refinement
2107950646,31,Q65272795$72745312-8040-40E8-B6D5-EB11903EB117,instance of,Rychter,"""Q101352""",family name,"""Q19604139""",Polish surname,refinement,"part of a naming scheme for individuals, used in many cultures worldwide",,refinement
223682509,136,Q1035697$462194cc-4ce9-bd15-4cf3-b1d51611dc77,genre,Cardiacs,"""Q102932""",Avant-garde,"""Q2332751""",avant-garde music,refinement,works that are experimental or innovative,music genre,refinement
1078887208,1435,Q29286905$3D744FE7-F6F1-48DA-AC81-12F91B7DE671,heritage designation,,"""Q10387684""",classified historical monument,"""Q61058403""",French object classified as a historical monument,refinement,national heritage site in France,French object classified as a Historical Monument by the French State,refinement
1406041336,2094,Q54823843$B39D4D43-7244-465A-A471-F325D56731BC,competition class,2018–19 División de Honor de Waterpolo,"""Q10522711""",men's sports,"""Q59689882""",men's water polo,refinement,sports participated by males,water polo practiced by men,refinement
1212463117,106,Q77326928$84f15846-4d33-baaa-d67a-2eda9094c911,occupation,Kenneth Nygård,"""Q10526703""",president for a Court of Appeal,"""Q96334329""",President of Turku Court of Appeal,refinement,,,refinement
806391955,166,Q78479$C3166AC3-FF32-4765-A74A-F8668836FE1A,award received,Julius Wagner-Jauregg,"""Q11415564""",honorary doctorate,"""Q34476636""",honorary doctor of the University of Vienna,refinement,honorary academic degree,,refinement
1924704745,31,Q20043545$20e8552b-4558-d63b-fa5d-96de113d4f9b,instance of,Onagawa Stone Memorial of Life,"""Q11567059""",natural disaster monument,"""Q11556222""",tsunami boulder,refinement,monuments created to pass down the situation and lessons of large-scale natural disasters to future generations,,refinement
2087104512,1435,Q15643008$B2476F60-2434-4448-879A-96845D77A4AC,heritage designation,Johanneskirche Künzelsau,"""Q11691318""",cultural heritage monument in Germany,"""Q50378766""",cultural heritage monument in Baden-Württemberg,refinement,official term for a site of cultural heritage in Germany,,refinement
1660214696,106,Q112502248$C2D19EA5-63FA-45DB-8390-1CAA2F3CBEEA,occupation,Ann George,"""Q1231865""",pedagogue,"""Q1622272""",university teacher,refinement,person working in the academic field of pedagogy,person teaching at a university,refinement
1779138725,31,Q112865230$07b257b9-402a-d67b-682a-7ad9d779bcdb,instance of,Coat of arms of Olne,"""Q14659""",coat of arms,"""Q41505469""",Belgian municipal coat of arms,refinement,"heraldic design on a shield, surcoat or tabard",,refinement
1641654660,16,Q11469862$F266D15F-001B-41C6-B3E0-983CDE254108,transport network,Yamanashi Prefectural Road Route 608,"""Q1537326""",prefectural road,"""Q111696673""",Yamanashi prefectural roads,refinement,prefectural road in Japan,,refinement
1669986827,16,Q11672392$02a7efc0-4def-a0d8-098c-7569565186c7,transport network,Kochi Keihin Road,"""Q1537326""",prefectural road,"""Q111705413""",Kochi prefectural roads,refinement,prefectural road in Japan,,refinement
1646039220,16,Q11654498$55F77B24-35DF-480E-AB0A-FBA73CC833D9,transport network,Nagano Prefectural Road Route 232,"""Q1537326""",prefectural road,"""Q98599286""",Nagano prefectural roads,refinement,prefectural road in Japan,,refinement
1454297202,31,Q21207346$1CF26E57-A30B-4EB1-8FA7-4E74A352B72F,instance of,,"""Q1539532""",sports season of a sports club,"""Q29032784""",rugby union team season,refinement,activity of a sports club during the portion of one year in which regulated games of a sport are played as part of a league or other multi match tournament,,refinement
546237025,31,Q3364048$C256A31C-7CFF-437E-8072-2BD4240A5ACA,instance of,Goose Creek State Park,"""Q16023747""",state park of the United States,"""Q37952119""",North Carolina state park,refinement,type of protected area in the United States,,refinement
1641707795,106,Q57812884$BA11EF25-F472-43B8-AFF0-9E9DC5BC1445,occupation,Giancarlo Ragozini,"""Q1650915""",researcher,"""Q2732142""",statistician,refinement,"person who engages in research, professionally or otherwise. If a more specific occupation is known, use that instead",person who works with theoretical or applied statistics,refinement
714325222,39,Q3109128$635005A6-95F9-453B-8C11-03A2FB8FB795,position held,Uma Bharti,"""Q16556694""",member of the Lok Sabha,"""Q42509248""",Member of the 16th Lok Sabha,refinement,representative of the Indian people in the lower house of the Indian Parliament,,refinement
878448145,39,Q6138276$94DF3575-50D1-4FAA-8839-ED0D7DA87BD7,position held,James Lowther,"""Q16707842""",Member of Parliament,"""Q41582534""",member of the 4th Parliament of the United Kingdom,refinement,representative in the House of Commons of the Parliament of the United Kingdom,,refinement
1568494582,1344,Q18545640$48b6844d-40cf-cfd4-f77f-42bfa9b84dfd,participant in,Victor Ciobanu,"""Q17112170""",2019 European Games,"""Q65052493""",wrestling at the 2019 European Games – men's Greco-Roman 60 kg,refinement,second edition of the European Games,,refinement
2121013056,31,Q79646179$ca7d8e28-461e-0186-625b-f2140944d919,instance of,Mutagen Monster,"""Q21191270""",television series episode,"""Q125354463""",animated television episode,refinement,single installment of a television series,episode of an animated television series,refinement
339227924,31,q2900672$19E14285-7A98-4500-BA79-3C5080859FAE,instance of,Jolly Fisherman Seaplane Base,"""Q1248784""",airport,"""Q10295412""",seaplane base,refinement,"location where aircraft take off and land with extended support facilities, mostly for commercial air transport",airport with water runways and piers and/or ramps for seaplanes and amphibious aircraft,refinement
1162564911,1571,Q3075175$28c95432-49c6-4cc0-9db2-e818e81c0143,codomain,square function,"""Q26851380""",set of real numbers,"""Q91311892""",set of non-negative real numbers,refinement,"union of rational and irrational numbers, forming an infinite one-dimensional euclidian space, which is continuous and then unnumberable",set which contains all real numbers which are non-negative (which includes zero),refinement
394323500,180,Q18033306$142630b3-4f01-d03d-a77f-e7e54d84c17f,depicts,coat of arms of Genemuden,"""Q27303863""",human figure,"""Q27535911""",man,refinement,representation of a human person on coats of arms or other heraldic motifs,heraldic figure,refinement
2336417219,921,Q125566850$a2fe5e46-487d-d964-c843-13a721d592ad,main subject,Museum Scheldewerf,"""Q309""",history,"""Q20819991""",history of shipbuilding,refinement,past events and their tracks or records,,refinement
205380531,279,Q376262$d1428a94-413d-e0c2-0390-ced282f278ef,subclass of,High Priests of Amun,"""Q42603""",priest,"""Q19642685""",Ancient Egyptian priest,refinement,person who consecrates his life to some divinity and whose main functions are to direct religious rites and offer sacrifices to the divinity (for a minister use Q1423891),,refinement
1004894027,31,Q7660076$4E06A570-01C9-43B5-AB0F-895C3516F1A3,instance of,Sydney PEN,"""Q43229""",organization,"""Q15994170""",writers’ organization,refinement,social entity established to meet needs or pursue goals,,refinement
1325008754,31,Q11439963$b982761f-48e7-6467-c3c0-87be5792d22b,instance of,Osaka Station City,"""Q41176""",building,"""Q15942680""",station building,refinement,"structure, typically with a roof and walls, standing more or less permanently in one place",,refinement
719130826,361,Q16840511$5B25EC16-FB0C-4AB4-BE04-8CE1A57839DB,part of,golf at the 2006 Asian Games – women's team,"""Q483463""",Asian Games,"""Q3110174""",golf at the 2006 Asian Games,refinement,Asian multi-sport event,,property_value_update
1044971119,361,Q3892533$87C935F3-61F5-4B18-8810-6AA0D1E2FB7A,part of,volleyball at the 1998 Asian Games – women's volleyball,"""Q483463""",Asian Games,"""Q16821785""",volleyball at the 1998 Asian Games,refinement,Asian multi-sport event,,property_value_update
1937944697,361,Q101000577$27F38279-D126-4E95-80A6-E1A69588BB7C,part of,BRAC University Department of Computer Science and Engineering,"""Q4836325""",BRAC University,"""Q120765352""",BRAC University School of Data and Sciences,refinement,private university in Bangladesh,,refinement
2318212586,39,Q283387$D8669844-386F-4E54-A6AE-65D0070F67F4,position held,Alfanus I,"""Q49476""",archbishop,"""Q105824708""",archbishop of Salerno,refinement,bishop of higher rank in many Christian denominations,,refinement
1386625589,39,Q16321132$2846C0D3-5B49-4AF2-A092-B42EBBB3BF47,position held,Rezzan Zoğurlu,"""Q30185""",mayor,"""Q106087304""",mayor of a place in Turkey,refinement,head of municipal government such as a town or city,,refinement
1429812871,793,Q106820320$dc6c9bd6-4cd3-a17f-f748-df773fb5ff13,significant event,William J. Kiefer,"""Q24238946""",liberation,"""Q102073578""",liberation of Nazi camps,refinement,act of liberating or state of being liberated,,refinement
1667119217,31,Q96417299$FE245F39-2443-431E-BF76-6F09DA13DD55,instance of,1970 United States Senate election in Mississippi,"""Q24333627""",United States Senate election,"""Q112727405""",United States Senate election in Missisippi,refinement,type of election,,refinement
1667108624,31,Q17016788$D1BFABB1-CE18-4031-AE45-1DBCBBF2955D,instance of,1982 United States Senate election in Rhode Island,"""Q24333627""",United States Senate election,"""Q112727421""",United States Senate election in Rhode Island,refinement,type of election,,refinement
1327055158,166,Q27535710$1fa9edc6-4592-e057-211d-27d120236748,award received,Jacques Ladreit de Lacharrière,"""Q372160""",Montyon Prize,"""Q33139276""",Montyon Prize - Literary,refinement,group of four yearly awards of the French Academy,,refinement
1998399702,551,Q123200740$05954d47-4ddd-7dd2-59c0-d648ed0d1976,residence,Sally Hamberg,"""Q104028345""",Dieterichsstraße,"""Q123136064""","Dieterichsstraße 28, Hannover",refinement,"street in the city district of Mitte in Hanover, Germany",,refinement
1666694407,31,Q17100703$492FDB8E-C577-4783-9BBC-3E751C08366F,instance of,1968 United States presidential election in New Jersey,"""Q858439""",presidential election,"""Q28206753""",United States presidential election in New Jersey,refinement,election of any head of state whose official title is president,,refinement
631819330,197,Q262548$79093112-5E04-4209-A6FF-6E2B14C03581,adjacent station,Arsenal tube station,"""Q34615026""",Finsbury Park,"""Q536796""",Finsbury Park railway station,refinement,,railway station; interchange with the tube station of the same name,property_value_update
2339780074,108,Q133291751$c56689eb-4e9f-ae52-f29b-47473e0761a1,employer,Yih-Fen Hua,"""Q32746""",National Taiwan University,"""Q9689002""","Department of History, National Taiwan University",refinement,"national university located in Taipei, Taiwan",,property_value_update
1882936001,279,Q3630702$2801fa73-41cd-c7c5-bfe5-4afbff474ef7,subclass of,air underwater breathing apparatus,"""Q32859751""",breathing apparatus,"""Q30715263""",underwater breathing apparatus,refinement,,device used for breathing underwater,refinement
1518736893,31,Q178630$278a928d-46e8-03f4-74e1-0d6e15d602f3,instance of,Portuguese,"""Q33829""",human population,"""Q33180336""",Human population in the biodiversity hotspots,refinement,humans that live in the same locality,scientific article published in April 2000,property_value_update
881906898,276,Q29277084$D327B53A-DE8A-4014-AF56-ACE9FEB2AB08,location,,"""Q3145209""",Hôpital Saint-Jacques,"""Q60338538""",Chapelle de l'hôpital Saint-Jacques,refinement,"hospital in Nantes, France","chapel located in Loire-Atlantique, in France",property_value_update
2028216030,2094,Q123736951$ADE46267-6E3C-491F-9C86-8600F49BFE16,competition class,"ACBB 3 - Garches-Vaucresson 2 (U15, 15-10-2023)","""Q31930761""",men's association football,"""Q44418853""",men's U15 association football,refinement,association football when played by men,"age group ""under 15"" for male teams and national teams of association football",refinement
667951574,155,Q51483509$83F6A081-7092-44CA-9486-0E4BB2ACC9C0,follows,2018 Women's Tour de Yorkshire,"""Q27943070""",2017 Tour de Yorkshire,"""Q29533281""",2017 Women's Tour de Yorkshire,refinement,2017 edition of the Tour de Yorkshire cycling race,3rd women's Tour de Yorkshire,property_value_update
276905845,31,Q10497073$4F523707-6469-4A7E-9E31-8B5175AF174E,instance of,Vårbyfjärden hangar,"""Q62447""",aerodrome,"""Q10295412""",seaplane base,refinement,location from which aircraft flight operations take place,airport with water runways and piers and/or ramps for seaplanes and amphibious aircraft,refinement
679910423,31,Q18975727$6c2a94a5-4eef-88f7-89ef-9250cdcea895,instance of,vesicular exanthema of swine,"""Q9190427""",animal disease,"""Q53544259""",pig disease,refinement,disease that afflicts non-human animals,a disease that afflicts pigs,refinement
2033382938,31,q4216425$76360CBD-2CCA-49CD-8E33-C4476EFCFBD5,instance of,Klyuchevskoi Karyer,"""Q3215290""",artificial lake,"""Q7269229""",quarry lake,refinement,lake formed by people,lake that is formed after a quarry has been dug,refinement
301254922,279,Q33601$A8BCD2EB-C08C-4E52-B906-0264FE9A2675,subclass of,Kaonde,"""Q33146""",Bantu,"""Q6695065""",Luban languages,refinement,large language family spoken in Sub-Saharan Africa,group of Bantu languages,property_value_update
1209796154,912,Q96359182$3cbabfff-4a0d-e13d-3db3-1314e9a16d53,has facility,Gamla Vindskyddet,"""Q96309079""",benched lean-to,"""Q96359242""",benched lean-to with wooden plank floor,refinement,lean-to with fixed benches making it hard/impossible to sleep on the floor,lean-to with wooden plank floor and fixed benches,refinement
673710091,31,Q18695789$bdb3ee4d-4381-0b69-4828-2805b13edff8,instance of,Sant Joan tower,"""Q41176""",building,"""Q52561285""",Sant Joan del Clot Tower,refinement,"structure, typically with a roof and walls, standing more or less permanently in one place",historical building,property_value_update
632130836,31,Q48956416$c710838e-4d3f-a23f-eca8-883d571a3233,instance of,Hobsbawm Macaulay,"""Q4830453""",business,"""Q23700958""",public relations agency,refinement,"organization undertaking commercial, industrial, or professional activity",business offering public relations services to others,refinement
1784657292,39,Q711174$E3A54D99-F84F-42C4-A52B-796609769C2A,position held,Arthur Roche,"""Q48629921""",Catholic archbishop,"""Q115599781""",archbishop ad personam,refinement,prelate of the Catholic Church that rules an Archdiocese or to whom the title was given ad personam,archbishop of the Catholic Church whom title was given to him personally and not as an ordinary of an archdiocese,refinement
1896893020,31,Q388430$cc366814-4878-b482-2707-71245ed23b12,instance of,South African Council of Churches,"""Q94670589""",Christian organization,"""Q118391000""",council of churches,refinement,organization related to Christianity,regional organization of christian denominations,refinement
2208730232,31,Q2946430$ad588d50-4327-2712-7e88-3f835301881e,instance of,Cercle Royal Gaulois Artistique et Littéraire,"""Q988108""",club,"""Q115804847""",private members' club,refinement,association of people united by a common interest or goal,social venue,refinement
2027181184,69,Q18733656$E6F878C5-4096-4ACE-91D3-F174501AF73F,educated at,Jo Hee-de,"""Q49115""",Cornell University,"""Q121484831""",Cornell University Law School,refinement,"private and statutory land-grant research university in Ithaca, New York, USA",Law School of Cornell University,refinement
210047013,279,Q1105343$ff9b1fca-4ca0-60f3-78d1-e6c6aade81b5,subclass of,cocktail glass,"""Q81727""",cup,"""Q18812398""",stemmed glass,refinement,vessel for liquids,glassware with a stem,refinement
750843024,31,Q634847$ebaac7f3-4ea1-6350-1668-18bd6aeedda1,instance of,Warszawa Dome,"""Q3236743""",dome,"""Q22442633""",ice dome,refinement,deformational feature in structural geology,plateau made of ice,refinement
1481032312,106,Q16495192$dfcdbe34-4cbf-5e56-7c26-34784d402ce4,occupation,Augusto Cid,"""Q15296811""",draftsperson,"""Q108103121""",illustrator,refinement,person who makes drawings (artist/cartoonist/drafter/illustrator),profession,property_value_update
2187900628,366,Q4461150$02b4a244-4ee0-d21d-8743-e7486d896a1b,has use,braking resistor,"""Q1155327""",dynamic braking,"""Q126899420""",rheostatic braking,refinement,dynamic braking is the use of the traction motors as generators when slowing a vehicle.,type of dynamic braking where the generated electrical power is dissipated as heat in brake grid resistors,refinement
1480905051,3450,Q106687968$70b4d37b-4062-e108-8dfe-e0915a02058c,sports season of league or competition,2021–22 Women's EHF Champions League,"""Q330395""",EHF Champions League,"""Q652498""",EHF Women's Champions League,refinement,european handball competition,international women's team handball competition in Europe,property_value_update
1850161388,276,Q117074544$8259e506-4529-50e4-0146-4af0a0fdaa16,location,Saga,"""Q18288910""","Ekskogen, Älgeby and Långsjötorp","""Q2199006""",Ekskogen,refinement,"urban area in Vallentuna Municipality, Sweden","village in Vallentuna, Sweden",refinement
1749572451,2650,Q114630222$672f7413-42e8-ae85-67f4-92db18b3b751,interested in,Youth for Christ End-time Ministries,"""Q868575""",empowerment,"""Q106584300""",Youth Empowerment,refinement,providing increased autonomy,A process where children and young people are encouraged to take charge of their lives,refinement
340623875,54,Q6790550$A204FDEA-C33F-47F9-ABB5-6A1709A3865D,member of sports team,Matthew Ghent,"""Q47762""",England men's national association football team,"""Q4201740""",England national under-16 association football team,refinement,men's national association football team representing England,national under-16 association football team representing England,property_value_update
550878346,31,Q4530468$A1914706-9098-4217-B341-F9578BC09609,instance of,Moscow State University Faculty of Economics,"""Q180958""",faculty,"""Q11606439""",Faculty of Economics,refinement,"division of a university by subject area, sometimes also by level",division within a university or college,refinement
679551773,31,Q4161084$DEA0977E-BF97-429C-840B-FD09B91A5C16,instance of,Dias,"""Q101352""",family name,"""Q53475615""",family name in Portugal,refinement,"part of a naming scheme for individuals, used in many cultures worldwide",family name originated from Portuguese language,refinement
1095057296,279,Q1639520$a9a81d63-4d70-5420-4db3-efe333924600,subclass of,beef tenderloin,"""Q289005""",fillet,"""Q81617690""",tenderloin,refinement,cut or slice of boneless meat or fish,cut from the loin,refinement
1074065565,2094,Q3628840$37fb865e-4896-82a1-4c35-d54100d5d52e,competition class,"athletics at the 1972 Summer Olympics – men's 10,000 metres","""Q163892""","10,000 metres","""Q55245399""","men's 10,000 metres",refinement,common long distance running event,gendered athletics discipline competition class,refinement
703968548,2094,Q55189654$30415279-00F5-40E7-B63B-C96788D72881,competition class,2017 Ostrava Golden Spike – men's 100 metres,"""Q164761""",100 metres,"""Q55243390""",men's 100 metres,refinement,sprint race,athletics competition class,refinement
2296121275,1366,Q107504823$fc985c74-4156-fccf-846a-ff28bf073ac3,replaced by,11th Republican Parliament,"""Q107504455""",12th Republican Parliament,"""Q119509313""",12th Republican Parliament of Trinidad and Tobago,refinement,"legislative term of Trinidad and Tobago, 2020–","legislative term of Trinidad and Tobago, 2020–2025",property_value_update
671683455,2629,Q648980$40164520-4463-b02c-dd03-de3396572168,BBFC rating,Alice: Madness Returns,"""Q47542366""",15 rating,"""Q4550895""",15 certificate,refinement,age-based content rating,BBFC content rating indicating restricted to persons aged 15 years and over,property_value_update
769250314,1344,Q16090000$62906A86-906C-4CDE-9B71-75AE14D1332D,participant in,Hannelore Weygand,"""Q8411""",1956 Summer Olympics,"""Q57574019""",Equestrian at the 1956 Summer Olympics – Individual dressage,refinement,"Games of the XVI Olympiad, in Melbourne, Australia",equestrian event at the 1956 Olympics,property_value_update
468834856,156,Q4565645$403633c3-44f5-313f-8c11-572e52f8ecd2,followed by,1945–1960 clothing,"""Q35724""",1960s,"""Q4570170""",1960s clothing,refinement,decade of the 1960s (1960-1969),costume and fashion in the 1960s,property_value_update
738600498,1344,Q15852$D8433E0A-BB9B-4631-97B0-475B781D3DB2,participant in,Aleksandr Berkutov,"""Q8415""",1960 Summer Olympics,"""Q22968929""",Rowing at the 1960 Summer Olympics – Men's double sculls,refinement,"Games of the XVII Olympiad, in Rome, Italy",Olympic rowing event,property_value_update
2336557869,1344,Q722368$c70ad3d5-4ba1-7896-ba2d-77636e1fce27,participant in,Pino Cerami,"""Q571489""",1960 UCI Road World Championships,"""Q48844706""",1960 UCI Road World Championships – Men's road race,refinement,cycling race,cycling race,refinement
734256693,971,Q30731487$14A2C42C-0CF8-4A6B-AEE9-4323A34C6E58,category combines topics,Category:1962 in Yugoslav sport,"""Q2764""",1962,"""Q744872""",1962 in sports,refinement,year,sports-related events of 1962,refinement
1792120054,1344,Q47774$0553be7b-48c4-a19c-7667-5d7a71cc8e8c,participant in,France men's national association football team,"""Q833027""",1962 FIFA World Cup qualification,"""Q115703040""",1962 FIFA World Cup qualification – UEFA Group 2,refinement,football tournament,,refinement
901626002,971,Q20050629$61D30132-2307-4F2F-9578-E24CA327DCD3,category combines topics,Category:1963 in Algerian sport,"""Q2755""",1963,"""Q52177146""",1963 in Algeria,refinement,year,Algeria-related events during the year of 1963,refinement
2236524689,971,Q8152356$FCEC2F02-43E8-4F8E-B8AF-A07C685D15A4,category combines topics,Category:1963 horror films,"""Q2755""",1963,"""Q753327""",1963 in film,refinement,year,overview of the events of 1963 in film,refinement
734256798,971,Q30731486$944CAA25-0C57-4458-B58C-7B28B5A92521,category combines topics,Category:1963 in Yugoslav sport,"""Q2755""",1963,"""Q509359""",1963 in sports,refinement,year,sports-related events of 1963,property_value_update
1166154541,971,Q8152543$99C19A8B-5CF9-4E83-87A6-12AF193B5D35,category combines topics,Category:1963 in Swedish sport,"""Q2755""",1963,"""Q21019605""",1963 in Sweden,refinement,year,Sweden-related events during the year of 1963,property_value_update
1054017557,2094,Q26155827$c389a671-489d-f28a-e71b-5b12ed1b5937,competition class,shooting at the 2016 Summer Olympics – men's 10 metre air rifle,"""Q842208""",10 meter air rifle,"""Q75192253""",men's 10 metre air rifle,refinement,International Shooting Sports Federation (ISSF) shooting event,competition class,refinement
1067337567,54,Q76765447$08bb9eb2-4582-fbb5-90ec-23654193b136,member of sports team,Richard Honeywill,"""Q918298""",Great Britain national handball team,"""Q76968803""",Great Britain national men's under-17 handball team,refinement,Great Britain men's national handball team,Great Britain men's national handball team for under 17's,refinement
1755579673,921,Q114797355$c80c392f-4377-15ff-6e74-f822db32ef67,main subject,Short History of Anglo-Irish Literature from Its Origins to the Present Day,"""Q6497044""",history of literature,"""Q113861611""",history of English literature,refinement,historical development of writings,aspect of history,refinement
549701417,31,Q26435041$182EE2EC-CD76-4D15-9971-F3643398FA0B,instance of,Wheal Prosper Engine House,"""Q3947""",house,"""Q26261765""",engine house,refinement,building usually intended for living in,building or other structure that holds one or more engines,refinement
917748887,31,Q19554547$40CB2EE1-A438-45B7-8B28-1AAC2E26BC2D,instance of,municipal anthem of Viadutos,"""Q484692""",hymn,"""Q63204594""",municipal anthem,refinement,combination of text and tune specifically written for the purpose of adoration or prayer,official hymn representing a municipality or similar administrative subdivision,refinement
1085626461,54,Q27567873$8EA3F2CA-4905-448A-8A13-256123B8A9DD,member of sports team,Jill Whelan,"""Q137660""",Ireland cricket team,"""Q15978479""",Ireland women's cricket team,refinement,Sports team representing the island of Ireland in international cricket,Ireland women's national cricket team,refinement
1158208713,749,Q87654267$8413148B-428B-4FB9-A32A-517D7D36ECCA,parent organization,Kennesaw State University Archives,"""Q1532470""",Kennesaw State University,"""Q90701190""",Kennesaw State University Horace W. Sturgis Library,refinement,"public university located near Kennesaw, Georgia, United States","academic library at Kennesaw State University in Kennesaw, Georgia, USA",refinement
1095911159,279,Q7559$aad81659-4c3e-7089-52d8-3fb90f7bfbbf,subclass of,dragon,"""Q2239243""",mythical creature,"""Q81737607""",serpentine monster,refinement,"supernatural animal, generally a hybrid, sometimes part human, whose existence cannot be proven, described in legends, myths, fables, folklore","large serpentine creature, including dragons and sea serpents",refinement
1299371465,279,Q12328345$95fbde55-4a0a-80a6-3fe5-630ae82624e5,subclass of,national animal,"""Q1128637""",national symbol,"""Q100989638""",official animal,refinement,symbol of any national entity,animal that is a symbol of an nation/organisation,property_value_update
2289491037,6087,Q130545640$fc02f326-4949-e4c4-20ab-d4287be0dd24,coach of sports team,Sherida van Bruggen,"""Q601723""",Netherlands national under-17 football team,"""Q15076810""",Netherlands women's national under-17 association football team,refinement,national association football team,national association football team,property_value_update
1282334011,106,Q99629675$e51d916d-45d3-5926-3087-b33536348b52,occupation,Konstantin Kovar,"""Q599151""",official,"""Q84099710""",government official,refinement,someone who holds a government office,occupation,refinement
368393424,31,Q10536245$1085d217-4feb-5cf2-99ac-c5d095ac57d6,instance of,International Nanny Association,"""Q43229""",organization,"""Q10533553""",non-profit organization,refinement,social entity established to meet needs or pursue goals,organization ran without profit as ambition,refinement
2025644254,279,Q105994043$1D525FD8-3538-42FD-A87D-243C84B9D9D6,subclass of,Surgical Stapler,"""Q39546""",physical tool,"""Q123691992""",surgical tool,refinement,physical item that can be used to achieve a goal,tool used in surgical operations,refinement
244225077,279,Q460336$ee8247ee-4be7-7dcb-9de0-b581aba37a60,subclass of,state police,"""Q35535""",police force,"""Q14947556""",territorial police force,refinement,constituted body of persons empowered by the state to enforce the law,force whose area of responsibility is defined by sub-national boundaries,refinement
1487278217,105,Q15590549$820449FA-AF4E-4A03-B656-C7860A1D6978,taxon rank,Pilosella ×byzantina,"""Q7432""",species,"""Q1306176""",nothospecies,refinement,one of the basic units of biological classification and a taxonomic rank,nomenclature of hybrid species,refinement
1564068814,19,q1293865$F936D0C2-ABE5-4160-926D-7093455EA75D,place of birth,Edward Thomas,"""Q84""",London,"""Q148349""",Lambeth,refinement,capital and largest city of England and the United Kingdom,"district in Central London, England",refinement
946414516,21,Q76948$CAE2915E-BD94-4533-A67A-CFD553BC9A28,sex or gender,Caroline Herschel,"""Q6581072""",female,"""Q1052281""",trans woman,refinement,"to be used in ""sex or gender"" (P21) to indicate that the human subject is a female or ""semantic gender"" (P10339) to indicate that a word refers to a female person",woman assigned male at birth,refinement
1389573503,195,Q48036915$08059368-A655-474A-8021-B4AB8A1D2C40,collection,Scale model of Vive le Roi-MnM 13 MG 21,"""Q1286709""",Musée national de la Marine de Paris,"""Q64206413""",Collections of Musée national de la Marine,refinement,"naval museum in Paris, France",,refinement
1112470645,279,Q630894$5F1FE987-77B1-468C-BE8D-71ED4E1E9F03,subclass of,Tour of Elk Grove,"""Q15091377""",cycling race,"""Q1318941""",stage race,refinement,sporting event with bicycles,cycling race contested over multiple days,refinement
1047811476,6224,Q59493331$C5E39870-48D1-4FBE-9191-AC4CAB3612E4,level of description,Orville Freeman Personal Papers (NAID 622016),"""Q59294612""",collection,"""Q3052382""",fonds,refinement,"in archival science, the highest level of description of a grouping of archival materials not gathered according to provenance","aggregation of records, documents, or works originating from the same creator",refinement
1656855386,551,Q5538154$dd11400f-4d39-2b33-40b2-b776913fd3fe,residence,George Courtauld,"""Q67442940""",Essex,"""Q2282928""",Halstead,refinement,historic county of England,"town in Essex, England, UK",refinement
370476703,31,Q26708095$1920c8f6-4c30-ec60-ba04-afa5880e9258,instance of,,"""Q79007""",street,"""Q5004679""",path,refinement,public thoroughfare in a built environment,small road or street,refinement
1240271168,31,Q4311147$B46B9925-3361-4160-8F93-34107B98A940,instance of,Imamzadeh Abdullah (Ray),"""Q39614""",cemetery,"""Q136868""",imamzadeh,refinement,place of burial,Shia shrine-tomb,property_value_update
435257028,735,Q7945655$ED37F31D-4757-462D-B532-2D0CE474B11A,given name,W. H. Murray,"""Q19803523""",W.,"""Q12344159""",William,refinement,"given name with this initial. Full name undetermined, not generally used or not determinable",male given name,property_value_update
107885277,706,Q4357115$e1ed8b99-4aab-70e7-60a0-3cb542db3f6e,located in/on physical feature,Finnish Church,"""Q579854""",Gamla stan,"""Q3284547""",Stadsholmen,refinement,"urban district in Stockholm, Sweden","island constituting the majority of Gamla stan in Stockholm, Sweden",property_value_update
655446779,31,Q38250711$A6951473-09E9-412A-88E9-DA60E04215D9,instance of,Meydan-e San'at Metro Station,"""Q719456""",station,"""Q928830""",metro station,refinement,public transport station,railway station of a rapid transit system,refinement
1224818247,512,Q16732454$caec92e3-4b33-a3b3-73aa-c990b2b7b3be,academic degree,Markar Melkonian,"""Q849697""",doctorate,"""Q65640233""",PhD in philosophy,refinement,academic or professional degree,,refinement
1199158368,31,Q19903549$8dc2f9b7-4fac-2db0-6e9c-573b7c9eee94,instance of,Tomb of the Blue Demons,"""Q381885""",tomb,"""Q20010053""",Etruscan grave,refinement,burial place,,refinement
424578705,31,Q1640282$1C988F20-77D9-4959-A356-CB97F8377E73,instance of,Jõhvi Rural Municipality,"""Q21583366""",urban or rural municipality of Estonia,"""Q612229""",municipality of Estonia,refinement,,lowest administrative division in Estonia,unrefinement
252683660,106,Q5392123$efdf7d5b-401a-0c70-aaba-469d563f03ce,occupation,Pekka Saros,"""Q202648""",referee,"""Q2304816""",official,refinement,"person of authority, in a variety of sports, who is responsible for presiding over the game from a neutral point of view",basketball official,unrefinement
407304100,735,Q5006692$71B0E1B9-6ABA-40A8-B129-E1FE48024196,given name,C. M. S. McLellan,"""Q19803499""",C.,"""Q2958359""",Charles,refinement,"given name with this initial. Full name undetermined, not generally used or not determinable",male given name,refinement
612023751,279,Q3177953$0e1949c6-4de7-dab0-2ee4-468cb6c3d2cf,subclass of,boxing video game,"""Q659563""",video game genre,"""Q846224""",fighting game,refinement,video game term; categorization of video games,video game genre,refinement
1663776824,921,Q19164928$01ad3d8d-452c-7955-57ba-19bc939b4a87,main subject,Der Schillerpreis,"""Q618779""",award,"""Q2235686""",Schiller prize,refinement,something given to a person or a group of people to recognize their merit or excellence,,refinement
77446256,31,q10513284$4267a9d7-41d3-6d1a-8d0b-919306e3273b,instance of,HSwMS Komet,"""Q3114762""",warship,"""Q4545857""",1.-class torpedo boat,refinement,a watercraft that is built and primarily intended for naval warfare,,refinement
1116365999,106,Q85278170$e4416415-4e0b-b85d-5842-352d3076be18,occupation,,"""Q11499465""",educational personnel,"""Q37226""",teacher,refinement,,"person who helps others to acquire knowledge, competences or values",refinement
1509536377,39,Q3101188$E57DA075-3B77-4ADB-976D-09DC30131FB1,position held,Geoffrey Boucicaut,"""Q1144278""",diocesan bishop,"""Q21114402""",bishop of Laon,refinement,"bishop in pastoral charge of a diocese, as opposed to a titular bishop",,refinement
430363119,279,Q1601459$ad07e39d-4f3b-6a63-a4fa-d457a3a7ac57,subclass of,kothon,"""Q738680""",pottery of ancient Greece,"""Q26701162""",ancient Greek vase-form,refinement,ancient Greek artifact made of clay,,refinement
835418192,31,q3490724$CEB3A7C5-82AE-4A28-91D5-DD3160D4721D,instance of,less-than sign,"""Q3241972""",character,"""Q21092339""",mathematical symbol,refinement,symbol or sign,symbol used in mathematics,property_value_update
1482752377,31,Q3949971$C6F75956-451A-4697-AB57-A2969D5A9A8E,instance of,Nostra Signora delle Tre Fontane,"""Q29553""",sanctuary,"""Q697295""",shrine,refinement,sacred place,"holy or sacred place, which is dedicated to a specific deity",refinement
459763308,106,Q16628272$fab01e91-4488-bc65-6b14-1fd6920d427f,occupation,Eddy Bullerian,"""Q37226""",teacher,"""Q16145150""",music educator,refinement,"person who helps others to acquire knowledge, competences or values",academic title,refinement
775952842,31,Q26504502$93497AB7-F6C4-4844-821C-889215CF8031,instance of,Jireh House,"""Q3947""",house,"""Q2460422""",guest house,refinement,building usually intended for living in,type of lodging,refinement
221148491,31,Q9683961$22B27D3B-4583-479C-845C-D5505B3F7927,instance of,2012 Campeonato Pernambucano,"""Q2625261""",football competition,"""Q1478437""",association football competition,refinement,,competition of soccer (association football),refinement
983839631,31,Q26348064$9948C58C-34A9-4DE6-B355-E1EABFDA8C73,instance of,Trabajador paisajista muere al ser golpeado por un tronco rodante,"""Q26840222""",field study,"""Q1402850""",field study report,refinement,output of field research,publication with the output of field research,refinement
479576665,31,Q16290954$61BCFBC3-367B-4F18-9115-26E9C0E9E575,instance of,Redd,"""Q1071027""",full name,"""Q12308941""",male given name,refinement,set of names by which an individual is known,given name usually meant for boys and men,property_value_update
317627054,171,Q4792907$863d8a57-48ae-b964-7d4e-31ba8e89ff8a,parent taxon,Armatimonadetes,"""Q10876""",bacteria,"""Q3337759""",Negibacteria,refinement,domain of micro-organisms,subkingdom of Gram-negative bacteria,refinement
1002753849,106,Q1317281$037C5A89-5243-4247-BB10-DB9F7E70DF77,occupation,Miguel Arias Cañete,"""Q40348""",lawyer,"""Q66172428""",State lawyer,refinement,professional who practices law,occupation in Spain,refinement
343914235,106,Q3386401$9FD89096-45E3-4FE1-9524-E0722B6B3BDA,occupation,Pierre Ménès,"""Q1930187""",journalist,"""Q13219447""",sports journalist,refinement,"person who collects, writes, and distributes news and other information",person who reports on sports events in the media,refinement
658852278,31,Q3889430$cf886e45-412e-4a2c-7b8a-a485dae4ca7a,instance of,,"""Q7579839""",sports complex,"""Q1076486""",sports venue,refinement,group of sports facilities,"facility (building, structure, or place) dedicated to sports",refinement
1248409687,31,Q28470903$174e763e-4c73-6fa5-16fd-f547992840eb,instance of,,"""Q22731""",stone,"""Q11734477""",memorial stone,refinement,rock; building material,memorial monument in the form of a stone,refinement
757590028,31,Q30880646$1F71CA48-ACE9-448E-82BF-83D5D8F44EA7,instance of,Unipol Domus,"""Q17350442""",venue,"""Q483110""",stadium,refinement,place used for some activity,"place or venue for (mostly) outdoor sports, concerts, or other events",refinement
596788950,4552,Q1430452$A3CF1923-A544-48A4-92D0-EB829A8BB03F,mountain range,Schafrügg,"""Q1286""",Alps,"""Q328393""",Plessur Alps,refinement,major mountain range system in central Europe,mountain range,refinement
452497922,361,Q3297665$0B3EC44B-1260-4367-874B-CCA5116F6A3E,part of,Arves massif,"""Q1286""",Alps,"""Q743382""",Dauphiné Alps,refinement,major mountain range system in central Europe,mountain range,refinement
1149946872,19,Q975097$0B443FC2-EE9F-48B5-BD02-323DA083DE26,place of birth,Thomas Cruise,"""Q84""",London,"""Q125163""",Islington,refinement,capital and largest city of England and the United Kingdom,"district of London, England",refinement
853772250,971,Q58916940$ec29c767-4bfe-82c5-218a-07ef39237f93,category combines topics,Category:Rosalía albums,"""Q482994""",album,"""Q29035150""",album by this artist,refinement,"grouping of album releases by an artist usually released at the same time with the same title and tracks but in different formats for consumption (digital, CD, LP)",Wikidata metaclass,property_value_update
147329760,31,Q15710935$4395c2ba-4f02-a4b5-61d3-428e81609c5a,instance of,Carrot Cake,"""Q188828""",pony,"""Q16632615""",fictional pony,refinement,type of small horse,pony only appearing in works of fiction,refinement
2278355015,101,Q120610687$a046daca-c4b1-479d-9495-b1140f2a243d,field of work,,"""Q14947547""",search,"""Q12324699""",literature search,refinement,bibliographic search,process of exploring a corpus of publications in order to find something relevant,refinement
875687688,106,Q11927374$BB1B8516-9F15-43BD-8EDA-87ABB25B94DC,occupation,Jaume Tresserra Clapés,"""Q5322166""",designer,"""Q15977509""",industrial designer,refinement,person who designs,profession,refinement
811001763,106,Q17055910$6860399F-0BC8-4CEA-93E1-9396F39D65EB,occupation,Igor Štromajer,"""Q483501""",artist,"""Q22343406""",multi-media artist,refinement,person who engages in any form of artistic creation or practice,artist who works with multiple media,refinement
222387364,31,Q13409536$486dddee-42d5-c7e0-e886-7c80ed55a2eb,instance of,pantomime,"""Q483394""",genre,"""Q15850590""",theatrical genre,refinement,"category of creative works based on stylistic, thematic or technical criteria",division and subdivisions of various forms of theater,refinement
686358660,31,Q32786145$D902E2C7-D637-4AC9-8819-5DA7A2D296FD,instance of,Thygesen,"""Q101352""",family name,"""Q17091404""",patronymic surname,refinement,"part of a naming scheme for individuals, used in many cultures worldwide",surname based on the father's given name,refinement
65071017,31,q640287$E5B10C67-717F-42A1-A483-405B9AE3B9C0,instance of,Russian Party of Life,"""Q7278""",political party,"""Q766570""",Political parties in Russia,refinement,organization that seeks to influence government policy and actions and be elected to directly take part on government or legislation,Wikimedia list article,property_value_update
1164491100,180,Q91609476$5C3DAAFE-FC13-4919-A33D-26AB372B88D9,depicts,Portrait of Mary Villiers,"""Q467""",woman,"""Q6780772""","Mary Stewart, Duchess of Richmond",refinement,female adult human,English duchess,property_value_update
600593416,1889,Q44071802$11F52A8C-C140-42E5-8C0C-603DC46BD5BC,different from,1970s,"""Q39911""",decade,"""Q35014""",1970s,refinement,period of 10 years,decade (1970-1979),refinement
144569415,31,Q29122$384a5332-4396-7705-dc81-6f8f3c3bb3dc,instance of,First Anglo-Burmese War,"""Q198""",war,"""Q2248139""",Anglo-Burmese wars,refinement,"organized and prolonged violent conflict between different nations, states, or different groups within a nation or state",list of three Burmese Wars or Anglo-Burmese Wars,property_value_update
247330224,31,q3214793$A182F856-D689-450A-B5C0-483457AAA2BB,instance of,Lake Carnegie,"""Q23397""",lake,"""Q20898243""",Temporary lake,refinement,"body of relatively still water, localized in a basin",,refinement
656925320,39,Q29480$27a7a101-4ffb-69ee-652e-7021e9438e1b,position held,Mohammad Abu Zakariya Yahya,"""Q43292""",sultan,"""Q50975712""",Hafsid sultan,refinement,noble title with several historical meanings,,refinement
144898543,31,Q211955$28702594-2331-476D-877E-D5B8BE7CEC1F,instance of,Cú Chulainn,"""Q5""",human,"""Q15632617""",fictional human,refinement,"any member of Homo sapiens, unique extant species of the genus Homo",human being that only exists in fictional works,refinement
359855272,527,Q620565$0992e1f1-4059-fb37-9913-62b1b274ac91,has part(s),apothecaries' system,"""Q48013""",ounce,"""Q1323615""",troy ounce,refinement,unit of mass,"unit of mass, imperial measure",refinement
134057082,361,Q4556721$FFE74B99-A779-457C-95F6-199F9F2C5B93,part of,1893 FA Cup Final,"""Q11151""",FA Cup,"""Q2615192""",1892–93 FA Cup,refinement,annual knockout football competition,association football tournament concluding in 1893,property_value_update
1361021394,54,Q1690726$505B9BA7-5D8C-4266-AD17-2DB7C1113171,member of sports team,Joan Cañellas,"""Q7156""",FC Barcelona,"""Q378906""",FC Barcelona Handbol,refinement,"multisports club in Barcelona, Spain",handball team,property_value_update
715628701,279,Q15391460$c57ee2fb-458c-7ae2-9551-eb41c533337c,subclass of,Universal Esperanto Association committee member,"""Q9200127""",member,"""Q55754031""",committee member,refinement,individual or organization with membership in a group; constitutive components of a corporate body,person or organization with membership of a committee within an organisation,refinement
203791543,31,Q19585297$03dfea11-43a5-08c9-cc6d-a74095bd3339,instance of,2015 Island Games,"""Q167170""",multi-sport event,"""Q845262""",Island Games,refinement,organized sporting event involving multiple sports,international multi-sports event,property_value_update
1307511067,39,Q86068569$be8a2902-4092-d8ee-9e9b-7c88834ecc8a,position held,Robert J. Coury,"""Q140686""",chairperson,"""Q62063127""",executive chairperson,refinement,leading or presiding officer of an organized group,position,refinement
697399880,31,Q11519268$9C76F492-628E-4783-9D33-0C6B01F26DD6,instance of,木漏れ日カレンダー,"""Q482994""",album,"""Q1138081""",covers album,refinement,"grouping of album releases by an artist usually released at the same time with the same title and tracks but in different formats for consumption (digital, CD, LP)",music album consisting primarily or completely of cover versions,property_value_update
705625609,31,Q9363713$F489572F-4278-427B-AD43-68131FBB8C82,instance of,Tyrants from the Abyss – A Tribute to Morbid Angel,"""Q482994""",album,"""Q734454""",tribute album,refinement,"grouping of album releases by an artist usually released at the same time with the same title and tracks but in different formats for consumption (digital, CD, LP)",recorded collection of cover versions of songs or instrumental compositions,property_value_update
118258264,131,q1265347$93E43915-8F23-4D74-B7A8-C870CF0F40AE,located in the administrative territorial entity,Duncan,"""Q1974""",British Columbia,"""Q1138212""",Cowichan Valley Regional District,refinement,province of Canada,regional district of British Columbia,property_value_update
278850891,31,Q1926820$A49680D2-E0D0-41AE-B656-3B2C2CC522A7,instance of,District 3,"""Q2582669""",district,"""Q21608359""",urban district of Vietnam,refinement,subdivision of Vietnam,administrative territorial entity,property_value_update
212779305,31,Q623697$B9CB52CB-E01B-452B-A6B7-2DBF54CA1EE8,instance of,Arabella,"""Q402092""",motor ship,"""Q1710979""",Rodina-class motorship,refinement,"ship propelled by an internal combustion engine, usually a diesel engine",Russian passenger ship,refinement
999961172,527,Q11442$e718a3c4-4a03-f132-ecf8-0cb675a7220d,has part(s),bicycle,"""Q2381072""",frame,"""Q167130""",bicycle frame,refinement,transverse support of a sailing vessel,main component of a bicycle,refinement
1237904496,641,Q6187612$B6475FC6-F27B-4A47-8542-A4B800EB6698,sport,Jessie Barr,"""Q542""",athletics,"""Q11706688""",sprinting,refinement,"sports involving running, jumping, throwing and walking",short distance athletics footraces up to 400 metres,refinement
318252191,31,Q23653647$794e3d36-4300-cf4f-fcdb-5281a3d2ea8f,instance of,,"""Q571""",book,"""Q7433672""",scientific book,refinement,medium for recording information (words or images) typically on bound pages or more abstractly in electronic or audio form,nonfiction book about science,refinement
103180788,132,Q15411104$5592df52-4e21-5338-12e0-4eacb6ea6507,type of administrative division,Zyukayka,"""Q14788575""",rural settlement,"""Q634099""",rural settlement in Russia,refinement,settlement in the areas defined as rural by a governmental office,type of a municipal formation in Russia,refinement
1982889701,361,Q44151$b127caea-4ffc-a03b-8713-a15181f8762f,part of,Bezirksliga,"""Q1756477""",league system,"""Q835610""",German football league system,refinement,hierarchy of leagues in a sport,league system,refinement
949577679,279,Q526668$e3d5daf8-4227-5fbd-bfae-ab378dcfa6c5,subclass of,sigmoid function,"""Q11348""",function,"""Q1052379""",logistic function,refinement,association of a single output to each input,mathematical function,property_value_update
266705307,54,Q3482456$31ba7513-48dd-2305-912c-728a1b3c3b4b,member of sports team,Shona Thorburn,"""Q168515""",University of Utah,"""Q1581747""",Utah Utes,refinement,"public coeducational space-grant research university in Salt Lake City, Utah, United States",intercollegiate sports teams of the University of Utah,property_value_update
1298600144,452,Q97262169$5655cefb-473d-56be-aad4-814aa6c934d6,industry,Thisarana Arama,"""Q1043088""",organization,"""Q163740""",nonprofit organization,refinement,Wikimedia disambiguation page,organization operated for a collective benefit,refinement
1109191530,31,Q1090219$d14fa069-41ea-4ce0-84ab-174ebd5285dd,instance of,building manager,"""Q28640""",profession,"""Q84313594""",service profession,refinement,occupation requiring specialized training,occupation in the tertiary sector of the economy,refinement
1127053557,527,Q11267936$b0cb44bc-46cc-dd33-5aec-3eef9896d1ba,has part(s),Sashisuseso,"""Q12370""",salt,"""Q11254""",table salt,refinement,ionic compound composed of cations and anions,"mineral used as food ingredient, composed primarily of sodium chloride",refinement
320982811,31,Q7180516$59802192-6DC8-44A7-A4B3-B8FAA27D479D,instance of,Phantasm,"""Q215380""",musical group,"""Q1492889""",gamba ensemble,refinement,musical ensemble which performs music,musical ensemble featuring viols,refinement
1261395859,31,Q29587250$05604e1c-4f7c-4b5c-cdb4-5aca4b07befd,instance of,Hyrule Castle Throne Room,"""Q1251792""",throne room,"""Q98524595""",fictional throne room,refinement,room in the official residence of the crown,throne room only appearing in works of fiction,refinement
411203964,279,Q21077147$10bb4d85-433b-5881-ed59-df6be2bb7813,subclass of,eye pain,"""Q81938""",pain,"""Q21119839""",eye pain,refinement,type of unpleasant feeling,,refinement
1157178015,106,Q19931195$97010a64-4a27-c4ad-a920-b379f284c635,occupation,Dollar Bill,"""Q48282""",student,"""Q10934814""",college student,refinement,"learner, or someone who attends an educational institution",,refinement
468351870,31,Q1358372$B287FEC8-0CB2-434E-90B5-6071E6B7972A,instance of,Tuck & Patti,"""Q15618652""",duo,"""Q19184926""",musical duo,refinement,group composed of two persons,ensemble of two musicians,refinement
258896973,31,Q10895807$003B0305-F6A7-413C-8D5D-B84216057CD7,instance of,,"""Q1497364""",building complex,"""Q19934856""",twin towers,refinement,set of related buildings,set of two identical towers (not only skyscrapers),refinement
1671714904,31,Q23481695$45341927-4b2b-ba83-042e-8c36f86d080d,instance of,,"""Q131080""",Holy Week,"""Q109379965""",Holy Week in a geographic region,refinement,calendar date,,refinement
632144926,39,Q6244698$F9A3BDCB-BC06-4654-9835-FA2E67F6F69B,position held,John Leverett,"""Q20770897""",Governor of Massachusetts,"""Q48955989""",Governor of the Massachusetts Bay Colony,refinement,Governor of Massachusetts in the colonial era (to 1775),,refinement
159020898,31,q1137359$E493EFF3-A491-4D85-B25A-5C32F268CE10,instance of,The Pirates! In an Adventure with Scientists!,"""Q11424""",film,"""Q836003""",animated film,refinement,"sequence of images that give the impression of movement, stored on film stock",film created using animation,refinement
561451546,31,q1266820$a350cac5-4781-ed23-6178-279add8256fd,instance of,Polybius,"""Q7889""",video game,"""Q40213094""",fictional video game,refinement,electronic game with user interface and visual feedback,fictional videogame in a narrative form of arts,refinement
2048340155,279,Q823671$b8ac85b3-4374-78b1-e843-53d7587068fd,subclass of,Brahmana,"""Q234460""",text,"""Q1194040""",Hindu text,refinement,"object that can be ""read"" by reader; result of writing",historic literature of Hinduism,refinement
186871356,186,Q18683635$64046A16-3D45-4385-9E3A-1E8F59B676A9,made from material,Self-Portrait,"""Q11472""",paper,"""Q15402056""",wove paper,refinement,"thin, flexible material mainly used for writing upon, printing upon, drawing or for packaging",writing paper,refinement
272245162,279,Q866816$118067ff-4258-d27f-0593-1c647f72f01c,subclass of,bourrée,"""Q11639""",dance,"""Q3015613""",Baroque dance,refinement,rhythmic movement of the body,dance of the Baroque era,refinement
1311724018,4934,Q1323330$98747164-4cd4-10c3-9e95-2fa0d3eb2e28,calculated from,Ekman number,"""Q834020""",angular frequency,"""Q102245394""",Earth's angular frequency,refinement,rate of change of the phase angle,,refinement
764824489,106,Q4974724$b437e02c-e677-4b66-a318-5daf0a65bfb5,occupation,Mildred Richardson,"""Q16533""",judge,"""Q56882269""",figure skating judge,refinement,official who presides over court proceedings,,refinement
278850605,31,Q1319931$938EDE07-7BCB-4FF2-83F6-574EDCDF4626,instance of,District 6,"""Q2582669""",district,"""Q21608359""",urban district of Vietnam,refinement,subdivision of Vietnam,administrative territorial entity,refinement
577584124,106,Q5220610$E2F37C15-FCAF-40C1-BB0F-D9379A61BC70,occupation,Danny McCulloch,"""Q855091""",guitarist,"""Q29017402""",bass guitarist,refinement,musician who plays the guitar,,refinement
924501502,106,Q63340000$7f82df8b-41d8-c707-f8ee-a76d88a80999,occupation,Kathrine Krogh Hoffmann,"""Q1231865""",pedagogue,"""Q21941967""",social pedagogue,refinement,person working in the academic field of pedagogy,profession,refinement
1206194978,31,Q5268427$e645f2ad-483b-edc3-40be-e4e386afb8b1,instance of,Hub Dam,"""Q12323""",dam,"""Q11285593""",earth-fill dam,refinement,barrier that impounds water or underground streams,dam constructed as a simple embankment of well compacted earth,refinement
1021283396,4224,Q7057050$6998B351-B5C6-447D-8CEE-FDF395D0BB84,category contains,Category:Black-and-white photographs,"""Q125191""",photograph,"""Q68831380""",black-and-white photograph,refinement,image created by light falling on a light-sensitive surface,"photographs having images in gray tones, black, and white, and sometimes one hue (which can result from chemical processes used, including toning, or from aging)",refinement
487857375,106,Q3288673$f77c860d-449a-c2eb-c69a-fec3955c4766,occupation,Marcel Besson,"""Q81096""",engineer,"""Q20972719""",aeronautical engineer,refinement,professional practitioner of engineering,profession,refinement
2298857744,279,Q59545$FEE50844-5EB1-437A-907C-FA97B08884CD,subclass of,temporary work agency,"""Q261362""",employment agency,"""Q352450""",agency,unrefinement,organization which matches employers to employees,professional service provider,unrefinement
1154341612,39,Q382276$BC048E44-BF45-43EF-A860-1CA9853EBBAB,position held,Tiberius Sempronius Longus,"""Q21599505""",decemvir,"""Q53913298""",decemviri sacris faciundis,unrefinement,"magistrate of Ancient Rome, one of a group of ten members",religious collegium of ten priests in Ancient Rome,refinement
802159675,31,q444451$32E1455B-A328-445C-96C9-A00314BC2AE4,instance of,City of Golden Shadow,"""Q571""",book,"""Q47461344""",written work,unrefinement,medium for recording information (words or images) typically on bound pages or more abstractly in electronic or audio form,"any work expressed in writing, such as inscriptions, manuscripts, documents or maps",refinement
6591702,31,q202531$FBF797FE-6A6E-447D-A9D6-022AC1F733BE,instance of,Deception Point,"""Q6293""",photographic film,"""Q11424""",film,unrefinement,sheet of plastic coated with light-sensitive chemicals,"sequence of images that give the impression of movement, stored on film stock",unrefinement
1343214941,793,Q1980$0cb1a9a5-4b24-be44-298d-282f91642ab6,significant event,Stade de Gerland,"""Q1782573""",2007 Rugby World Cup qualifying,"""Q124753""",2007 Rugby World Cup,unrefinement,,6th Rugby World Cup,property_value_update
201113047,31,Q23540$A23BEE09-6EFF-4F3B-A37D-03313BFC5AE7,instance of,Protestantism,"""Q842798""",Western Christianity,"""Q13414953""",religious denomination,unrefinement,"Christianity originating from the tradition of the Western Roman Empire, with its capital in Rome. consists of the Latin Church of the Catholic Church and its derivatives",identifiable religious subgroup with a common structure and doctrine,property_value_update
956401074,31,Q208147$b4c170c1-4a74-dc49-2833-583f8ca6fc92,instance of,hang gliding,"""Q18353240""",air sports at the 2014 Asian Beach Games,"""Q644628""",air sports,unrefinement,,range of aerial activities,unrefinement
1036572143,159,Q285246$CCB12246-A825-4524-97E1-C69EF5EF0664,headquarters location,De Havilland Canada,"""Q118696""",Downsview Airport,"""Q172""",Toronto,unrefinement,airport,"capital and largest city of the province of Ontario, Canada",property_value_update
1074625850,31,Q417800$56E03037-7603-47E6-92B8-164B23720815,instance of,CD8,"""Q420927""",protein complex,"""Q78155096""",family of protein complexes,unrefinement,stable macromolecular complex,species-independent set of protein complexes with a common characteristic or origin,refinement
2152339523,137,Q34486$E1033785-98BF-4E61-80B2-1CF78FBF2781,operator,helicopter,"""Q57770""",Argentine Air Force,"""Q61883""",air force,unrefinement,air warfare branch of Argentina's armed forces,military branch of service primarily concerned with aerial warfare,unrefinement
2139592076,410,Q332972$E1499340-2976-4B4E-AA3C-FFAD0C5C28E7,military or police rank,"Augustus Keppel, 1st Viscount Keppel","""Q4902790""",vice admiral,"""Q2916006""",admiral,unrefinement,military rank in the british Royal Navy,senior rank of the Royal Navy of the United Kingdom,unrefinement
1573383711,410,Q305387$e1ff8f27-457d-a678-7a7a-cb32e6c26c13,military or police rank,Kathryn Janeway,"""Q77798300""",rear admiral,"""Q132851""",admiral,unrefinement,Starfleet rank,highest naval officer rank,unrefinement
745829938,452,Q372657$a61abc5d-4bd7-1a57-541c-2312d7054067,industry,Credit Suisse,"""Q1548025""",retail banking,"""Q837171""",financial services,unrefinement,provision of services by a bank to individual consumers,economic service provided by the finance industry,unrefinement
1394659043,31,Q62156$A1A15FC2-6030-4FA0-AD2A-4CC9DBDC0FA9,instance of,Antonov An-26,"""Q15056995""",aircraft model,"""Q45296117""",aircraft type,unrefinement,"specific aircraft design and specification, differentiated from others of its family",specific aircraft design and specification,refinement
6013868,47,q1612$C3D9E0CA-E7B9-49B8-B794-CB2DAECFCC1A,shares border with,Arkansas,"""Q1497""",Mississippi River,"""Q1494""",Mississippi,unrefinement,primary river of the largest drainage basin in the United States,state of the United States of America,property_value_update
5834861,20,q2831$33689039-B4EA-45F1-AB02-8E086DAEA487,place of death,Michael Jackson,"""Q542965""",Los Angeles River,"""Q65""",Los Angeles,unrefinement,"river in California, United States","largest city in California, United States",property_value_update
13184393,31,q170269$39915B52-7B15-4C75-9138-2CFA9C2FD3AC,instance of,Bic National Park,"""Q3364923""",national park of Quebec,"""Q46169""",national park,unrefinement,protected areas created by the provincial government of Quebec,park used for conservation purposes of animal life and plants,unrefinement
943875051,2061,Q467101$8902C6CD-F04A-434D-83D6-667E0008DE11,aspect ratio (W:H),Twenty Bucks,"""Q21037379""",1.85:1,"""Q752245""",widescreen,unrefinement,aspect ratio with a width of 1.85 units and height of 1 unit,aspect ratio of a displayed image,refinement
6769549,102,q314016$84A92CD9-7D79-4231-9364-58E49090A53C,member of political party,Andrew Fisher,"""Q781552""",Australian Labor Party (Non-Communist),"""Q216082""",Australian Labor Party,unrefinement,political party in Australia,federal political party in Australia,refinement
97570496,166,Q160726$cf79329b-48d7-6b17-f42f-e0fe12a50698,award received,Ang Lee,"""Q180675""",84th Academy Awards,"""Q19020""",Academy Awards,unrefinement,American movie award ceremony,annual awards for cinematic achievements,unrefinement
1386705429,2238,Q132720$e9e1455d-4d36-e16a-e655-97ce2a2a9a99,official symbol,Yamanashi Prefecture,"""Q149269""",Acer japonicum,"""Q42292""",Acer,unrefinement,species of plant,genus of plants,unrefinement
13369953,54,q315063$55D7FBDB-E600-4BEC-8C64-5D77FCA5C46E,member of sports team,Dieter Bast,"""Q812128""",Bayer 04 Leverkusen Women,"""Q104761""",Bayer 04 Leverkusen,unrefinement,German women's football club,"association football club in Leverkusen, Germany",unrefinement
650327345,31,q40$F7F1CF99-577E-419C-8F98-90F779AFE91A,instance of,Austria,"""Q7571613""",Sovereign State of Aeterna Lucina,"""Q3624078""",sovereign state,unrefinement,Micronation,state that has the highest authority over a territory,unrefinement
2022992464,69,Q55937$B7CE8E70-5D24-47A8-B814-01A9EB341943,educated at,Roman Giertych,"""Q9379671""",Faculty of Law and Administration of Adam Mickiewicz University in Poznań,"""Q348402""",Adam Mickiewicz University in Poznań,unrefinement,faculty of Adam Mickiewicz University in Poznań,university in Poland,unrefinement
1551230610,1196,Q312391$7309b82c-4234-fd50-5307-36d9c55430b6,manner of death,Philippe Leclerc de Hauteclocque,"""Q2822702""",General Leclerc's aviation accident,"""Q171558""",accident,unrefinement,1947 aviation accident involving a North American B-25 Mitchell aircraft,unforeseen event that causes damage to a person or property,unrefinement
740031185,31,Q212502$7908FE50-D863-46C3-BF81-E83E29DDCBC8,instance of,Callithoe,"""Q22988604""",mythological Greek character,"""Q26214208""",set of mythological Greek characters,unrefinement,individual character in Greek mythology,set of mythological Greek characters which don't have any connection to each other,unrefinement
790624717,31,Q317697$E17624CB-BDF9-4BDA-833E-BB058AE7CEFD,instance of,Meiderich,"""Q253019""",Ortsteil,"""Q2983893""",quarter,unrefinement,"named subdivision or section of a human settlement in Germany, Austria or Switzerland","division or section, region or part of a town, city or municipality, which may be an administrative unit",refinement
648943415,410,Q88472$AABA31F8-DCFC-4758-87BA-2D3F14C72E96,military or police rank,Günter Hessler,"""Q22814748""",Korvettenkapitän,"""Q22815070""",Fregattenkapitän,unrefinement,officer's rank in the German navy,military rank in the navy,property_value_update
322757325,452,Q333498$D46C6405-8BFD-4ABC-922B-3F25AB0BAA27,industry,Bombardier,"""Q3798668""",aerospace engineering,"""Q2876213""",aerospace,unrefinement,branch of engineering,field of activity involving utilization of the atmosphere and outer space,unrefinement
5816460,47,q236$D5D6B330-C49B-45D7-A661-AC0B197330ED,shares border with,Montenegro,"""Q3137021""","Kosovo, Makedonski Brod","""Q1231""",Kosovo,unrefinement,village in Macedonia,geographical region in Europe,refinement
511800304,410,Q371840$acc374c7-4dc9-8575-3360-b4cbd918468b,military or police rank,Américo Tomás,"""Q23022368""",kontr-admiral,"""Q132851""",admiral,unrefinement,Russian naval officer rank,highest naval officer rank,refinement
93329650,31,q265641$9EA94C28-9C5E-4406-BEB7-81EF38136F5A,instance of,Me'Lisa Barber,"""Q159979""",twin,"""Q5""",human,unrefinement,one of two offspring produced in the same pregnancy,"any member of Homo sapiens, unique extant species of the genus Homo",unrefinement
527116080,39,Q372695$28617ED8-4C36-4D37-AD22-DA484CBB6FA4,position held,Anders Arborelius,"""Q29182""",bishop,"""Q45722""",cardinal,unrefinement,ordained or consecrated member of the Christian clergy,senior ecclesiastical official of the Catholic Church,refinement
1263108093,551,Q403910$debd5de6-4fbe-387d-e145-e3cbedc38173,residence,Ala al-Din Muhammad III,"""Q4706020""",Alamut Castle,"""Q366079""",Alamut,unrefinement,"castle in Qazvin County, Iranian national heritage site",region in Iran,refinement
8020903,132,q115459$AD1E1111-8F18-4F44-9D22-2969D6385A8C,type of administrative division,Chatham Islands,"""Q1136601""",unitary authority area in England,"""Q1160920""",unitary authority,unrefinement,"local government area in some parts of England, goverened by a unitary authority",type of local government body that covers two levels of government,refinement
2344440052,69,Q134316063$ebe08fb5-4844-feed-5759-5003c7812a0b,educated at,Jun Cao,"""Q835185""",Fudan University Shanghai Medical College,"""Q495015""",Fudan University,unrefinement,medical school,"university in Shanghai, China",unrefinement
1068781827,31,Q29333403$B1971E2B-59CD-425E-80A0-87CD7D6DAA04,instance of,,"""Q20900710""",painting on a moveable support,"""Q3305213""",painting,unrefinement,,"visual artwork, surface artistically covered with paint",unrefinement
1321350146,106,Q16439775$e94e1294-4f7f-c78f-2b2a-bd052a58fcd4,occupation,Nicolas Martha,"""Q10511368""",high school teacher,"""Q5758653""",secondary school teacher,unrefinement,teacher in a secondary education institution,teacher of high school (12-18 years),refinement
1367470108,361,Q105627491$c5a4396c-4b77-23c0-9a71-7aa371129cf0,part of,Faculty of Industrial and Civil Engineering BelDUT,"""Q105585402""",Faculty of Management of Transportation Processes of BelDUT,"""Q1964941""",Belarusian State University of Transport,unrefinement,,"public university in Gomel, Belarus",unrefinement
2301720460,31,Q130355777$830072fe-4f19-4ae5-5ae7-afeb4fe6fef7,instance of,Fran Galović Award,"""Q105810973""",award for best book (by genre),"""Q105810971""",award for best book,unrefinement,,,refinement
1448786317,6104,Q107341710$8E1A2D18-148F-4FC8-97CB-BAF30C5DA4F4,maintained by WikiProject,Strandlyvej,"""Q106774536""",WikiProject Swedish Bath Waters,"""Q107096245""",Project European Bath Waters,unrefinement,Wikiproject that focuses on Swedish bathing site objects,,property_value_update
2196069789,1343,Q15920439$D28466AC-28A7-426F-8EFA-1A5E975376C8,described by source,Xu Xiangqing,"""Q107131799""","Guochao xianzheng lu, volume 80","""Q10926857""",Guochao xianzheng lu,unrefinement,,book of biographies for people from the Ming dynasty,refinement
2196755921,1343,Q11098316$0A17ACDB-A3FA-4ACC-9EA8-ABCB88817163,described by source,Li Wei,"""Q107281657""","Guochao Xianzheng Shilüe, volume 3","""Q10926113""",Guochao Xianzheng Shilüe,unrefinement,,,refinement
2196781986,1343,Q30950357$032A30E7-F3D4-4C3D-958D-8B36EEF51B97,described by source,Zhou Yuanli,"""Q107296115""","Collected Stele Biographies, volume 35","""Q10442254""",Collected Stele Biographies,unrefinement,,,refinement
2196847895,1343,Q45646985$C1263F06-FE72-40E2-B93D-A52F3364A12A,described by source,Bian Huanwen,"""Q107364854""","Guochao Qixian Leizheng Chubian, volume 469","""Q9685641""",Guochao Qixian Leizheng,unrefinement,,,unrefinement
149962283,31,Q3554406$8C099772-F86C-42A8-944C-5BF44489ADC2,instance of,Van Hanh Pagoda,"""Q10748583""",Buddhist temple in Vietnam,"""Q5393308""",Buddhist temple,unrefinement,,place of worship for Buddhists,unrefinement
1571000883,279,Q30879196$343850eb-4c3a-6d71-80c8-52d9bb8b94b6,subclass of,Apostolic Nuncio to the European Union,"""Q110724149""",ambassador of Israel to the European Union,"""Q101064552""",ambassador to the European Union,unrefinement,,,unrefinement
1989223666,1344,Q65993195$183fa0a7-49ea-aace-70de-33ab0ac4a040,participant in,KC Lightfoot,"""Q111292736""",2022 World Athletics Indoor Championships – men's pole vault,"""Q85865946""",2022 World Athletics Indoor Championships,unrefinement,,international athletics championship event,unrefinement
1989120093,31,Q114396775$47546ADF-4326-4BC1-9C27-DBE35AEEBB74,instance of,Practical Space Fireworks,"""Q111369260""",Minecraft mod,"""Q865493""",video game mod,unrefinement,modification for the video game Minecraft,modification of a video game,unrefinement
1675615622,361,Q113020319$fc2be65c-4f3d-aa36-1beb-d9aa1ef1d20d,part of,2018 New Taipei City Council election,"""Q113009709""",2018 Taipei City Council election,"""Q48928519""",2018 Taiwanese city and county council elections,unrefinement,election in Taiwan,,property_value_update
2330603360,31,Q1035617$8E0C3EED-E2EB-48BA-81D9-738F4E49F931,instance of,Nadvirna Raion,"""Q114072597""",former raion of Ukraine,"""Q7688""",raion,unrefinement,,administrative division in several countries,unrefinement
2284212117,4330,Q130810642$a26d6c58-4113-b946-ee0d-271f48a53d81,contains,"Necropolis, Tomb 6, Loculus V","""Q11519176""",wooden coffin,"""Q184418""",coffin,unrefinement,,"container for transport, laying out and the burial of a corpse",unrefinement
1207540671,31,Q7814041$c2d79d1a-4081-cce1-38ab-0d1525533347,instance of,2007 Tokyo gubernatorial election,"""Q11525357""",Tokyo gubernatorial election,"""Q15261477""",gubernatorial election,unrefinement,,election to elect a governor,unrefinement
772612340,31,Q7251$22FE0362-8887-417C-A9AC-81850399468C,instance of,Alan Turing,"""Q1171048""",Subhuman,"""Q5""",human,unrefinement,single by Garbage,"any member of Homo sapiens, unique extant species of the genus Homo",property_value_update
260293803,31,Q1153052$1fcf2440-4393-fda3-223d-41dedeb36e5a,instance of,DEW-Gasometer Dortmund,"""Q1264036""",Gasometers in Münster,"""Q962715""",gas holder,unrefinement,"architectural structure in Münster, Germany",large container for storing natural gas,property_value_update
2131055245,31,Q13956961$D5E4D0AC-616E-4E76-A14D-B24785872452,instance of,Wujiamiao,"""Q13100073""",village of the People's Republic of China,"""Q985488""",residential community,unrefinement,type of grassroots mass autonomous organization and the 5th level of administrative divisions in China PRC,administrative territorial entity of the People's Republic of China,property_value_update
2182496705,131,Q2876120$7595FA5C-E325-4CF1-9378-F8027CFF29F2,located in the administrative territorial entity,National Route A002,"""Q1486""",Buenos Aires,"""Q44754""",Buenos Aires Province,unrefinement,capital and largest city of Argentina,province of Argentina,property_value_update
1622381178,39,Q321434$AE0FFE96-D32B-430B-A3F4-6B9C6E8C435B,position held,"Henri de Bourbon, Duke of Verneuil","""Q15729481""",Roman Catholic Bishop of Metz,"""Q29182""",bishop,unrefinement,,ordained or consecrated member of the Christian clergy,unrefinement
418227915,1552,Q5422106$6425e109-4578-21fc-fbf2-a54b29fa5dfd,has characteristic,extouch triangle,"""Q15921574""",area of plane shape,"""Q11500""",area,unrefinement,,"quantity that expresses the extent of a two-dimensional surface or shape, or planar lamina, in the plane",unrefinement
696932087,39,Q466836$8f3d8bd4-4144-4679-5f90-59ab6d7d4c8b,position held,Rosy Bindi,"""Q27795992""",Italian Minister of Health,"""Q55050744""",Minister of Health,unrefinement,Italian minister,Italian Cabinet position,property_value_update
2029826552,31,Q4702793$52E2A3FB-1187-4205-BD5F-7FF37B3D3150,instance of,Al-Malkiyya,"""Q23828039""",village/town/city in Lebanon,"""Q532""",village,unrefinement,Town in Syria,small clustered human settlement smaller than a town,unrefinement
685784780,31,Q3463070$88CCBD6D-9406-4B66-A007-DB2C2BCD4C7D,instance of,Saint-Noël,"""Q27676420""",village municipality of Quebec,"""Q27676428""",municipality,unrefinement,type of local municipality in Quebec,"type of municipality in Quebec; these are municipalities that only have ""municipality"" in their status",unrefinement
859238761,971,Q25338592$2FC8F9B1-A34A-4026-9C47-A2430E352A5F,category combines topics,Category:Igbo rap albums,"""Q29035150""",album by this artist,"""Q482994""",album,unrefinement,Wikidata metaclass,"grouping of album releases by an artist usually released at the same time with the same title and tracks but in different formats for consumption (digital, CD, LP)",unrefinement
888740688,279,Q55635949$09e38ad1-4533-710b-8b29-1fa06a4734d4,subclass of,tobacco factory,"""Q29650419""",Factory building,"""Q41176""",building,unrefinement,"former smithy on Austrasse in Bühler in the canton of Appenzell Innerrhoden, Switzerland","structure, typically with a roof and walls, standing more or less permanently in one place",unrefinement
1322505543,31,Q29650425$d680d289-4644-a646-c8d1-d1c8857d787c,instance of,factory building,"""Q29650425""",factory building,"""Q41176""",building,unrefinement,"building on Austrasse in Bühler in the canton of Appenzell Ausserrhoden, Switzerland.","structure, typically with a roof and walls, standing more or less permanently in one place",unrefinement
780808478,54,Q4961160$32497651-E96E-41E0-A228-31D8A7B7D700,member of sports team,Brendon Dawson,"""Q338685""",Zimbabwe women's national rugby union team,"""Q1544873""",Zimbabwe national rugby union team,unrefinement,sports team,rugby union team,property_value_update
1608472139,197,Q2982151$40d73e58-47ed-9a1c-89d9-9ac9e06e6cff,adjacent station,Grand Central – 42nd Street,"""Q2982388""",42nd Street–Bryant Park/Fifth Avenue,"""Q109629886""",Fifth Avenue,unrefinement,New York City subway station,"metro station in Manhattan, New York, United States",property_value_update
1904590070,127,Q118793009$02874df3-4418-7c9a-e493-56bb350c8077,owned by,Axim Polyclinic,"""Q327333""",government agency,"""Q7188""",government,unrefinement,"organisational part of a government responsible for specific public services, such as health, judiciary, education, transportation, foreign affairs, etc","system or group of people governing an organized community, often a state",unrefinement
951529904,159,Q55633416$407c1ddb-4aab-35d3-45b2-423ba5f5d8f2,headquarters location,Society for the Study of Addiction,"""Q3123462""",University of Northampton,"""Q192240""",Northampton,unrefinement,"modern university in Northamptonshire, UK","town and civil parish in Northamptonshire, England, UK",property_value_update
777030921,2354,Q22666734$f41a6455-48bf-dbcf-63e7-9dab1a3bfbfd,has list,ambassador of Germany to Japan,"""Q320468""","list of German ministers, envoys and ambassadors to Japan","""Q1619440""",list of ambassadors of Germany to Japan,unrefinement,Wikimedia list article,Wikimedia list article,refinement
2165243656,31,Q125535036$aaec15d2-4cb4-0744-31e3-6d5ad68c9a3b,instance of,2024 Acura Grand Prix of Long Beach,"""Q125535036""",2024 Acura Grand Prix of Long Beach,"""Q10259870""",Grand Prix of Long Beach,unrefinement,"indycar race held in Long Beach, California",indycar race,unrefinement
1919234667,800,Q263213$d714fcfd-4932-49b3-d9e1-9246784ae9e2,notable work,Anne Golon,"""Q4764321""","Angélique, the Marquise of the Angels","""Q544911""",Angélique,unrefinement,book by Anne Golon,book series,unrefinement
2234373542,166,Q128971362$65ac793b-4574-94a9-cbd2-011166bed7ca,award received,Majestic Residence Signature Villa,"""Q129551858""",Architecture Single Residence Thailand,"""Q128985660""",International Property Awards,unrefinement,Award given in the International Property Awards Asia Pacific for excellence in single residential design in Thailand.,"International Property Awards: Prestigious global awards recognizing excellence in residential and commercial property sectors, judged by experts across regions including Africa, Asia Pacific, Europe, and the Americas.",property_value_update
1830500978,31,Q3208164$FC1AAF17-1E55-43CB-9786-F5E21605FCBD,instance of,La Demeure Historique,"""Q50922133""",association under the French law of 1901 with public benefit status,"""Q15911314""",association,unrefinement,type of association in France,group of individuals (natural persons) or entities (legal persons) of all kinds,unrefinement
1196928749,31,Q10566528$9765a194-43d9-7802-e0c5-5a1b247524ae,instance of,Kahk,"""Q13276""",cake,"""Q14515951""",food,unrefinement,baked dessert,food for human consumption,unrefinement
740145725,20,Q466601$25733500-32E8-4F20-B5C0-E88EE688CD84,place of death,Charles Terront,"""Q1726147""",canton of Marseille-Sainte-Marguerite,"""Q23482""",Marseille,unrefinement,canton of France,"French commune in Bouches-du-Rhône, Provence-Alpes-Côte d'Azur; the second largest city of France",unrefinement
2302417747,106,Q955782$84178AC1-4023-4611-A367-EDA280FD9218,occupation,Vladislav the Grammarian,"""Q131416318""",Church Slavonic writers,"""Q36180""",writer,unrefinement,Slavic writers,person who uses written words to communicate ideas and to produce literary works,unrefinement
1173061448,31,Q18335087$14d499f1-44f5-3a2e-33ed-15df23aa6895,instance of,,"""Q1207465""",conference hall,"""Q10547557""",conference facility,unrefinement,room provided for singular events such as business conferences and meetings,facility intended for conferences,refinement
1221133750,149,Q2974562$F2BF1BC7-1B25-4D93-A79A-E461CD3D402A,architectural style,City Hall of Cardiff,"""Q3635092""",Edwardian Baroque architecture,"""Q5346070""",Edwardian architecture,unrefinement,Neo-Baroque architectural style of many public buildings built in the British Empire during the Edwardian era,style of architecture designed during the reign of Edward of Great Britain (1901-1910),refinement
1414979007,279,Q4118894$AE07BC44-DD8F-451A-9E08-72277229B30B,subclass of,viral entry into host cell,"""Q14865173""",entry into host cell,"""Q22270255""",entry into host,unrefinement,The invasion by an organism of a cell of its host organism. The host is defined as the larger of the organisms involved in a symbiotic interaction.,"penetration by an organism into the body, tissues, or cells of the host organism (the host is defined as the larger of the organisms involved in a symbiotic interaction)",property_value_update
1839113150,31,Q688452$2d9b55c7-489c-b03e-7dd9-6f5b9e69c62d,instance of,Triodos Bank,"""Q746515""",ethical banking,"""Q22687""",bank,unrefinement,bank concerned with the social and environmental impacts of its investments and loans,financial institution that accepts deposits,unrefinement
833234186,31,Q50235448$281e8998-413c-4e72-e36d-0f1612e7242b,instance of,federal intervention on Rio de Janeiro in 2018,"""Q1977915""",federal intervention in Argentina,"""Q60585247""",federal intervention,unrefinement,attribution of the federal government of Argentina,temporary suspension of the autonomy of federal entities within a country,unrefinement
1722973258,1454,Q107003420$5635b0b7-4e35-be2d-f25e-9285cc53e268,legal form,Federal Foundation for Gender Equality,"""Q20050667""",foundation under public law,"""Q56597644""",federal foundation,unrefinement,type of legal form in Germany for government foundations,type of legal form in Germany,unrefinement
671683393,2629,Q648980$40164520-4463-b02c-dd03-de3396572168,BBFC rating,Alice: Madness Returns,"""Q4550895""",15 certificate,"""Q47542366""",15 rating,unrefinement,BBFC content rating indicating restricted to persons aged 15 years and over,age-based content rating,unrefinement
1802161294,4437,Q13091172$4AC4A468-1A4A-406A-8ABD-78175750A22E,FPB rating,Big Hero 6,"""Q42012498""",10-12 PG,"""Q42012492""",PG,unrefinement,FPB film content rating. The film is not suitable for children under the age of 10. Children from the ages of 10-12 years may not be allowed to watch the film unless accompanied or supervised by an adult,FPB film content rating. Parental guidance recommended for younger children,property_value_update
751258242,463,Q203966$a992f342-40c4-d20e-3ecc-ebe4eaf44857,member of,Paul Ryan,"""Q18740945""",115th United States Congress,"""Q11268""",United States Congress,unrefinement,2017–2019 legislative term,bicameral legislature of the United States,unrefinement
1117301457,1411,Q40715$42cd21b6-4e4b-dfbd-2993-4e93400f6d45,nominated for,Jennifer Lopez,"""Q1661123""",11th Independent Spirit Awards,"""Q311836""",Independent Spirit Awards,unrefinement,,American film awards dedicated to independent filmmakers,unrefinement
1085985505,276,Q17815583$1442EA6D-F476-43FD-917F-D3BCE8488339,location,"Gate Piers, Langside College, 124 Prospecthill Road, Glasgow","""Q17815579""","124 Prospecthill Road, Langside College","""Q6486483""",Langside College,unrefinement,"architectural structure in Glasgow City, Scotland, UK","college in Glasgow, Scotland, UK",unrefinement
212575773,279,Q271855$128c9e2c-4b77-238b-c3fc-0294cc8676cf,subclass of,government budget,"""Q15629444""",government report,"""Q19828919""",government document,unrefinement,document written by a government to convey information,written work created by a government,property_value_update
696930285,39,Q3659287$41075577-4e7b-03a5-790b-751899f33294,position held,Carlo Donat-Cattin,"""Q27795992""",Italian Minister of Health,"""Q55050744""",Minister of Health,unrefinement,Italian minister,Italian Cabinet position,property_value_update
693506301,39,Q365166$35db6a26-455b-4d75-1c51-8a9119b9f85b,position held,Adolfo Sarti,"""Q25973167""",Italian Minister of Justice,"""Q54888195""",Minister of Justice,unrefinement,Italian minister,Italian ministerial position,property_value_update
2280415784,179,Q6911014$F27A6A4D-6255-4908-A05C-7CD680D76E2D,part of the series,More Nature – A Selection of New Zealand’s Best 2000-2005,"""Q6980847""",Nature's Best: New Zealand’s Top 30 Songs of All Time,"""Q131342519""",Nature's Best,unrefinement,2002 compilation album; various artists,compilation album series,refinement
1551891316,279,Q110291310$bfd1991a-499a-22a4-ebd3-74095b583de2,subclass of,nephew-in-law,"""Q104772439""",nephew-in-law or niece-in-law,"""Q15224724""",nephew,unrefinement,partner or spouse of a child of a sibling or half-sibling,male child of a sibling or half-sibling,property_value_update
1551891171,279,Q110291311$2b25ccf0-4a85-63f6-c2e4-139b73a7ec3f,subclass of,niece-in-law,"""Q104772439""",nephew-in-law or niece-in-law,"""Q3403377""",niece,unrefinement,partner or spouse of a child of a sibling or half-sibling,female child of a sibling or half-sibling,property_value_update
463669237,279,Q1454986$c6c15990-4b18-7491-8c74-6635acff72ac,subclass of,physical system,"""Q15619176""",concrete object,"""Q488383""",object,unrefinement,object with a physical referent,anything that may be observed or acted upon by a subject,property_value_update
1064258648,31,Q29129211$BD4B0619-60E4-4615-AAA4-A742396429B8,instance of,,"""Q20900710""",painting on a moveable support,"""Q3305213""",painting,unrefinement,,"visual artwork, surface artistically covered with paint",unrefinement
990993221,31,Q4500372$00B3A830-FB0E-4479-AE50-A00D80C9332F,instance of,Chacislaŭ,"""Q532""",village,"""Q1989945""",agrotown,unrefinement,small clustered human settlement smaller than a town,type of rural settlement in Belarus,refinement
1779174362,180,Q115457979$4d2d6042-419d-8a34-2d75-f8fa5c4718e6,depicts,Zahnspinnerraupe,"""Q81825""",caterpillar,"""Q796463""",Notodontidae,unrefinement,larva of a butterfly or moth,family of insects,property_value_update
1375612269,19,Q3364194$85F873E8-EDDA-480C-9D68-954702422350,place of birth,Dagmar Hansen,"""Q946886""",Rungsted,"""Q1748""",Copenhagen,unrefinement,district of Copenhagen,capital and largest city of Denmark,property_value_update
755535729,279,q327132$8ee8d97a-49b5-3ccf-eea7-46bcf7f5fea7,subclass of,Soviet space dog,"""Q53662""",Laika,"""Q144""",dog,unrefinement,Soviet space dog (c. 1954–1957),domestic animal,unrefinement
264658456,106,Q5075431$D6B6DC2D-DF49-4F9A-80BA-A188B1B929C0,occupation,Charles Barnett-Clarke,"""Q4958876""",dean,"""Q15995941""",religious servant,unrefinement,cleric holding certain positions of authority within a religious hierarchy,"person, member of a religious belief",unrefinement
214884987,1343,Q6578319$AE658F28-5FB4-4F44-BF37-87160C05DC5A,described by source,malleolus,"""Q19558994""",Gray's Anatomy (20th edition),"""Q200306""",Gray's Anatomy,unrefinement,20th edition of Gray's Anatomy published in 1918,textbook of human anatomy,unrefinement
1412711789,682,Q23511778$A2F9EF53-053B-486E-9148-60B7E60F197B,biological process,Sensor protein vanS BC2497,"""Q14863351""",signal transduction by protein phosphorylation,"""Q828130""",signal transduction,unrefinement,A process in which the transfer of one or more phosphate groups to a substrate transmits a signal to the phosphorylated substrate.,cellular process in which a signal is conveyed to trigger a change in the activity or state of a cell,unrefinement
1011524732,19,Q65966537$f0d069d0-4805-0d38-ea5c-0f4b69571146,place of birth,Yael Globerman,"""Q192807""",Ramat Gan,"""Q33935""",Tel Aviv,unrefinement,city in the Tel Aviv District of Israel,city in Israel,property_value_update
70381280,31,q805439$98916dd2-4034-5765-1092-a34eb0050c6c,instance of,Christ the King statue,"""Q805438""",monumental statue of Christ the King,"""Q4989906""",monument,unrefinement,class of monumental sculpture,"imposing structure created to commemorate a person or event, or used for that purpose",unrefinement
2333420683,106,Q133800314$7592ec86-4076-08e1-a623-a936c9f95964,occupation,Mohsen,"""Q133800314""",Mohsen,"""Q49757""",poet,unrefinement,"Iranian poet, author, translator, and journalist (born 1981)",person who writes poetry,unrefinement
699724135,921,Q1822290$bf7837ad-40e4-b834-0c4f-373b5c61f282,main subject,Lexikon der Anarchie,"""Q486213""",anarchism in Germany,"""Q6199""",anarchism,unrefinement,overview of anarchism in Germany,political philosophy and movement,unrefinement
874474286,527,Q61968603$29bce513-4b50-7d28-98a4-fc8c426c79d4,has part(s),Postal: Fudge Pack,"""Q59312137""",Postal 2: Share the Pain,"""Q1974968""",Postal 2,unrefinement,multiplayer mod for the 2003 video game Postal 2,2003 video game,unrefinement
1321372878,106,Q94901469$0F2F3046-84DF-4000-97AF-9105B29E5D01,occupation,Karl Anton Henniger,"""Q10511368""",high school teacher,"""Q5758653""",secondary school teacher,unrefinement,teacher in a secondary education institution,teacher of high school (12-18 years),refinement
282446268,186,Q2928779$577220ef-46aa-b7d7-efb6-e876286e324a,made from material,Frédérick Lemaître,"""Q23757""",limestone,"""Q22731""",stone,unrefinement,sedimentary rocks made of the chemical substance calcium carbonate,rock; building material,unrefinement
409394311,31,q7771551$C7213732-F9FE-4B3D-B088-95360F9031F8,instance of,The Union Club Mysteries,"""Q1279564""",short story collection,"""Q571""",book,unrefinement,book containing several short stories by a single author,medium for recording information (words or images) typically on bound pages or more abstractly in electronic or audio form,unrefinement
636731195,31,Q49843725$65f70290-403c-7820-d432-ef5ab1cb536c,instance of,Fanny Eliza Arden,"""Q924827""",human from Star Trek,"""Q5""",human,unrefinement,human species as depicted in Star Trek,"any member of Homo sapiens, unique extant species of the genus Homo",unrefinement
877113262,36,Q10561363$b9b31dec-4ed2-e382-e2be-045036815c8e,capital,,"""Q10561357""",Lidingö centrum,"""Q54349""",Lidingö,unrefinement,Shopping center Sweden,"urban area in Lidingö Municipality, Sweden",unrefinement
530173746,279,Q11755959$3d019948-41d4-c9c7-ad91-3333bbb836fe,subclass of,multi-story urban building,"""Q33673393""",multi-storey building,"""Q41176""",building,unrefinement,,"structure, typically with a roof and walls, standing more or less permanently in one place",unrefinement
1697971886,31,Q271110$464c3e5e-4100-7377-7ac4-5423fb094042,instance of,Islamic Revolutionary Guard Corps,"""Q781132""",military branch,"""Q8473""",military,unrefinement,subdivision of the armed forces of a sovereign nation,organization primarily tasked with preparing for and conducting war,unrefinement
98542787,31,Q12909546$dd43827a-4dc6-856b-58aa-9c0337a7deaa,instance of,Pešnica,"""Q4022""",river,"""Q13445072""",watercourse,unrefinement,larger natural watercourse,,unrefinement
1290324447,31,Q2050127$D5BF9206-D506-4DFA-A042-BFEB18303FBB,instance of,Panzerbrigade 6,"""Q22115622""",panzerbrigade,"""Q23901273""",armored brigade,unrefinement,armored brigade formation organized within the German Army,military formation containing significant armored elements,refinement
1989121226,31,Q114397149$D7C4AF7C-F242-4E67-ABAC-AA0EF9C47287,instance of,World State Checkpoints,"""Q111369260""",Minecraft mod,"""Q865493""",video game mod,unrefinement,modification for the video game Minecraft,modification of a video game,refinement
1139518418,31,Q88116467$0C4B20F2-6994-4F81-9236-BCE436E172A0,instance of,Odhner mechanical computer-MHS 2445,"""Q1145419""",Curta,"""Q211586""",mechanical calculator,unrefinement,mechanical pocket calculator,mechanical machine for arithmetic operations for absolute calculators,refinement
2298857744,279,Q59545$FEE50844-5EB1-437A-907C-FA97B08884CD,subclass of,temporary work agency,"""Q352450""",agency,"""Q261362""",employment agency,refinement,professional service provider,organization which matches employers to employees,unrefinement
1154341612,39,Q382276$BC048E44-BF45-43EF-A860-1CA9853EBBAB,position held,Tiberius Sempronius Longus,"""Q53913298""",decemviri sacris faciundis,"""Q21599505""",decemvir,refinement,religious collegium of ten priests in Ancient Rome,"magistrate of Ancient Rome, one of a group of ten members",unrefinement
802159675,31,q444451$32E1455B-A328-445C-96C9-A00314BC2AE4,instance of,City of Golden Shadow,"""Q47461344""",written work,"""Q571""",book,refinement,"any work expressed in writing, such as inscriptions, manuscripts, documents or maps",medium for recording information (words or images) typically on bound pages or more abstractly in electronic or audio form,refinement
6591702,31,q202531$FBF797FE-6A6E-447D-A9D6-022AC1F733BE,instance of,Deception Point,"""Q11424""",film,"""Q6293""",photographic film,refinement,"sequence of images that give the impression of movement, stored on film stock",sheet of plastic coated with light-sensitive chemicals,property_value_update
1343214941,793,Q1980$0cb1a9a5-4b24-be44-298d-282f91642ab6,significant event,Stade de Gerland,"""Q124753""",2007 Rugby World Cup,"""Q1782573""",2007 Rugby World Cup qualifying,refinement,6th Rugby World Cup,,property_value_update
201113047,31,Q23540$A23BEE09-6EFF-4F3B-A37D-03313BFC5AE7,instance of,Protestantism,"""Q13414953""",religious denomination,"""Q842798""",Western Christianity,refinement,identifiable religious subgroup with a common structure and doctrine,"Christianity originating from the tradition of the Western Roman Empire, with its capital in Rome. consists of the Latin Church of the Catholic Church and its derivatives",property_value_update
956401074,31,Q208147$b4c170c1-4a74-dc49-2833-583f8ca6fc92,instance of,hang gliding,"""Q644628""",air sports,"""Q18353240""",air sports at the 2014 Asian Beach Games,refinement,range of aerial activities,,refinement
1036572143,159,Q285246$CCB12246-A825-4524-97E1-C69EF5EF0664,headquarters location,De Havilland Canada,"""Q172""",Toronto,"""Q118696""",Downsview Airport,refinement,"capital and largest city of the province of Ontario, Canada",airport,property_value_update
1074625850,31,Q417800$56E03037-7603-47E6-92B8-164B23720815,instance of,CD8,"""Q78155096""",family of protein complexes,"""Q420927""",protein complex,refinement,species-independent set of protein complexes with a common characteristic or origin,stable macromolecular complex,unrefinement
2152339523,137,Q34486$E1033785-98BF-4E61-80B2-1CF78FBF2781,operator,helicopter,"""Q61883""",air force,"""Q57770""",Argentine Air Force,refinement,military branch of service primarily concerned with aerial warfare,air warfare branch of Argentina's armed forces,refinement
2139592076,410,Q332972$E1499340-2976-4B4E-AA3C-FFAD0C5C28E7,military or police rank,"Augustus Keppel, 1st Viscount Keppel","""Q2916006""",admiral,"""Q4902790""",vice admiral,refinement,senior rank of the Royal Navy of the United Kingdom,military rank in the british Royal Navy,refinement
1573383711,410,Q305387$e1ff8f27-457d-a678-7a7a-cb32e6c26c13,military or police rank,Kathryn Janeway,"""Q132851""",admiral,"""Q77798300""",rear admiral,refinement,highest naval officer rank,Starfleet rank,property_value_update
745829938,452,Q372657$a61abc5d-4bd7-1a57-541c-2312d7054067,industry,Credit Suisse,"""Q837171""",financial services,"""Q1548025""",retail banking,refinement,economic service provided by the finance industry,provision of services by a bank to individual consumers,refinement
1394659043,31,Q62156$A1A15FC2-6030-4FA0-AD2A-4CC9DBDC0FA9,instance of,Antonov An-26,"""Q45296117""",aircraft type,"""Q15056995""",aircraft model,refinement,specific aircraft design and specification,"specific aircraft design and specification, differentiated from others of its family",refinement
6013868,47,q1612$C3D9E0CA-E7B9-49B8-B794-CB2DAECFCC1A,shares border with,Arkansas,"""Q1494""",Mississippi,"""Q1497""",Mississippi River,refinement,state of the United States of America,primary river of the largest drainage basin in the United States,property_value_update
5834861,20,q2831$33689039-B4EA-45F1-AB02-8E086DAEA487,place of death,Michael Jackson,"""Q65""",Los Angeles,"""Q542965""",Los Angeles River,refinement,"largest city in California, United States","river in California, United States",property_value_update
13184393,31,q170269$39915B52-7B15-4C75-9138-2CFA9C2FD3AC,instance of,Bic National Park,"""Q46169""",national park,"""Q3364923""",national park of Quebec,refinement,park used for conservation purposes of animal life and plants,protected areas created by the provincial government of Quebec,refinement
943875051,2061,Q467101$8902C6CD-F04A-434D-83D6-667E0008DE11,aspect ratio (W:H),Twenty Bucks,"""Q752245""",widescreen,"""Q21037379""",1.85:1,refinement,aspect ratio of a displayed image,aspect ratio with a width of 1.85 units and height of 1 unit,refinement
6769549,102,q314016$84A92CD9-7D79-4231-9364-58E49090A53C,member of political party,Andrew Fisher,"""Q216082""",Australian Labor Party,"""Q781552""",Australian Labor Party (Non-Communist),refinement,federal political party in Australia,political party in Australia,refinement
97570496,166,Q160726$cf79329b-48d7-6b17-f42f-e0fe12a50698,award received,Ang Lee,"""Q19020""",Academy Awards,"""Q180675""",84th Academy Awards,refinement,annual awards for cinematic achievements,American movie award ceremony,refinement
1386705429,2238,Q132720$e9e1455d-4d36-e16a-e655-97ce2a2a9a99,official symbol,Yamanashi Prefecture,"""Q42292""",Acer,"""Q149269""",Acer japonicum,refinement,genus of plants,species of plant,refinement
13369953,54,q315063$55D7FBDB-E600-4BEC-8C64-5D77FCA5C46E,member of sports team,Dieter Bast,"""Q104761""",Bayer 04 Leverkusen,"""Q812128""",Bayer 04 Leverkusen Women,refinement,"association football club in Leverkusen, Germany",German women's football club,refinement
650327345,31,q40$F7F1CF99-577E-419C-8F98-90F779AFE91A,instance of,Austria,"""Q3624078""",sovereign state,"""Q7571613""",Sovereign State of Aeterna Lucina,refinement,state that has the highest authority over a territory,Micronation,refinement
2022992464,69,Q55937$B7CE8E70-5D24-47A8-B814-01A9EB341943,educated at,Roman Giertych,"""Q348402""",Adam Mickiewicz University in Poznań,"""Q9379671""",Faculty of Law and Administration of Adam Mickiewicz University in Poznań,refinement,university in Poland,faculty of Adam Mickiewicz University in Poznań,refinement
1551230610,1196,Q312391$7309b82c-4234-fd50-5307-36d9c55430b6,manner of death,Philippe Leclerc de Hauteclocque,"""Q171558""",accident,"""Q2822702""",General Leclerc's aviation accident,refinement,unforeseen event that causes damage to a person or property,1947 aviation accident involving a North American B-25 Mitchell aircraft,refinement
740031185,31,Q212502$7908FE50-D863-46C3-BF81-E83E29DDCBC8,instance of,Callithoe,"""Q26214208""",set of mythological Greek characters,"""Q22988604""",mythological Greek character,refinement,set of mythological Greek characters which don't have any connection to each other,individual character in Greek mythology,refinement
790624717,31,Q317697$E17624CB-BDF9-4BDA-833E-BB058AE7CEFD,instance of,Meiderich,"""Q2983893""",quarter,"""Q253019""",Ortsteil,refinement,"division or section, region or part of a town, city or municipality, which may be an administrative unit","named subdivision or section of a human settlement in Germany, Austria or Switzerland",refinement
648943415,410,Q88472$AABA31F8-DCFC-4758-87BA-2D3F14C72E96,military or police rank,Günter Hessler,"""Q22815070""",Fregattenkapitän,"""Q22814748""",Korvettenkapitän,refinement,military rank in the navy,officer's rank in the German navy,refinement
322757325,452,Q333498$D46C6405-8BFD-4ABC-922B-3F25AB0BAA27,industry,Bombardier,"""Q2876213""",aerospace,"""Q3798668""",aerospace engineering,refinement,field of activity involving utilization of the atmosphere and outer space,branch of engineering,refinement
5816460,47,q236$D5D6B330-C49B-45D7-A661-AC0B197330ED,shares border with,Montenegro,"""Q1231""",Kosovo,"""Q3137021""","Kosovo, Makedonski Brod",refinement,geographical region in Europe,village in Macedonia,property_value_update
511800304,410,Q371840$acc374c7-4dc9-8575-3360-b4cbd918468b,military or police rank,Américo Tomás,"""Q132851""",admiral,"""Q23022368""",kontr-admiral,refinement,highest naval officer rank,Russian naval officer rank,refinement
93329650,31,q265641$9EA94C28-9C5E-4406-BEB7-81EF38136F5A,instance of,Me'Lisa Barber,"""Q5""",human,"""Q159979""",twin,refinement,"any member of Homo sapiens, unique extant species of the genus Homo",one of two offspring produced in the same pregnancy,unrefinement
527116080,39,Q372695$28617ED8-4C36-4D37-AD22-DA484CBB6FA4,position held,Anders Arborelius,"""Q45722""",cardinal,"""Q29182""",bishop,refinement,senior ecclesiastical official of the Catholic Church,ordained or consecrated member of the Christian clergy,unrefinement
1263108093,551,Q403910$debd5de6-4fbe-387d-e145-e3cbedc38173,residence,Ala al-Din Muhammad III,"""Q366079""",Alamut,"""Q4706020""",Alamut Castle,refinement,region in Iran,"castle in Qazvin County, Iranian national heritage site",refinement
8020903,132,q115459$AD1E1111-8F18-4F44-9D22-2969D6385A8C,type of administrative division,Chatham Islands,"""Q1160920""",unitary authority,"""Q1136601""",unitary authority area in England,refinement,type of local government body that covers two levels of government,"local government area in some parts of England, goverened by a unitary authority",refinement
2344440052,69,Q134316063$ebe08fb5-4844-feed-5759-5003c7812a0b,educated at,Jun Cao,"""Q495015""",Fudan University,"""Q835185""",Fudan University Shanghai Medical College,refinement,"university in Shanghai, China",medical school,refinement
1068781827,31,Q29333403$B1971E2B-59CD-425E-80A0-87CD7D6DAA04,instance of,,"""Q3305213""",painting,"""Q20900710""",painting on a moveable support,refinement,"visual artwork, surface artistically covered with paint",,refinement
1321350146,106,Q16439775$e94e1294-4f7f-c78f-2b2a-bd052a58fcd4,occupation,Nicolas Martha,"""Q5758653""",secondary school teacher,"""Q10511368""",high school teacher,refinement,teacher of high school (12-18 years),teacher in a secondary education institution,refinement
1367470108,361,Q105627491$c5a4396c-4b77-23c0-9a71-7aa371129cf0,part of,Faculty of Industrial and Civil Engineering BelDUT,"""Q1964941""",Belarusian State University of Transport,"""Q105585402""",Faculty of Management of Transportation Processes of BelDUT,refinement,"public university in Gomel, Belarus",,refinement
2301720460,31,Q130355777$830072fe-4f19-4ae5-5ae7-afeb4fe6fef7,instance of,Fran Galović Award,"""Q105810971""",award for best book,"""Q105810973""",award for best book (by genre),refinement,,,refinement
1448786317,6104,Q107341710$8E1A2D18-148F-4FC8-97CB-BAF30C5DA4F4,maintained by WikiProject,Strandlyvej,"""Q107096245""",Project European Bath Waters,"""Q106774536""",WikiProject Swedish Bath Waters,refinement,,Wikiproject that focuses on Swedish bathing site objects,property_value_update
2196069789,1343,Q15920439$D28466AC-28A7-426F-8EFA-1A5E975376C8,described by source,Xu Xiangqing,"""Q10926857""",Guochao xianzheng lu,"""Q107131799""","Guochao xianzheng lu, volume 80",refinement,book of biographies for people from the Ming dynasty,,refinement
2196755921,1343,Q11098316$0A17ACDB-A3FA-4ACC-9EA8-ABCB88817163,described by source,Li Wei,"""Q10926113""",Guochao Xianzheng Shilüe,"""Q107281657""","Guochao Xianzheng Shilüe, volume 3",refinement,,,refinement
2196781986,1343,Q30950357$032A30E7-F3D4-4C3D-958D-8B36EEF51B97,described by source,Zhou Yuanli,"""Q10442254""",Collected Stele Biographies,"""Q107296115""","Collected Stele Biographies, volume 35",refinement,,,refinement
2196847895,1343,Q45646985$C1263F06-FE72-40E2-B93D-A52F3364A12A,described by source,Bian Huanwen,"""Q9685641""",Guochao Qixian Leizheng,"""Q107364854""","Guochao Qixian Leizheng Chubian, volume 469",refinement,,,refinement
149962283,31,Q3554406$8C099772-F86C-42A8-944C-5BF44489ADC2,instance of,Van Hanh Pagoda,"""Q5393308""",Buddhist temple,"""Q10748583""",Buddhist temple in Vietnam,refinement,place of worship for Buddhists,,refinement
1571000883,279,Q30879196$343850eb-4c3a-6d71-80c8-52d9bb8b94b6,subclass of,Apostolic Nuncio to the European Union,"""Q101064552""",ambassador to the European Union,"""Q110724149""",ambassador of Israel to the European Union,refinement,,,refinement
1989223666,1344,Q65993195$183fa0a7-49ea-aace-70de-33ab0ac4a040,participant in,KC Lightfoot,"""Q85865946""",2022 World Athletics Indoor Championships,"""Q111292736""",2022 World Athletics Indoor Championships – men's pole vault,refinement,international athletics championship event,,refinement
1989120093,31,Q114396775$47546ADF-4326-4BC1-9C27-DBE35AEEBB74,instance of,Practical Space Fireworks,"""Q865493""",video game mod,"""Q111369260""",Minecraft mod,refinement,modification of a video game,modification for the video game Minecraft,refinement
1675615622,361,Q113020319$fc2be65c-4f3d-aa36-1beb-d9aa1ef1d20d,part of,2018 New Taipei City Council election,"""Q48928519""",2018 Taiwanese city and county council elections,"""Q113009709""",2018 Taipei City Council election,refinement,,election in Taiwan,refinement
2330603360,31,Q1035617$8E0C3EED-E2EB-48BA-81D9-738F4E49F931,instance of,Nadvirna Raion,"""Q7688""",raion,"""Q114072597""",former raion of Ukraine,refinement,administrative division in several countries,,refinement
2284212117,4330,Q130810642$a26d6c58-4113-b946-ee0d-271f48a53d81,contains,"Necropolis, Tomb 6, Loculus V","""Q184418""",coffin,"""Q11519176""",wooden coffin,refinement,"container for transport, laying out and the burial of a corpse",,refinement
1207540671,31,Q7814041$c2d79d1a-4081-cce1-38ab-0d1525533347,instance of,2007 Tokyo gubernatorial election,"""Q15261477""",gubernatorial election,"""Q11525357""",Tokyo gubernatorial election,refinement,election to elect a governor,,refinement
772612340,31,Q7251$22FE0362-8887-417C-A9AC-81850399468C,instance of,Alan Turing,"""Q5""",human,"""Q1171048""",Subhuman,refinement,"any member of Homo sapiens, unique extant species of the genus Homo",single by Garbage,property_value_update
260293803,31,Q1153052$1fcf2440-4393-fda3-223d-41dedeb36e5a,instance of,DEW-Gasometer Dortmund,"""Q962715""",gas holder,"""Q1264036""",Gasometers in Münster,refinement,large container for storing natural gas,"architectural structure in Münster, Germany",refinement
2131055245,31,Q13956961$D5E4D0AC-616E-4E76-A14D-B24785872452,instance of,Wujiamiao,"""Q985488""",residential community,"""Q13100073""",village of the People's Republic of China,refinement,administrative territorial entity of the People's Republic of China,type of grassroots mass autonomous organization and the 5th level of administrative divisions in China PRC,refinement
2182496705,131,Q2876120$7595FA5C-E325-4CF1-9378-F8027CFF29F2,located in the administrative territorial entity,National Route A002,"""Q44754""",Buenos Aires Province,"""Q1486""",Buenos Aires,refinement,province of Argentina,capital and largest city of Argentina,property_value_update
1622381178,39,Q321434$AE0FFE96-D32B-430B-A3F4-6B9C6E8C435B,position held,"Henri de Bourbon, Duke of Verneuil","""Q29182""",bishop,"""Q15729481""",Roman Catholic Bishop of Metz,refinement,ordained or consecrated member of the Christian clergy,,refinement
418227915,1552,Q5422106$6425e109-4578-21fc-fbf2-a54b29fa5dfd,has characteristic,extouch triangle,"""Q11500""",area,"""Q15921574""",area of plane shape,refinement,"quantity that expresses the extent of a two-dimensional surface or shape, or planar lamina, in the plane",,refinement
696932087,39,Q466836$8f3d8bd4-4144-4679-5f90-59ab6d7d4c8b,position held,Rosy Bindi,"""Q55050744""",Minister of Health,"""Q27795992""",Italian Minister of Health,refinement,Italian Cabinet position,Italian minister,refinement
2029826552,31,Q4702793$52E2A3FB-1187-4205-BD5F-7FF37B3D3150,instance of,Al-Malkiyya,"""Q532""",village,"""Q23828039""",village/town/city in Lebanon,refinement,small clustered human settlement smaller than a town,Town in Syria,property_value_update
685784780,31,Q3463070$88CCBD6D-9406-4B66-A007-DB2C2BCD4C7D,instance of,Saint-Noël,"""Q27676428""",municipality,"""Q27676420""",village municipality of Quebec,refinement,"type of municipality in Quebec; these are municipalities that only have ""municipality"" in their status",type of local municipality in Quebec,refinement
859238761,971,Q25338592$2FC8F9B1-A34A-4026-9C47-A2430E352A5F,category combines topics,Category:Igbo rap albums,"""Q482994""",album,"""Q29035150""",album by this artist,refinement,"grouping of album releases by an artist usually released at the same time with the same title and tracks but in different formats for consumption (digital, CD, LP)",Wikidata metaclass,property_value_update
888740688,279,Q55635949$09e38ad1-4533-710b-8b29-1fa06a4734d4,subclass of,tobacco factory,"""Q41176""",building,"""Q29650419""",Factory building,refinement,"structure, typically with a roof and walls, standing more or less permanently in one place","former smithy on Austrasse in Bühler in the canton of Appenzell Innerrhoden, Switzerland",refinement
1322505543,31,Q29650425$d680d289-4644-a646-c8d1-d1c8857d787c,instance of,factory building,"""Q41176""",building,"""Q29650425""",factory building,refinement,"structure, typically with a roof and walls, standing more or less permanently in one place","building on Austrasse in Bühler in the canton of Appenzell Ausserrhoden, Switzerland.",refinement
780808478,54,Q4961160$32497651-E96E-41E0-A228-31D8A7B7D700,member of sports team,Brendon Dawson,"""Q1544873""",Zimbabwe national rugby union team,"""Q338685""",Zimbabwe women's national rugby union team,refinement,rugby union team,sports team,property_value_update
1608472139,197,Q2982151$40d73e58-47ed-9a1c-89d9-9ac9e06e6cff,adjacent station,Grand Central – 42nd Street,"""Q109629886""",Fifth Avenue,"""Q2982388""",42nd Street–Bryant Park/Fifth Avenue,refinement,"metro station in Manhattan, New York, United States",New York City subway station,property_value_update
1904590070,127,Q118793009$02874df3-4418-7c9a-e493-56bb350c8077,owned by,Axim Polyclinic,"""Q7188""",government,"""Q327333""",government agency,refinement,"system or group of people governing an organized community, often a state","organisational part of a government responsible for specific public services, such as health, judiciary, education, transportation, foreign affairs, etc",refinement
951529904,159,Q55633416$407c1ddb-4aab-35d3-45b2-423ba5f5d8f2,headquarters location,Society for the Study of Addiction,"""Q192240""",Northampton,"""Q3123462""",University of Northampton,refinement,"town and civil parish in Northamptonshire, England, UK","modern university in Northamptonshire, UK",property_value_update
777030921,2354,Q22666734$f41a6455-48bf-dbcf-63e7-9dab1a3bfbfd,has list,ambassador of Germany to Japan,"""Q1619440""",list of ambassadors of Germany to Japan,"""Q320468""","list of German ministers, envoys and ambassadors to Japan",refinement,Wikimedia list article,Wikimedia list article,refinement
2165243656,31,Q125535036$aaec15d2-4cb4-0744-31e3-6d5ad68c9a3b,instance of,2024 Acura Grand Prix of Long Beach,"""Q10259870""",Grand Prix of Long Beach,"""Q125535036""",2024 Acura Grand Prix of Long Beach,refinement,indycar race,"indycar race held in Long Beach, California",refinement
1919234667,800,Q263213$d714fcfd-4932-49b3-d9e1-9246784ae9e2,notable work,Anne Golon,"""Q544911""",Angélique,"""Q4764321""","Angélique, the Marquise of the Angels",refinement,book series,book by Anne Golon,refinement
2234373542,166,Q128971362$65ac793b-4574-94a9-cbd2-011166bed7ca,award received,Majestic Residence Signature Villa,"""Q128985660""",International Property Awards,"""Q129551858""",Architecture Single Residence Thailand,refinement,"International Property Awards: Prestigious global awards recognizing excellence in residential and commercial property sectors, judged by experts across regions including Africa, Asia Pacific, Europe, and the Americas.",Award given in the International Property Awards Asia Pacific for excellence in single residential design in Thailand.,refinement
1830500978,31,Q3208164$FC1AAF17-1E55-43CB-9786-F5E21605FCBD,instance of,La Demeure Historique,"""Q15911314""",association,"""Q50922133""",association under the French law of 1901 with public benefit status,refinement,group of individuals (natural persons) or entities (legal persons) of all kinds,type of association in France,refinement
1196928749,31,Q10566528$9765a194-43d9-7802-e0c5-5a1b247524ae,instance of,Kahk,"""Q14515951""",food,"""Q13276""",cake,refinement,food for human consumption,baked dessert,refinement
740145725,20,Q466601$25733500-32E8-4F20-B5C0-E88EE688CD84,place of death,Charles Terront,"""Q23482""",Marseille,"""Q1726147""",canton of Marseille-Sainte-Marguerite,refinement,"French commune in Bouches-du-Rhône, Provence-Alpes-Côte d'Azur; the second largest city of France",canton of France,property_value_update
2302417747,106,Q955782$84178AC1-4023-4611-A367-EDA280FD9218,occupation,Vladislav the Grammarian,"""Q36180""",writer,"""Q131416318""",Church Slavonic writers,refinement,person who uses written words to communicate ideas and to produce literary works,Slavic writers,refinement
1173061448,31,Q18335087$14d499f1-44f5-3a2e-33ed-15df23aa6895,instance of,,"""Q10547557""",conference facility,"""Q1207465""",conference hall,refinement,facility intended for conferences,room provided for singular events such as business conferences and meetings,refinement
1221133750,149,Q2974562$F2BF1BC7-1B25-4D93-A79A-E461CD3D402A,architectural style,City Hall of Cardiff,"""Q5346070""",Edwardian architecture,"""Q3635092""",Edwardian Baroque architecture,refinement,style of architecture designed during the reign of Edward of Great Britain (1901-1910),Neo-Baroque architectural style of many public buildings built in the British Empire during the Edwardian era,refinement
1414979007,279,Q4118894$AE07BC44-DD8F-451A-9E08-72277229B30B,subclass of,viral entry into host cell,"""Q22270255""",entry into host,"""Q14865173""",entry into host cell,refinement,"penetration by an organism into the body, tissues, or cells of the host organism (the host is defined as the larger of the organisms involved in a symbiotic interaction)",The invasion by an organism of a cell of its host organism. The host is defined as the larger of the organisms involved in a symbiotic interaction.,refinement
1839113150,31,Q688452$2d9b55c7-489c-b03e-7dd9-6f5b9e69c62d,instance of,Triodos Bank,"""Q22687""",bank,"""Q746515""",ethical banking,refinement,financial institution that accepts deposits,bank concerned with the social and environmental impacts of its investments and loans,property_value_update
833234186,31,Q50235448$281e8998-413c-4e72-e36d-0f1612e7242b,instance of,federal intervention on Rio de Janeiro in 2018,"""Q60585247""",federal intervention,"""Q1977915""",federal intervention in Argentina,refinement,temporary suspension of the autonomy of federal entities within a country,attribution of the federal government of Argentina,property_value_update
1722973258,1454,Q107003420$5635b0b7-4e35-be2d-f25e-9285cc53e268,legal form,Federal Foundation for Gender Equality,"""Q56597644""",federal foundation,"""Q20050667""",foundation under public law,refinement,type of legal form in Germany,type of legal form in Germany for government foundations,property_value_update
671683393,2629,Q648980$40164520-4463-b02c-dd03-de3396572168,BBFC rating,Alice: Madness Returns,"""Q47542366""",15 rating,"""Q4550895""",15 certificate,refinement,age-based content rating,BBFC content rating indicating restricted to persons aged 15 years and over,property_value_update
1802161294,4437,Q13091172$4AC4A468-1A4A-406A-8ABD-78175750A22E,FPB rating,Big Hero 6,"""Q42012492""",PG,"""Q42012498""",10-12 PG,refinement,FPB film content rating. Parental guidance recommended for younger children,FPB film content rating. The film is not suitable for children under the age of 10. Children from the ages of 10-12 years may not be allowed to watch the film unless accompanied or supervised by an adult,property_value_update
751258242,463,Q203966$a992f342-40c4-d20e-3ecc-ebe4eaf44857,member of,Paul Ryan,"""Q11268""",United States Congress,"""Q18740945""",115th United States Congress,refinement,bicameral legislature of the United States,2017–2019 legislative term,refinement
1117301457,1411,Q40715$42cd21b6-4e4b-dfbd-2993-4e93400f6d45,nominated for,Jennifer Lopez,"""Q311836""",Independent Spirit Awards,"""Q1661123""",11th Independent Spirit Awards,refinement,American film awards dedicated to independent filmmakers,,refinement
1085985505,276,Q17815583$1442EA6D-F476-43FD-917F-D3BCE8488339,location,"Gate Piers, Langside College, 124 Prospecthill Road, Glasgow","""Q6486483""",Langside College,"""Q17815579""","124 Prospecthill Road, Langside College",refinement,"college in Glasgow, Scotland, UK","architectural structure in Glasgow City, Scotland, UK",refinement
212575773,279,Q271855$128c9e2c-4b77-238b-c3fc-0294cc8676cf,subclass of,government budget,"""Q19828919""",government document,"""Q15629444""",government report,refinement,written work created by a government,document written by a government to convey information,refinement
696930285,39,Q3659287$41075577-4e7b-03a5-790b-751899f33294,position held,Carlo Donat-Cattin,"""Q55050744""",Minister of Health,"""Q27795992""",Italian Minister of Health,refinement,Italian Cabinet position,Italian minister,refinement
693506301,39,Q365166$35db6a26-455b-4d75-1c51-8a9119b9f85b,position held,Adolfo Sarti,"""Q54888195""",Minister of Justice,"""Q25973167""",Italian Minister of Justice,refinement,Italian ministerial position,Italian minister,refinement
2280415784,179,Q6911014$F27A6A4D-6255-4908-A05C-7CD680D76E2D,part of the series,More Nature – A Selection of New Zealand’s Best 2000-2005,"""Q131342519""",Nature's Best,"""Q6980847""",Nature's Best: New Zealand’s Top 30 Songs of All Time,refinement,compilation album series,2002 compilation album; various artists,property_value_update
1551891316,279,Q110291310$bfd1991a-499a-22a4-ebd3-74095b583de2,subclass of,nephew-in-law,"""Q15224724""",nephew,"""Q104772439""",nephew-in-law or niece-in-law,refinement,male child of a sibling or half-sibling,partner or spouse of a child of a sibling or half-sibling,property_value_update
1551891171,279,Q110291311$2b25ccf0-4a85-63f6-c2e4-139b73a7ec3f,subclass of,niece-in-law,"""Q3403377""",niece,"""Q104772439""",nephew-in-law or niece-in-law,refinement,female child of a sibling or half-sibling,partner or spouse of a child of a sibling or half-sibling,property_value_update
463669237,279,Q1454986$c6c15990-4b18-7491-8c74-6635acff72ac,subclass of,physical system,"""Q488383""",object,"""Q15619176""",concrete object,refinement,anything that may be observed or acted upon by a subject,object with a physical referent,refinement
1064258648,31,Q29129211$BD4B0619-60E4-4615-AAA4-A742396429B8,instance of,,"""Q3305213""",painting,"""Q20900710""",painting on a moveable support,refinement,"visual artwork, surface artistically covered with paint",,refinement
990993221,31,Q4500372$00B3A830-FB0E-4479-AE50-A00D80C9332F,instance of,Chacislaŭ,"""Q1989945""",agrotown,"""Q532""",village,refinement,type of rural settlement in Belarus,small clustered human settlement smaller than a town,unrefinement
1779174362,180,Q115457979$4d2d6042-419d-8a34-2d75-f8fa5c4718e6,depicts,Zahnspinnerraupe,"""Q796463""",Notodontidae,"""Q81825""",caterpillar,refinement,family of insects,larva of a butterfly or moth,unrefinement
1375612269,19,Q3364194$85F873E8-EDDA-480C-9D68-954702422350,place of birth,Dagmar Hansen,"""Q1748""",Copenhagen,"""Q946886""",Rungsted,refinement,capital and largest city of Denmark,district of Copenhagen,property_value_update
755535729,279,q327132$8ee8d97a-49b5-3ccf-eea7-46bcf7f5fea7,subclass of,Soviet space dog,"""Q144""",dog,"""Q53662""",Laika,refinement,domestic animal,Soviet space dog (c. 1954–1957),property_value_update
264658456,106,Q5075431$D6B6DC2D-DF49-4F9A-80BA-A188B1B929C0,occupation,Charles Barnett-Clarke,"""Q15995941""",religious servant,"""Q4958876""",dean,refinement,"person, member of a religious belief",cleric holding certain positions of authority within a religious hierarchy,property_value_update
214884987,1343,Q6578319$AE658F28-5FB4-4F44-BF37-87160C05DC5A,described by source,malleolus,"""Q200306""",Gray's Anatomy,"""Q19558994""",Gray's Anatomy (20th edition),refinement,textbook of human anatomy,20th edition of Gray's Anatomy published in 1918,refinement
1412711789,682,Q23511778$A2F9EF53-053B-486E-9148-60B7E60F197B,biological process,Sensor protein vanS BC2497,"""Q828130""",signal transduction,"""Q14863351""",signal transduction by protein phosphorylation,refinement,cellular process in which a signal is conveyed to trigger a change in the activity or state of a cell,A process in which the transfer of one or more phosphate groups to a substrate transmits a signal to the phosphorylated substrate.,refinement
1011524732,19,Q65966537$f0d069d0-4805-0d38-ea5c-0f4b69571146,place of birth,Yael Globerman,"""Q33935""",Tel Aviv,"""Q192807""",Ramat Gan,refinement,city in Israel,city in the Tel Aviv District of Israel,property_value_update
70381280,31,q805439$98916dd2-4034-5765-1092-a34eb0050c6c,instance of,Christ the King statue,"""Q4989906""",monument,"""Q805438""",monumental statue of Christ the King,refinement,"imposing structure created to commemorate a person or event, or used for that purpose",class of monumental sculpture,refinement
2333420683,106,Q133800314$7592ec86-4076-08e1-a623-a936c9f95964,occupation,Mohsen,"""Q49757""",poet,"""Q133800314""",Mohsen,refinement,person who writes poetry,"Iranian poet, author, translator, and journalist (born 1981)",property_value_update
699724135,921,Q1822290$bf7837ad-40e4-b834-0c4f-373b5c61f282,main subject,Lexikon der Anarchie,"""Q6199""",anarchism,"""Q486213""",anarchism in Germany,refinement,political philosophy and movement,overview of anarchism in Germany,refinement
874474286,527,Q61968603$29bce513-4b50-7d28-98a4-fc8c426c79d4,has part(s),Postal: Fudge Pack,"""Q1974968""",Postal 2,"""Q59312137""",Postal 2: Share the Pain,refinement,2003 video game,multiplayer mod for the 2003 video game Postal 2,refinement
1321372878,106,Q94901469$0F2F3046-84DF-4000-97AF-9105B29E5D01,occupation,Karl Anton Henniger,"""Q5758653""",secondary school teacher,"""Q10511368""",high school teacher,refinement,teacher of high school (12-18 years),teacher in a secondary education institution,unrefinement
282446268,186,Q2928779$577220ef-46aa-b7d7-efb6-e876286e324a,made from material,Frédérick Lemaître,"""Q22731""",stone,"""Q23757""",limestone,refinement,rock; building material,sedimentary rocks made of the chemical substance calcium carbonate,refinement
409394311,31,q7771551$C7213732-F9FE-4B3D-B088-95360F9031F8,instance of,The Union Club Mysteries,"""Q571""",book,"""Q1279564""",short story collection,refinement,medium for recording information (words or images) typically on bound pages or more abstractly in electronic or audio form,book containing several short stories by a single author,refinement
636731195,31,Q49843725$65f70290-403c-7820-d432-ef5ab1cb536c,instance of,Fanny Eliza Arden,"""Q5""",human,"""Q924827""",human from Star Trek,refinement,"any member of Homo sapiens, unique extant species of the genus Homo",human species as depicted in Star Trek,refinement
877113262,36,Q10561363$b9b31dec-4ed2-e382-e2be-045036815c8e,capital,,"""Q54349""",Lidingö,"""Q10561357""",Lidingö centrum,refinement,"urban area in Lidingö Municipality, Sweden",Shopping center Sweden,refinement
530173746,279,Q11755959$3d019948-41d4-c9c7-ad91-3333bbb836fe,subclass of,multi-story urban building,"""Q41176""",building,"""Q33673393""",multi-storey building,refinement,"structure, typically with a roof and walls, standing more or less permanently in one place",,refinement
1697971886,31,Q271110$464c3e5e-4100-7377-7ac4-5423fb094042,instance of,Islamic Revolutionary Guard Corps,"""Q8473""",military,"""Q781132""",military branch,refinement,organization primarily tasked with preparing for and conducting war,subdivision of the armed forces of a sovereign nation,refinement
98542787,31,Q12909546$dd43827a-4dc6-856b-58aa-9c0337a7deaa,instance of,Pešnica,"""Q13445072""",watercourse,"""Q4022""",river,refinement,,larger natural watercourse,refinement
1290324447,31,Q2050127$D5BF9206-D506-4DFA-A042-BFEB18303FBB,instance of,Panzerbrigade 6,"""Q23901273""",armored brigade,"""Q22115622""",panzerbrigade,refinement,military formation containing significant armored elements,armored brigade formation organized within the German Army,unrefinement
1989121226,31,Q114397149$D7C4AF7C-F242-4E67-ABAC-AA0EF9C47287,instance of,World State Checkpoints,"""Q865493""",video game mod,"""Q111369260""",Minecraft mod,refinement,modification of a video game,modification for the video game Minecraft,refinement
1139518418,31,Q88116467$0C4B20F2-6994-4F81-9236-BCE436E172A0,instance of,Odhner mechanical computer-MHS 2445,"""Q211586""",mechanical calculator,"""Q1145419""",Curta,refinement,mechanical machine for arithmetic operations for absolute calculators,mechanical pocket calculator,refinement
472255529,2283,Q190382$a9c82195-40a2-32e9-5108-56651ab4edb7,uses,ionization,"""Q29147941""",gaseous state of matter,"""Q11432""",gas,unrefinement,"one of the four fundamental states of matter, characterized by an absent free surface",fundamental state of matter in which constituent particles are widely separated with weak intermolecular bonds,refinement
308859499,279,q5518$69f9e9e5-4dfb-bf2e-5036-a1542d0eebc3,subclass of,liceo classico,"""Q15938054""",secondary education in Italy,"""Q159334""",secondary school,unrefinement,overview of secondary education in Italy,organization where secondary education is provided,refinement
650198161,361,Q205895$6c46a4b2-43c7-8f16-610d-ee669a9a59b1,part of,landmass,"""Q2""",Earth,"""Q634""",planet,unrefinement,third planet from the Sun in the Solar System,celestial body directly orbiting a star or stellar remnant,unrefinement
84611098,106,q345849$82770DC1-B572-4F25-8A83-767E7413DAA4,occupation,Pedro Albizu Campos,"""Q4991371""",soldier,"""Q8473""",military,unrefinement,member of the armed forces,organization primarily tasked with preparing for and conducting war,unrefinement
222779218,136,Q153552$308B32A0-333B-4BF1-BF4F-5F4C3A0AD2FC,genre,Young Woman at a Window,"""Q1400853""",portrait painting,"""Q134307""",portrait,unrefinement,genre of painting; field of work for painters,artistic representation of one or more persons,refinement
2183150329,127,Q3587$4d9416f1-4584-73ed-daef-603683e22d71,owned by,TV Globo,"""Q106562841""",Globo,"""Q614283""",Grupo Globo,unrefinement,Brazilian media company,Brazilian media group,refinement
1369193760,31,q269602$032fb135-4cd1-19a5-808a-356812533fd1,instance of,Brown Bess,"""Q22704163""",firearm model,"""Q1461850""",muzzle loader,unrefinement,"specific firearm design, pattern, or version of which all examples are essentially identical",class of gun which is loaded from the muzzle,property_value_update
2007541393,20,Q14043$7645f5be-4da9-2f08-113e-ced9ca4613bd,place of death,Bernard Madoff,"""Q5440292""","Federal Medical Center, Butner","""Q578225""",Butner,unrefinement,United States federal prison in North Carolina,"town in Granville County, North Carolina, United States",property_value_update
639767037,423,Q389577$3C23CC93-85D0-4DE8-A43D-A3AFA586D5FB,shooting handedness,Carl Klingberg,"""Q10927630""",right-handed shot,"""Q14565199""",right,unrefinement,hockey player shooting with right hand: item for property:P423,relative direction,property_value_update
1882311903,20,q66147$00A1FBD9-C891-4B83-9740-282FF8C4018E,place of death,Friedrich Meinecke,"""Q56036""",West Berlin,"""Q64""",Berlin,unrefinement,the Western sectors of Berlin between 1945 and 1990,"federated state, capital and largest city of Germany",property_value_update
2285357155,19,q330997$69CAD569-2860-4A18-B984-A2A873E271D4,place of birth,Pietro Nobile,"""Q2984733""",Campestro,"""Q69043""",Capriasca,unrefinement,"village in the canton of Ticino, Switzerland",municipality in the canton of Ticino in Switzerland,property_value_update
421510770,17,Q387224$C27F00F3-B9A7-4242-9FED-3DB1B8385264,country,F.C. Fiorentino,"""Q238""",San Marino,"""Q38""",Italy,unrefinement,"sovereign state in southern Europe, enclaved within Italy",country in Southern Europe,property_value_update
1647622275,19,Q279803$888CAE6A-D708-4900-BAD7-60FAF9D3660B,place of birth,Rosalia Nghidinwa,"""Q918461""",Nkurenkuru,"""Q953068""",South-West Africa,unrefinement,city in Namibia,"former country, a mandate of South Africa",property_value_update
1805842585,31,Q144454$CF6747BC-0794-496E-AF89-E11B6C9E950B,instance of,Tatranská Lomnica,"""Q2983893""",quarter,"""Q3257686""",locality,unrefinement,"division or section, region or part of a town, city or municipality, which may be an administrative unit",place of human settlement,refinement
1990472349,31,Q8229$833f5a51-4484-2e9d-a38e-0f16af2219c6,instance of,Latin script,"""Q8192""",writing system,"""Q119520394""",type of writing system,unrefinement,any conventional method of visually representing verbal or signed communication,Wikidata metaclass for writing systems,refinement
1688690259,4552,Q402495$660C03DF-9657-4BCF-9F7A-C8076D520E8C,mountain range,Ahornbüchsenkopf,"""Q1559321""",Göll,"""Q679384""",Berchtesgaden Alps,unrefinement,mountain range in the Berchtesgaden Alps along the border Salzburg / Bavaria,mountain range of the Northern Limestone Alps,property_value_update
81066916,31,q121449$c2411d73-40e3-8e8c-84e0-91dec9b79803,instance of,Lea-Francis,"""Q786820""",automobile manufacturer,"""Q187939""",manufacturing,unrefinement,company that makes automobiles,industrial activity producing goods for sale using labor and machines,unrefinement
1736168269,641,Q304918$D65DA68A-EEB0-4287-97F1-096A4F658985,sport,Italian motorcycle Grand Prix,"""Q850292""",Grand Prix motorcycle racing,"""Q5367""",motorsport,unrefinement,premier championship of motorcycle road racing,sporting competition and recreation activities which primarily involve the use of motorised vehicles,unrefinement
1866821125,1303,Q87989$FF437874-D186-40AF-AEAF-571969673538,instrument,Christoph Nichelmann,"""Q81982""",harpsichord,"""Q5994""",piano,unrefinement,plucked-string keyboard instrument,musical keyboard instrument,property_value_update
118053637,279,q104680$746B9504-447A-4C71-8641-E24BAE49E015,subclass of,colonel,"""Q189290""",military officer,"""Q4991371""",soldier,unrefinement,member of an armed force or uniformed service who holds a position of authority,member of the armed forces,unrefinement
1018482290,108,Q319723$0ed0fc5d-459a-0121-347c-44a621a25e46,employer,Tex Avery,"""Q384930""",Warner Bros. Cartoons,"""Q126399""",Warner Bros.,unrefinement,former in-house animation division of Warner Bros.,American entertainment company,property_value_update
14405934,135,q171091$915E2A5D-4C93-465B-ACBE-7E156250EC18,movement,Philip K. Dick,"""Q113013""",postmodern literature,"""Q2681223""",postmodernism,unrefinement,literary form and movement of the twentieth century,postmodernist theories within international relations,property_value_update
2049087013,509,Q37076$0a70b897-dcc5-4284-b678-cf8be787afc9,cause of death,Alexios V Doukas,"""Q11637534""",falling from height,"""Q11620540""",fall,unrefinement,cause of death,"downwards motion, under the influence of gravity",property_value_update
1845474173,19,Q64164$02FFCF78-D8F6-41B8-A5E9-8D52F320253D,place of birth,Lisa Ekdahl,"""Q10531256""",Hägerstens församling,"""Q1754""",Stockholm,unrefinement,"parish in Stockholm, Sweden",capital and largest city of Sweden,property_value_update
1507585597,19,q271991$630B381C-729A-44BD-B85C-B5D37169B52A,place of birth,Germaine Tillion,"""Q1065755""",Allègre,"""Q248640""",canton of Allègre,unrefinement,"commune in Haute-Loire, France",canton of France (until March 2015),property_value_update
1322518496,19,q132440$ED030575-E9AB-4648-A82A-B4C24A286BA7,place of birth,Princess Charlotte Augusta of Wales,"""Q1043440""",Carlton House,"""Q84""",London,unrefinement,"former mansion in London, best known as the town residence of the Prince Regent for several decades from 1783",capital and largest city of England and the United Kingdom,property_value_update
1786748795,20,q434040$9c24cc3f-4cf5-283e-252c-96f8b15aa21d,place of death,Pierre Petit,"""Q201982""",Clichy,"""Q90""",Paris,unrefinement,"commune in Hauts-de-Seine, France",capital city and largest city of France,property_value_update
790851690,97,Q36234$9f07790d-a017-4e78-b32b-11aee1d3895c,noble title,Charles III of Spain,"""Q3847454""",monarch of Spain,"""Q166886""",duke,unrefinement,position of the head of state of Spain,noble or royal title in some European countries and their colonies,property_value_update
1142253039,19,Q465004$520C49AF-7836-4C42-9613-96DE372F5499,place of birth,Rob Lee,"""Q939617""",West Ham,"""Q84""",London,unrefinement,"district of the London Borough of Newham in East London, England",capital and largest city of England and the United Kingdom,property_value_update
1659596700,31,Q186005$4b95eb4a-4372-ce58-c132-0e4edfb752fb,instance of,physiotherapy,"""Q954946""",Physical medicine,"""Q44597158""",health specialty,unrefinement,"Use of physical methods of treatment, such as electric current, pressure and others","services that promote health, prevent diseases and deliver health care services to individuals, families and communities based on the primary health care approach",unrefinement
701088656,31,Q227838$ccfc3464-476d-83a8-fa52-075b965e6b4f,instance of,Zuckerfabrik Güstrow,"""Q55162135""",sugar refinery,"""Q83405""",factory,unrefinement,"agrifood craftwork or factory, which processes sugar beet, cane or natural sweetened sirups, in order to produce raw sugar, or to refine it into white sugar or ethanol","facility where goods are industrially made, or processed",unrefinement
1894255508,108,Q65922$d2a09c0d-4702-4b2d-03e9-7445a695708e,employer,Martin Wuttke,"""Q113470466""",Akademietheater,"""Q414538""",Musikhochschule and Akademietheater,unrefinement,"theatre company in Vienna, Austria",school and theatre building in Vienna,refinement
1671224937,159,Q173712$D51AB9C7-8762-4281-B131-7D3681EFD6EE,headquarters location,J. A. Prestwich Industries,"""Q529802""",Northumberland Park,"""Q84""",London,unrefinement,"area in Tottenham, London, United Kingdom",capital and largest city of England and the United Kingdom,unrefinement
1792042494,166,Q151113$18930784-4f97-24bb-652a-0a9a5aa14b18,award received,Billie Piper,"""Q106696935""",Evening Standard Theatre Award for Best Actress,"""Q5416631""",Evening Standard Theatre Awards,unrefinement,British theatre award,the oldest theatrical awards ceremony in the United Kingdom,refinement
224199863,31,q5449129$6C180EFE-F9EF-428C-88F1-2E595446C59F,instance of,Filming The Trial,"""Q20366042""",unfinished film,"""Q11424""",film,unrefinement,,"sequence of images that give the impression of movement, stored on film stock",refinement
1416113265,39,Q83802962$e53d6cfa-4b8c-b6b0-82d3-a4360b2f4cb3,position held,Nicolas Bourgeois,"""Q21032611""",member of the Council of Elders,"""Q9200127""",member,unrefinement,,,unrefinement
726083097,69,Q12034279$0EC87BB5-9BEE-4678-8E8C-842E50772685,educated at,Ludwik Possinger-Choborski,"""Q9379652""",Law Faculty of Lviv University,"""Q80207""",Lviv University,unrefinement,,"public university in Lviv, Ukraine",unrefinement
236578262,31,Q11177880$A7559A4F-1F2C-4185-9C62-C5BBE5C33375,instance of,Huanghelu Subdistrict,"""Q986065""",subdistrict in China,"""Q12808966""",subdistrict,unrefinement,People's Republic of China township-level subdivision,,unrefinement
225663280,31,Q20085832$875338F0-8EFD-4869-AA0C-B33109FB9083,instance of,Efron,"""Q14943515""",biblical character,"""Q95074""",character,unrefinement,,fictional human or non-human character in a narrative work of art,unrefinement
532479510,31,Q1285623$4BA8E415-639D-40E9-929C-C381DEB5AE6D,instance of,Novi Zagreb – istok,"""Q34978972""",district of Zagreb,"""Q149621""",district,unrefinement,,"type of administrative division, in some countries",unrefinement
1929464339,39,Q1479665$c1e908e5-4a5b-7484-5651-5cdc2647f60e,position held,Raymund Tschudi,"""Q120356180""",abbot of monastry Einsiedeln,"""Q103163""",abbot,unrefinement,,religious title,unrefinement
763063497,360,Q2581595$8ACBF3AF-1BAC-442A-9099-7146FA0633B9,is a list of,list of number-one hits of 1961 in Norway,"""Q57274112""",number-one hit in Norway,"""Q20878491""",number-one hit,unrefinement,,song or single that has occupied the highest rank on a music chart,unrefinement
574087456,31,Q2129474$b538b699-4d48-d098-4982-c5649c80cbd3,instance of,,"""Q22811486""",high fermentation beer,"""Q44""",beer,unrefinement,,alcoholic drink,unrefinement
351556129,150,Q168159$c95b4a1b-465d-9c28-4fd6-ad95027d8611,contains the administrative territorial entity,Anglesey,"""Q24664805""",Bodedern Community,"""Q3399236""",Bodedern,unrefinement,,"village and community in Anglesey, Wales",unrefinement
2067234963,279,Q1078402$35AD49F8-02BC-4EF9-86BE-446E41CC3257,subclass of,Christianity in East Germany,"""Q21655745""",Christianity in Germany,"""Q5043""",Christianity,unrefinement,,Abrahamic monotheistic religion,unrefinement
722249769,31,Q5365731$95952475-0974-4577-9A5E-E822ADBAD111,instance of,Elliott State Forest,"""Q7603683""",state forest,"""Q4421""",forest,unrefinement,,dense collection of trees covering a relatively large area,unrefinement
639746780,423,Q1744062$F4B875C9-13C2-4FEC-8445-AEAA15227590,shooting handedness,Miroslav Duben,"""Q10927615""",left-handed shot,"""Q13196750""",left,unrefinement,hockey player shooting with left hand: item for property:P423,relative direction,refinement
688707340,31,Q1752657$1925B12A-1F0E-4510-B968-8AFC98A8B739,instance of,Petersohn,"""Q17091404""",patronymic surname,"""Q101352""",family name,unrefinement,surname based on the father's given name,"part of a naming scheme for individuals, used in many cultures worldwide",unrefinement
2107950646,31,Q65272795$72745312-8040-40E8-B6D5-EB11903EB117,instance of,Rychter,"""Q19604139""",Polish surname,"""Q101352""",family name,unrefinement,,"part of a naming scheme for individuals, used in many cultures worldwide",unrefinement
223682509,136,Q1035697$462194cc-4ce9-bd15-4cf3-b1d51611dc77,genre,Cardiacs,"""Q2332751""",avant-garde music,"""Q102932""",Avant-garde,unrefinement,music genre,works that are experimental or innovative,unrefinement
1078887208,1435,Q29286905$3D744FE7-F6F1-48DA-AC81-12F91B7DE671,heritage designation,,"""Q61058403""",French object classified as a historical monument,"""Q10387684""",classified historical monument,unrefinement,French object classified as a Historical Monument by the French State,national heritage site in France,unrefinement
1406041336,2094,Q54823843$B39D4D43-7244-465A-A471-F325D56731BC,competition class,2018–19 División de Honor de Waterpolo,"""Q59689882""",men's water polo,"""Q10522711""",men's sports,unrefinement,water polo practiced by men,sports participated by males,unrefinement
1212463117,106,Q77326928$84f15846-4d33-baaa-d67a-2eda9094c911,occupation,Kenneth Nygård,"""Q96334329""",President of Turku Court of Appeal,"""Q10526703""",president for a Court of Appeal,unrefinement,,,unrefinement
806391955,166,Q78479$C3166AC3-FF32-4765-A74A-F8668836FE1A,award received,Julius Wagner-Jauregg,"""Q34476636""",honorary doctor of the University of Vienna,"""Q11415564""",honorary doctorate,unrefinement,,honorary academic degree,unrefinement
1924704745,31,Q20043545$20e8552b-4558-d63b-fa5d-96de113d4f9b,instance of,Onagawa Stone Memorial of Life,"""Q11556222""",tsunami boulder,"""Q11567059""",natural disaster monument,unrefinement,,monuments created to pass down the situation and lessons of large-scale natural disasters to future generations,unrefinement
2087104512,1435,Q15643008$B2476F60-2434-4448-879A-96845D77A4AC,heritage designation,Johanneskirche Künzelsau,"""Q50378766""",cultural heritage monument in Baden-Württemberg,"""Q11691318""",cultural heritage monument in Germany,unrefinement,,official term for a site of cultural heritage in Germany,unrefinement
1660214696,106,Q112502248$C2D19EA5-63FA-45DB-8390-1CAA2F3CBEEA,occupation,Ann George,"""Q1622272""",university teacher,"""Q1231865""",pedagogue,unrefinement,person teaching at a university,person working in the academic field of pedagogy,property_value_update
1779138725,31,Q112865230$07b257b9-402a-d67b-682a-7ad9d779bcdb,instance of,Coat of arms of Olne,"""Q41505469""",Belgian municipal coat of arms,"""Q14659""",coat of arms,unrefinement,,"heraldic design on a shield, surcoat or tabard",unrefinement
1641654660,16,Q11469862$F266D15F-001B-41C6-B3E0-983CDE254108,transport network,Yamanashi Prefectural Road Route 608,"""Q111696673""",Yamanashi prefectural roads,"""Q1537326""",prefectural road,unrefinement,,prefectural road in Japan,unrefinement
1669986827,16,Q11672392$02a7efc0-4def-a0d8-098c-7569565186c7,transport network,Kochi Keihin Road,"""Q111705413""",Kochi prefectural roads,"""Q1537326""",prefectural road,unrefinement,,prefectural road in Japan,unrefinement
1646039220,16,Q11654498$55F77B24-35DF-480E-AB0A-FBA73CC833D9,transport network,Nagano Prefectural Road Route 232,"""Q98599286""",Nagano prefectural roads,"""Q1537326""",prefectural road,unrefinement,,prefectural road in Japan,unrefinement
1454297202,31,Q21207346$1CF26E57-A30B-4EB1-8FA7-4E74A352B72F,instance of,,"""Q29032784""",rugby union team season,"""Q1539532""",sports season of a sports club,unrefinement,,activity of a sports club during the portion of one year in which regulated games of a sport are played as part of a league or other multi match tournament,unrefinement
546237025,31,Q3364048$C256A31C-7CFF-437E-8072-2BD4240A5ACA,instance of,Goose Creek State Park,"""Q37952119""",North Carolina state park,"""Q16023747""",state park of the United States,unrefinement,,type of protected area in the United States,unrefinement
1641707795,106,Q57812884$BA11EF25-F472-43B8-AFF0-9E9DC5BC1445,occupation,Giancarlo Ragozini,"""Q2732142""",statistician,"""Q1650915""",researcher,unrefinement,person who works with theoretical or applied statistics,"person who engages in research, professionally or otherwise. If a more specific occupation is known, use that instead",unrefinement
714325222,39,Q3109128$635005A6-95F9-453B-8C11-03A2FB8FB795,position held,Uma Bharti,"""Q42509248""",Member of the 16th Lok Sabha,"""Q16556694""",member of the Lok Sabha,unrefinement,,representative of the Indian people in the lower house of the Indian Parliament,unrefinement
878448145,39,Q6138276$94DF3575-50D1-4FAA-8839-ED0D7DA87BD7,position held,James Lowther,"""Q41582534""",member of the 4th Parliament of the United Kingdom,"""Q16707842""",Member of Parliament,unrefinement,,representative in the House of Commons of the Parliament of the United Kingdom,unrefinement
1568494582,1344,Q18545640$48b6844d-40cf-cfd4-f77f-42bfa9b84dfd,participant in,Victor Ciobanu,"""Q65052493""",wrestling at the 2019 European Games – men's Greco-Roman 60 kg,"""Q17112170""",2019 European Games,unrefinement,,second edition of the European Games,property_value_update
2121013056,31,Q79646179$ca7d8e28-461e-0186-625b-f2140944d919,instance of,Mutagen Monster,"""Q125354463""",animated television episode,"""Q21191270""",television series episode,unrefinement,episode of an animated television series,single installment of a television series,refinement
339227924,31,q2900672$19E14285-7A98-4500-BA79-3C5080859FAE,instance of,Jolly Fisherman Seaplane Base,"""Q10295412""",seaplane base,"""Q1248784""",airport,unrefinement,airport with water runways and piers and/or ramps for seaplanes and amphibious aircraft,"location where aircraft take off and land with extended support facilities, mostly for commercial air transport",refinement
1162564911,1571,Q3075175$28c95432-49c6-4cc0-9db2-e818e81c0143,codomain,square function,"""Q91311892""",set of non-negative real numbers,"""Q26851380""",set of real numbers,unrefinement,set which contains all real numbers which are non-negative (which includes zero),"union of rational and irrational numbers, forming an infinite one-dimensional euclidian space, which is continuous and then unnumberable",unrefinement
394323500,180,Q18033306$142630b3-4f01-d03d-a77f-e7e54d84c17f,depicts,coat of arms of Genemuden,"""Q27535911""",man,"""Q27303863""",human figure,unrefinement,heraldic figure,representation of a human person on coats of arms or other heraldic motifs,refinement
2336417219,921,Q125566850$a2fe5e46-487d-d964-c843-13a721d592ad,main subject,Museum Scheldewerf,"""Q20819991""",history of shipbuilding,"""Q309""",history,unrefinement,,past events and their tracks or records,unrefinement
205380531,279,Q376262$d1428a94-413d-e0c2-0390-ced282f278ef,subclass of,High Priests of Amun,"""Q19642685""",Ancient Egyptian priest,"""Q42603""",priest,unrefinement,,person who consecrates his life to some divinity and whose main functions are to direct religious rites and offer sacrifices to the divinity (for a minister use Q1423891),unrefinement
1004894027,31,Q7660076$4E06A570-01C9-43B5-AB0F-895C3516F1A3,instance of,Sydney PEN,"""Q15994170""",writers’ organization,"""Q43229""",organization,unrefinement,,social entity established to meet needs or pursue goals,unrefinement
1325008754,31,Q11439963$b982761f-48e7-6467-c3c0-87be5792d22b,instance of,Osaka Station City,"""Q15942680""",station building,"""Q41176""",building,unrefinement,,"structure, typically with a roof and walls, standing more or less permanently in one place",unrefinement
719130826,361,Q16840511$5B25EC16-FB0C-4AB4-BE04-8CE1A57839DB,part of,golf at the 2006 Asian Games – women's team,"""Q3110174""",golf at the 2006 Asian Games,"""Q483463""",Asian Games,unrefinement,,Asian multi-sport event,unrefinement
1044971119,361,Q3892533$87C935F3-61F5-4B18-8810-6AA0D1E2FB7A,part of,volleyball at the 1998 Asian Games – women's volleyball,"""Q16821785""",volleyball at the 1998 Asian Games,"""Q483463""",Asian Games,unrefinement,,Asian multi-sport event,unrefinement
1937944697,361,Q101000577$27F38279-D126-4E95-80A6-E1A69588BB7C,part of,BRAC University Department of Computer Science and Engineering,"""Q120765352""",BRAC University School of Data and Sciences,"""Q4836325""",BRAC University,unrefinement,,private university in Bangladesh,unrefinement
2318212586,39,Q283387$D8669844-386F-4E54-A6AE-65D0070F67F4,position held,Alfanus I,"""Q105824708""",archbishop of Salerno,"""Q49476""",archbishop,unrefinement,,bishop of higher rank in many Christian denominations,unrefinement
1386625589,39,Q16321132$2846C0D3-5B49-4AF2-A092-B42EBBB3BF47,position held,Rezzan Zoğurlu,"""Q106087304""",mayor of a place in Turkey,"""Q30185""",mayor,unrefinement,,head of municipal government such as a town or city,unrefinement
1429812871,793,Q106820320$dc6c9bd6-4cd3-a17f-f748-df773fb5ff13,significant event,William J. Kiefer,"""Q102073578""",liberation of Nazi camps,"""Q24238946""",liberation,unrefinement,,act of liberating or state of being liberated,unrefinement
1667119217,31,Q96417299$FE245F39-2443-431E-BF76-6F09DA13DD55,instance of,1970 United States Senate election in Mississippi,"""Q112727405""",United States Senate election in Missisippi,"""Q24333627""",United States Senate election,unrefinement,,type of election,property_value_update
1667108624,31,Q17016788$D1BFABB1-CE18-4031-AE45-1DBCBBF2955D,instance of,1982 United States Senate election in Rhode Island,"""Q112727421""",United States Senate election in Rhode Island,"""Q24333627""",United States Senate election,unrefinement,,type of election,property_value_update
1327055158,166,Q27535710$1fa9edc6-4592-e057-211d-27d120236748,award received,Jacques Ladreit de Lacharrière,"""Q33139276""",Montyon Prize - Literary,"""Q372160""",Montyon Prize,unrefinement,,group of four yearly awards of the French Academy,property_value_update
1998399702,551,Q123200740$05954d47-4ddd-7dd2-59c0-d648ed0d1976,residence,Sally Hamberg,"""Q123136064""","Dieterichsstraße 28, Hannover","""Q104028345""",Dieterichsstraße,unrefinement,,"street in the city district of Mitte in Hanover, Germany",property_value_update
1666694407,31,Q17100703$492FDB8E-C577-4783-9BBC-3E751C08366F,instance of,1968 United States presidential election in New Jersey,"""Q28206753""",United States presidential election in New Jersey,"""Q858439""",presidential election,unrefinement,,election of any head of state whose official title is president,property_value_update
631819330,197,Q262548$79093112-5E04-4209-A6FF-6E2B14C03581,adjacent station,Arsenal tube station,"""Q536796""",Finsbury Park railway station,"""Q34615026""",Finsbury Park,unrefinement,railway station; interchange with the tube station of the same name,,property_value_update
2339780074,108,Q133291751$c56689eb-4e9f-ae52-f29b-47473e0761a1,employer,Yih-Fen Hua,"""Q9689002""","Department of History, National Taiwan University","""Q32746""",National Taiwan University,unrefinement,,"national university located in Taipei, Taiwan",property_value_update
1882936001,279,Q3630702$2801fa73-41cd-c7c5-bfe5-4afbff474ef7,subclass of,air underwater breathing apparatus,"""Q30715263""",underwater breathing apparatus,"""Q32859751""",breathing apparatus,unrefinement,device used for breathing underwater,,unrefinement
1518736893,31,Q178630$278a928d-46e8-03f4-74e1-0d6e15d602f3,instance of,Portuguese,"""Q33180336""",Human population in the biodiversity hotspots,"""Q33829""",human population,unrefinement,scientific article published in April 2000,humans that live in the same locality,unrefinement
881906898,276,Q29277084$D327B53A-DE8A-4014-AF56-ACE9FEB2AB08,location,,"""Q60338538""",Chapelle de l'hôpital Saint-Jacques,"""Q3145209""",Hôpital Saint-Jacques,unrefinement,"chapel located in Loire-Atlantique, in France","hospital in Nantes, France",property_value_update
2028216030,2094,Q123736951$ADE46267-6E3C-491F-9C86-8600F49BFE16,competition class,"ACBB 3 - Garches-Vaucresson 2 (U15, 15-10-2023)","""Q44418853""",men's U15 association football,"""Q31930761""",men's association football,unrefinement,"age group ""under 15"" for male teams and national teams of association football",association football when played by men,unrefinement
667951574,155,Q51483509$83F6A081-7092-44CA-9486-0E4BB2ACC9C0,follows,2018 Women's Tour de Yorkshire,"""Q29533281""",2017 Women's Tour de Yorkshire,"""Q27943070""",2017 Tour de Yorkshire,unrefinement,3rd women's Tour de Yorkshire,2017 edition of the Tour de Yorkshire cycling race,unrefinement
276905845,31,Q10497073$4F523707-6469-4A7E-9E31-8B5175AF174E,instance of,Vårbyfjärden hangar,"""Q10295412""",seaplane base,"""Q62447""",aerodrome,unrefinement,airport with water runways and piers and/or ramps for seaplanes and amphibious aircraft,location from which aircraft flight operations take place,unrefinement
679910423,31,Q18975727$6c2a94a5-4eef-88f7-89ef-9250cdcea895,instance of,vesicular exanthema of swine,"""Q53544259""",pig disease,"""Q9190427""",animal disease,unrefinement,a disease that afflicts pigs,disease that afflicts non-human animals,unrefinement
2033382938,31,q4216425$76360CBD-2CCA-49CD-8E33-C4476EFCFBD5,instance of,Klyuchevskoi Karyer,"""Q7269229""",quarry lake,"""Q3215290""",artificial lake,unrefinement,lake that is formed after a quarry has been dug,lake formed by people,refinement
301254922,279,Q33601$A8BCD2EB-C08C-4E52-B906-0264FE9A2675,subclass of,Kaonde,"""Q6695065""",Luban languages,"""Q33146""",Bantu,unrefinement,group of Bantu languages,large language family spoken in Sub-Saharan Africa,refinement
1209796154,912,Q96359182$3cbabfff-4a0d-e13d-3db3-1314e9a16d53,has facility,Gamla Vindskyddet,"""Q96359242""",benched lean-to with wooden plank floor,"""Q96309079""",benched lean-to,unrefinement,lean-to with wooden plank floor and fixed benches,lean-to with fixed benches making it hard/impossible to sleep on the floor,refinement
673710091,31,Q18695789$bdb3ee4d-4381-0b69-4828-2805b13edff8,instance of,Sant Joan tower,"""Q52561285""",Sant Joan del Clot Tower,"""Q41176""",building,unrefinement,historical building,"structure, typically with a roof and walls, standing more or less permanently in one place",unrefinement
632130836,31,Q48956416$c710838e-4d3f-a23f-eca8-883d571a3233,instance of,Hobsbawm Macaulay,"""Q23700958""",public relations agency,"""Q4830453""",business,unrefinement,business offering public relations services to others,"organization undertaking commercial, industrial, or professional activity",unrefinement
1784657292,39,Q711174$E3A54D99-F84F-42C4-A52B-796609769C2A,position held,Arthur Roche,"""Q115599781""",archbishop ad personam,"""Q48629921""",Catholic archbishop,unrefinement,archbishop of the Catholic Church whom title was given to him personally and not as an ordinary of an archdiocese,prelate of the Catholic Church that rules an Archdiocese or to whom the title was given ad personam,refinement
1896893020,31,Q388430$cc366814-4878-b482-2707-71245ed23b12,instance of,South African Council of Churches,"""Q118391000""",council of churches,"""Q94670589""",Christian organization,unrefinement,regional organization of christian denominations,organization related to Christianity,unrefinement
2208730232,31,Q2946430$ad588d50-4327-2712-7e88-3f835301881e,instance of,Cercle Royal Gaulois Artistique et Littéraire,"""Q115804847""",private members' club,"""Q988108""",club,unrefinement,social venue,association of people united by a common interest or goal,unrefinement
2027181184,69,Q18733656$E6F878C5-4096-4ACE-91D3-F174501AF73F,educated at,Jo Hee-de,"""Q121484831""",Cornell University Law School,"""Q49115""",Cornell University,unrefinement,Law School of Cornell University,"private and statutory land-grant research university in Ithaca, New York, USA",unrefinement
210047013,279,Q1105343$ff9b1fca-4ca0-60f3-78d1-e6c6aade81b5,subclass of,cocktail glass,"""Q18812398""",stemmed glass,"""Q81727""",cup,unrefinement,glassware with a stem,vessel for liquids,unrefinement
750843024,31,Q634847$ebaac7f3-4ea1-6350-1668-18bd6aeedda1,instance of,Warszawa Dome,"""Q22442633""",ice dome,"""Q3236743""",dome,unrefinement,plateau made of ice,deformational feature in structural geology,unrefinement
1481032312,106,Q16495192$dfcdbe34-4cbf-5e56-7c26-34784d402ce4,occupation,Augusto Cid,"""Q108103121""",illustrator,"""Q15296811""",draftsperson,unrefinement,profession,person who makes drawings (artist/cartoonist/drafter/illustrator),refinement
2187900628,366,Q4461150$02b4a244-4ee0-d21d-8743-e7486d896a1b,has use,braking resistor,"""Q126899420""",rheostatic braking,"""Q1155327""",dynamic braking,unrefinement,type of dynamic braking where the generated electrical power is dissipated as heat in brake grid resistors,dynamic braking is the use of the traction motors as generators when slowing a vehicle.,property_value_update
1480905051,3450,Q106687968$70b4d37b-4062-e108-8dfe-e0915a02058c,sports season of league or competition,2021–22 Women's EHF Champions League,"""Q652498""",EHF Women's Champions League,"""Q330395""",EHF Champions League,unrefinement,international women's team handball competition in Europe,european handball competition,refinement
1850161388,276,Q117074544$8259e506-4529-50e4-0146-4af0a0fdaa16,location,Saga,"""Q2199006""",Ekskogen,"""Q18288910""","Ekskogen, Älgeby and Långsjötorp",unrefinement,"village in Vallentuna, Sweden","urban area in Vallentuna Municipality, Sweden",refinement
1749572451,2650,Q114630222$672f7413-42e8-ae85-67f4-92db18b3b751,interested in,Youth for Christ End-time Ministries,"""Q106584300""",Youth Empowerment,"""Q868575""",empowerment,unrefinement,A process where children and young people are encouraged to take charge of their lives,providing increased autonomy,refinement
340623875,54,Q6790550$A204FDEA-C33F-47F9-ABB5-6A1709A3865D,member of sports team,Matthew Ghent,"""Q4201740""",England national under-16 association football team,"""Q47762""",England men's national association football team,unrefinement,national under-16 association football team representing England,men's national association football team representing England,property_value_update
550878346,31,Q4530468$A1914706-9098-4217-B341-F9578BC09609,instance of,Moscow State University Faculty of Economics,"""Q11606439""",Faculty of Economics,"""Q180958""",faculty,unrefinement,division within a university or college,"division of a university by subject area, sometimes also by level",unrefinement
679551773,31,Q4161084$DEA0977E-BF97-429C-840B-FD09B91A5C16,instance of,Dias,"""Q53475615""",family name in Portugal,"""Q101352""",family name,unrefinement,family name originated from Portuguese language,"part of a naming scheme for individuals, used in many cultures worldwide",unrefinement
1095057296,279,Q1639520$a9a81d63-4d70-5420-4db3-efe333924600,subclass of,beef tenderloin,"""Q81617690""",tenderloin,"""Q289005""",fillet,unrefinement,cut from the loin,cut or slice of boneless meat or fish,property_value_update
1074065565,2094,Q3628840$37fb865e-4896-82a1-4c35-d54100d5d52e,competition class,"athletics at the 1972 Summer Olympics – men's 10,000 metres","""Q55245399""","men's 10,000 metres","""Q163892""","10,000 metres",unrefinement,gendered athletics discipline competition class,common long distance running event,unrefinement
703968548,2094,Q55189654$30415279-00F5-40E7-B63B-C96788D72881,competition class,2017 Ostrava Golden Spike – men's 100 metres,"""Q55243390""",men's 100 metres,"""Q164761""",100 metres,unrefinement,athletics competition class,sprint race,unrefinement
2296121275,1366,Q107504823$fc985c74-4156-fccf-846a-ff28bf073ac3,replaced by,11th Republican Parliament,"""Q119509313""",12th Republican Parliament of Trinidad and Tobago,"""Q107504455""",12th Republican Parliament,unrefinement,"legislative term of Trinidad and Tobago, 2020–2025","legislative term of Trinidad and Tobago, 2020–",unrefinement
671683455,2629,Q648980$40164520-4463-b02c-dd03-de3396572168,BBFC rating,Alice: Madness Returns,"""Q4550895""",15 certificate,"""Q47542366""",15 rating,unrefinement,BBFC content rating indicating restricted to persons aged 15 years and over,age-based content rating,refinement
769250314,1344,Q16090000$62906A86-906C-4CDE-9B71-75AE14D1332D,participant in,Hannelore Weygand,"""Q57574019""",Equestrian at the 1956 Summer Olympics – Individual dressage,"""Q8411""",1956 Summer Olympics,unrefinement,equestrian event at the 1956 Olympics,"Games of the XVI Olympiad, in Melbourne, Australia",unrefinement
468834856,156,Q4565645$403633c3-44f5-313f-8c11-572e52f8ecd2,followed by,1945–1960 clothing,"""Q4570170""",1960s clothing,"""Q35724""",1960s,unrefinement,costume and fashion in the 1960s,decade of the 1960s (1960-1969),unrefinement
738600498,1344,Q15852$D8433E0A-BB9B-4631-97B0-475B781D3DB2,participant in,Aleksandr Berkutov,"""Q22968929""",Rowing at the 1960 Summer Olympics – Men's double sculls,"""Q8415""",1960 Summer Olympics,unrefinement,Olympic rowing event,"Games of the XVII Olympiad, in Rome, Italy",property_value_update
2336557869,1344,Q722368$c70ad3d5-4ba1-7896-ba2d-77636e1fce27,participant in,Pino Cerami,"""Q48844706""",1960 UCI Road World Championships – Men's road race,"""Q571489""",1960 UCI Road World Championships,unrefinement,cycling race,cycling race,refinement
734256693,971,Q30731487$14A2C42C-0CF8-4A6B-AEE9-4323A34C6E58,category combines topics,Category:1962 in Yugoslav sport,"""Q744872""",1962 in sports,"""Q2764""",1962,unrefinement,sports-related events of 1962,year,unrefinement
1792120054,1344,Q47774$0553be7b-48c4-a19c-7667-5d7a71cc8e8c,participant in,France men's national association football team,"""Q115703040""",1962 FIFA World Cup qualification – UEFA Group 2,"""Q833027""",1962 FIFA World Cup qualification,unrefinement,,football tournament,refinement
901626002,971,Q20050629$61D30132-2307-4F2F-9578-E24CA327DCD3,category combines topics,Category:1963 in Algerian sport,"""Q52177146""",1963 in Algeria,"""Q2755""",1963,unrefinement,Algeria-related events during the year of 1963,year,unrefinement
2236524689,971,Q8152356$FCEC2F02-43E8-4F8E-B8AF-A07C685D15A4,category combines topics,Category:1963 horror films,"""Q753327""",1963 in film,"""Q2755""",1963,unrefinement,overview of the events of 1963 in film,year,property_value_update
734256798,971,Q30731486$944CAA25-0C57-4458-B58C-7B28B5A92521,category combines topics,Category:1963 in Yugoslav sport,"""Q509359""",1963 in sports,"""Q2755""",1963,unrefinement,sports-related events of 1963,year,property_value_update
1166154541,971,Q8152543$99C19A8B-5CF9-4E83-87A6-12AF193B5D35,category combines topics,Category:1963 in Swedish sport,"""Q21019605""",1963 in Sweden,"""Q2755""",1963,unrefinement,Sweden-related events during the year of 1963,year,property_value_update
1054017557,2094,Q26155827$c389a671-489d-f28a-e71b-5b12ed1b5937,competition class,shooting at the 2016 Summer Olympics – men's 10 metre air rifle,"""Q75192253""",men's 10 metre air rifle,"""Q842208""",10 meter air rifle,unrefinement,competition class,International Shooting Sports Federation (ISSF) shooting event,refinement
1067337567,54,Q76765447$08bb9eb2-4582-fbb5-90ec-23654193b136,member of sports team,Richard Honeywill,"""Q76968803""",Great Britain national men's under-17 handball team,"""Q918298""",Great Britain national handball team,unrefinement,Great Britain men's national handball team for under 17's,Great Britain men's national handball team,unrefinement
1755579673,921,Q114797355$c80c392f-4377-15ff-6e74-f822db32ef67,main subject,Short History of Anglo-Irish Literature from Its Origins to the Present Day,"""Q113861611""",history of English literature,"""Q6497044""",history of literature,unrefinement,aspect of history,historical development of writings,property_value_update
549701417,31,Q26435041$182EE2EC-CD76-4D15-9971-F3643398FA0B,instance of,Wheal Prosper Engine House,"""Q26261765""",engine house,"""Q3947""",house,unrefinement,building or other structure that holds one or more engines,building usually intended for living in,unrefinement
917748887,31,Q19554547$40CB2EE1-A438-45B7-8B28-1AAC2E26BC2D,instance of,municipal anthem of Viadutos,"""Q63204594""",municipal anthem,"""Q484692""",hymn,unrefinement,official hymn representing a municipality or similar administrative subdivision,combination of text and tune specifically written for the purpose of adoration or prayer,property_value_update
1085626461,54,Q27567873$8EA3F2CA-4905-448A-8A13-256123B8A9DD,member of sports team,Jill Whelan,"""Q15978479""",Ireland women's cricket team,"""Q137660""",Ireland cricket team,unrefinement,Ireland women's national cricket team,Sports team representing the island of Ireland in international cricket,property_value_update
1158208713,749,Q87654267$8413148B-428B-4FB9-A32A-517D7D36ECCA,parent organization,Kennesaw State University Archives,"""Q90701190""",Kennesaw State University Horace W. Sturgis Library,"""Q1532470""",Kennesaw State University,unrefinement,"academic library at Kennesaw State University in Kennesaw, Georgia, USA","public university located near Kennesaw, Georgia, United States",unrefinement
1095911159,279,Q7559$aad81659-4c3e-7089-52d8-3fb90f7bfbbf,subclass of,dragon,"""Q81737607""",serpentine monster,"""Q2239243""",mythical creature,unrefinement,"large serpentine creature, including dragons and sea serpents","supernatural animal, generally a hybrid, sometimes part human, whose existence cannot be proven, described in legends, myths, fables, folklore",unrefinement
1299371465,279,Q12328345$95fbde55-4a0a-80a6-3fe5-630ae82624e5,subclass of,national animal,"""Q100989638""",official animal,"""Q1128637""",national symbol,unrefinement,animal that is a symbol of an nation/organisation,symbol of any national entity,unrefinement
2289491037,6087,Q130545640$fc02f326-4949-e4c4-20ab-d4287be0dd24,coach of sports team,Sherida van Bruggen,"""Q15076810""",Netherlands women's national under-17 association football team,"""Q601723""",Netherlands national under-17 football team,unrefinement,national association football team,national association football team,property_value_update
1282334011,106,Q99629675$e51d916d-45d3-5926-3087-b33536348b52,occupation,Konstantin Kovar,"""Q84099710""",government official,"""Q599151""",official,unrefinement,occupation,someone who holds a government office,unrefinement
368393424,31,Q10536245$1085d217-4feb-5cf2-99ac-c5d095ac57d6,instance of,International Nanny Association,"""Q10533553""",non-profit organization,"""Q43229""",organization,unrefinement,organization ran without profit as ambition,social entity established to meet needs or pursue goals,unrefinement
2025644254,279,Q105994043$1D525FD8-3538-42FD-A87D-243C84B9D9D6,subclass of,Surgical Stapler,"""Q123691992""",surgical tool,"""Q39546""",physical tool,unrefinement,tool used in surgical operations,physical item that can be used to achieve a goal,unrefinement
244225077,279,Q460336$ee8247ee-4be7-7dcb-9de0-b581aba37a60,subclass of,state police,"""Q14947556""",territorial police force,"""Q35535""",police force,unrefinement,force whose area of responsibility is defined by sub-national boundaries,constituted body of persons empowered by the state to enforce the law,unrefinement
1487278217,105,Q15590549$820449FA-AF4E-4A03-B656-C7860A1D6978,taxon rank,Pilosella ×byzantina,"""Q1306176""",nothospecies,"""Q7432""",species,unrefinement,nomenclature of hybrid species,one of the basic units of biological classification and a taxonomic rank,unrefinement
1564068814,19,q1293865$F936D0C2-ABE5-4160-926D-7093455EA75D,place of birth,Edward Thomas,"""Q148349""",Lambeth,"""Q84""",London,unrefinement,"district in Central London, England",capital and largest city of England and the United Kingdom,unrefinement
946414516,21,Q76948$CAE2915E-BD94-4533-A67A-CFD553BC9A28,sex or gender,Caroline Herschel,"""Q1052281""",trans woman,"""Q6581072""",female,unrefinement,woman assigned male at birth,"to be used in ""sex or gender"" (P21) to indicate that the human subject is a female or ""semantic gender"" (P10339) to indicate that a word refers to a female person",unrefinement
1389573503,195,Q48036915$08059368-A655-474A-8021-B4AB8A1D2C40,collection,Scale model of Vive le Roi-MnM 13 MG 21,"""Q64206413""",Collections of Musée national de la Marine,"""Q1286709""",Musée national de la Marine de Paris,unrefinement,,"naval museum in Paris, France",property_value_update
1112470645,279,Q630894$5F1FE987-77B1-468C-BE8D-71ED4E1E9F03,subclass of,Tour of Elk Grove,"""Q1318941""",stage race,"""Q15091377""",cycling race,unrefinement,cycling race contested over multiple days,sporting event with bicycles,unrefinement
1047811476,6224,Q59493331$C5E39870-48D1-4FBE-9191-AC4CAB3612E4,level of description,Orville Freeman Personal Papers (NAID 622016),"""Q3052382""",fonds,"""Q59294612""",collection,unrefinement,"aggregation of records, documents, or works originating from the same creator","in archival science, the highest level of description of a grouping of archival materials not gathered according to provenance",unrefinement
1656855386,551,Q5538154$dd11400f-4d39-2b33-40b2-b776913fd3fe,residence,George Courtauld,"""Q2282928""",Halstead,"""Q67442940""",Essex,unrefinement,"town in Essex, England, UK",historic county of England,property_value_update
370476703,31,Q26708095$1920c8f6-4c30-ec60-ba04-afa5880e9258,instance of,,"""Q5004679""",path,"""Q79007""",street,unrefinement,small road or street,public thoroughfare in a built environment,refinement
1240271168,31,Q4311147$B46B9925-3361-4160-8F93-34107B98A940,instance of,Imamzadeh Abdullah (Ray),"""Q136868""",imamzadeh,"""Q39614""",cemetery,unrefinement,Shia shrine-tomb,place of burial,property_value_update
435257028,735,Q7945655$ED37F31D-4757-462D-B532-2D0CE474B11A,given name,W. H. Murray,"""Q12344159""",William,"""Q19803523""",W.,unrefinement,male given name,"given name with this initial. Full name undetermined, not generally used or not determinable",property_value_update
107885277,706,Q4357115$e1ed8b99-4aab-70e7-60a0-3cb542db3f6e,located in/on physical feature,Finnish Church,"""Q3284547""",Stadsholmen,"""Q579854""",Gamla stan,unrefinement,"island constituting the majority of Gamla stan in Stockholm, Sweden","urban district in Stockholm, Sweden",property_value_update
655446779,31,Q38250711$A6951473-09E9-412A-88E9-DA60E04215D9,instance of,Meydan-e San'at Metro Station,"""Q928830""",metro station,"""Q719456""",station,unrefinement,railway station of a rapid transit system,public transport station,unrefinement
1224818247,512,Q16732454$caec92e3-4b33-a3b3-73aa-c990b2b7b3be,academic degree,Markar Melkonian,"""Q65640233""",PhD in philosophy,"""Q849697""",doctorate,unrefinement,,academic or professional degree,unrefinement
1199158368,31,Q19903549$8dc2f9b7-4fac-2db0-6e9c-573b7c9eee94,instance of,Tomb of the Blue Demons,"""Q20010053""",Etruscan grave,"""Q381885""",tomb,unrefinement,,burial place,refinement
424578705,31,Q1640282$1C988F20-77D9-4959-A356-CB97F8377E73,instance of,Jõhvi Rural Municipality,"""Q612229""",municipality of Estonia,"""Q21583366""",urban or rural municipality of Estonia,unrefinement,lowest administrative division in Estonia,,refinement
252683660,106,Q5392123$efdf7d5b-401a-0c70-aaba-469d563f03ce,occupation,Pekka Saros,"""Q2304816""",official,"""Q202648""",referee,unrefinement,basketball official,"person of authority, in a variety of sports, who is responsible for presiding over the game from a neutral point of view",property_value_update
407304100,735,Q5006692$71B0E1B9-6ABA-40A8-B129-E1FE48024196,given name,C. M. S. McLellan,"""Q2958359""",Charles,"""Q19803499""",C.,unrefinement,male given name,"given name with this initial. Full name undetermined, not generally used or not determinable",property_value_update
612023751,279,Q3177953$0e1949c6-4de7-dab0-2ee4-468cb6c3d2cf,subclass of,boxing video game,"""Q846224""",fighting game,"""Q659563""",video game genre,unrefinement,video game genre,video game term; categorization of video games,unrefinement
1663776824,921,Q19164928$01ad3d8d-452c-7955-57ba-19bc939b4a87,main subject,Der Schillerpreis,"""Q2235686""",Schiller prize,"""Q618779""",award,unrefinement,,something given to a person or a group of people to recognize their merit or excellence,unrefinement
77446256,31,q10513284$4267a9d7-41d3-6d1a-8d0b-919306e3273b,instance of,HSwMS Komet,"""Q4545857""",1.-class torpedo boat,"""Q3114762""",warship,unrefinement,,a watercraft that is built and primarily intended for naval warfare,unrefinement
1116365999,106,Q85278170$e4416415-4e0b-b85d-5842-352d3076be18,occupation,,"""Q37226""",teacher,"""Q11499465""",educational personnel,unrefinement,"person who helps others to acquire knowledge, competences or values",,unrefinement
1509536377,39,Q3101188$E57DA075-3B77-4ADB-976D-09DC30131FB1,position held,Geoffrey Boucicaut,"""Q21114402""",bishop of Laon,"""Q1144278""",diocesan bishop,unrefinement,,"bishop in pastoral charge of a diocese, as opposed to a titular bishop",refinement
430363119,279,Q1601459$ad07e39d-4f3b-6a63-a4fa-d457a3a7ac57,subclass of,kothon,"""Q26701162""",ancient Greek vase-form,"""Q738680""",pottery of ancient Greece,unrefinement,,ancient Greek artifact made of clay,refinement
835418192,31,q3490724$CEB3A7C5-82AE-4A28-91D5-DD3160D4721D,instance of,less-than sign,"""Q21092339""",mathematical symbol,"""Q3241972""",character,unrefinement,symbol used in mathematics,symbol or sign,property_value_update
1482752377,31,Q3949971$C6F75956-451A-4697-AB57-A2969D5A9A8E,instance of,Nostra Signora delle Tre Fontane,"""Q697295""",shrine,"""Q29553""",sanctuary,unrefinement,"holy or sacred place, which is dedicated to a specific deity",sacred place,unrefinement
459763308,106,Q16628272$fab01e91-4488-bc65-6b14-1fd6920d427f,occupation,Eddy Bullerian,"""Q16145150""",music educator,"""Q37226""",teacher,unrefinement,academic title,"person who helps others to acquire knowledge, competences or values",unrefinement
775952842,31,Q26504502$93497AB7-F6C4-4844-821C-889215CF8031,instance of,Jireh House,"""Q2460422""",guest house,"""Q3947""",house,unrefinement,type of lodging,building usually intended for living in,unrefinement
221148491,31,Q9683961$22B27D3B-4583-479C-845C-D5505B3F7927,instance of,2012 Campeonato Pernambucano,"""Q1478437""",association football competition,"""Q2625261""",football competition,unrefinement,competition of soccer (association football),,unrefinement
983839631,31,Q26348064$9948C58C-34A9-4DE6-B355-E1EABFDA8C73,instance of,Trabajador paisajista muere al ser golpeado por un tronco rodante,"""Q1402850""",field study report,"""Q26840222""",field study,unrefinement,publication with the output of field research,output of field research,unrefinement
479576665,31,Q16290954$61BCFBC3-367B-4F18-9115-26E9C0E9E575,instance of,Redd,"""Q12308941""",male given name,"""Q1071027""",full name,unrefinement,given name usually meant for boys and men,set of names by which an individual is known,unrefinement
317627054,171,Q4792907$863d8a57-48ae-b964-7d4e-31ba8e89ff8a,parent taxon,Armatimonadetes,"""Q3337759""",Negibacteria,"""Q10876""",bacteria,unrefinement,subkingdom of Gram-negative bacteria,domain of micro-organisms,unrefinement
1002753849,106,Q1317281$037C5A89-5243-4247-BB10-DB9F7E70DF77,occupation,Miguel Arias Cañete,"""Q66172428""",State lawyer,"""Q40348""",lawyer,unrefinement,occupation in Spain,professional who practices law,unrefinement
343914235,106,Q3386401$9FD89096-45E3-4FE1-9524-E0722B6B3BDA,occupation,Pierre Ménès,"""Q13219447""",sports journalist,"""Q1930187""",journalist,unrefinement,person who reports on sports events in the media,"person who collects, writes, and distributes news and other information",unrefinement
658852278,31,Q3889430$cf886e45-412e-4a2c-7b8a-a485dae4ca7a,instance of,,"""Q1076486""",sports venue,"""Q7579839""",sports complex,unrefinement,"facility (building, structure, or place) dedicated to sports",group of sports facilities,unrefinement
1248409687,31,Q28470903$174e763e-4c73-6fa5-16fd-f547992840eb,instance of,,"""Q11734477""",memorial stone,"""Q22731""",stone,unrefinement,memorial monument in the form of a stone,rock; building material,unrefinement
757590028,31,Q30880646$1F71CA48-ACE9-448E-82BF-83D5D8F44EA7,instance of,Unipol Domus,"""Q483110""",stadium,"""Q17350442""",venue,unrefinement,"place or venue for (mostly) outdoor sports, concerts, or other events",place used for some activity,unrefinement
596788950,4552,Q1430452$A3CF1923-A544-48A4-92D0-EB829A8BB03F,mountain range,Schafrügg,"""Q328393""",Plessur Alps,"""Q1286""",Alps,unrefinement,mountain range,major mountain range system in central Europe,unrefinement
452497922,361,Q3297665$0B3EC44B-1260-4367-874B-CCA5116F6A3E,part of,Arves massif,"""Q743382""",Dauphiné Alps,"""Q1286""",Alps,unrefinement,mountain range,major mountain range system in central Europe,unrefinement
1149946872,19,Q975097$0B443FC2-EE9F-48B5-BD02-323DA083DE26,place of birth,Thomas Cruise,"""Q125163""",Islington,"""Q84""",London,unrefinement,"district of London, England",capital and largest city of England and the United Kingdom,unrefinement
853772250,971,Q58916940$ec29c767-4bfe-82c5-218a-07ef39237f93,category combines topics,Category:Rosalía albums,"""Q29035150""",album by this artist,"""Q482994""",album,unrefinement,Wikidata metaclass,"grouping of album releases by an artist usually released at the same time with the same title and tracks but in different formats for consumption (digital, CD, LP)",unrefinement
147329760,31,Q15710935$4395c2ba-4f02-a4b5-61d3-428e81609c5a,instance of,Carrot Cake,"""Q16632615""",fictional pony,"""Q188828""",pony,unrefinement,pony only appearing in works of fiction,type of small horse,unrefinement
2278355015,101,Q120610687$a046daca-c4b1-479d-9495-b1140f2a243d,field of work,,"""Q12324699""",literature search,"""Q14947547""",search,unrefinement,process of exploring a corpus of publications in order to find something relevant,bibliographic search,unrefinement
875687688,106,Q11927374$BB1B8516-9F15-43BD-8EDA-87ABB25B94DC,occupation,Jaume Tresserra Clapés,"""Q15977509""",industrial designer,"""Q5322166""",designer,unrefinement,profession,person who designs,unrefinement
811001763,106,Q17055910$6860399F-0BC8-4CEA-93E1-9396F39D65EB,occupation,Igor Štromajer,"""Q22343406""",multi-media artist,"""Q483501""",artist,unrefinement,artist who works with multiple media,person who engages in any form of artistic creation or practice,unrefinement
222387364,31,Q13409536$486dddee-42d5-c7e0-e886-7c80ed55a2eb,instance of,pantomime,"""Q15850590""",theatrical genre,"""Q483394""",genre,unrefinement,division and subdivisions of various forms of theater,"category of creative works based on stylistic, thematic or technical criteria",unrefinement
686358660,31,Q32786145$D902E2C7-D637-4AC9-8819-5DA7A2D296FD,instance of,Thygesen,"""Q17091404""",patronymic surname,"""Q101352""",family name,unrefinement,surname based on the father's given name,"part of a naming scheme for individuals, used in many cultures worldwide",unrefinement
65071017,31,q640287$E5B10C67-717F-42A1-A483-405B9AE3B9C0,instance of,Russian Party of Life,"""Q766570""",Political parties in Russia,"""Q7278""",political party,unrefinement,Wikimedia list article,organization that seeks to influence government policy and actions and be elected to directly take part on government or legislation,unrefinement
1164491100,180,Q91609476$5C3DAAFE-FC13-4919-A33D-26AB372B88D9,depicts,Portrait of Mary Villiers,"""Q6780772""","Mary Stewart, Duchess of Richmond","""Q467""",woman,unrefinement,English duchess,female adult human,unrefinement
600593416,1889,Q44071802$11F52A8C-C140-42E5-8C0C-603DC46BD5BC,different from,1970s,"""Q35014""",1970s,"""Q39911""",decade,unrefinement,decade (1970-1979),period of 10 years,unrefinement
144569415,31,Q29122$384a5332-4396-7705-dc81-6f8f3c3bb3dc,instance of,First Anglo-Burmese War,"""Q2248139""",Anglo-Burmese wars,"""Q198""",war,unrefinement,list of three Burmese Wars or Anglo-Burmese Wars,"organized and prolonged violent conflict between different nations, states, or different groups within a nation or state",unrefinement
247330224,31,q3214793$A182F856-D689-450A-B5C0-483457AAA2BB,instance of,Lake Carnegie,"""Q20898243""",Temporary lake,"""Q23397""",lake,unrefinement,,"body of relatively still water, localized in a basin",unrefinement
656925320,39,Q29480$27a7a101-4ffb-69ee-652e-7021e9438e1b,position held,Mohammad Abu Zakariya Yahya,"""Q50975712""",Hafsid sultan,"""Q43292""",sultan,unrefinement,,noble title with several historical meanings,unrefinement
144898543,31,Q211955$28702594-2331-476D-877E-D5B8BE7CEC1F,instance of,Cú Chulainn,"""Q15632617""",fictional human,"""Q5""",human,unrefinement,human being that only exists in fictional works,"any member of Homo sapiens, unique extant species of the genus Homo",unrefinement
359855272,527,Q620565$0992e1f1-4059-fb37-9913-62b1b274ac91,has part(s),apothecaries' system,"""Q1323615""",troy ounce,"""Q48013""",ounce,unrefinement,"unit of mass, imperial measure",unit of mass,unrefinement
134057082,361,Q4556721$FFE74B99-A779-457C-95F6-199F9F2C5B93,part of,1893 FA Cup Final,"""Q2615192""",1892–93 FA Cup,"""Q11151""",FA Cup,unrefinement,association football tournament concluding in 1893,annual knockout football competition,unrefinement
1361021394,54,Q1690726$505B9BA7-5D8C-4266-AD17-2DB7C1113171,member of sports team,Joan Cañellas,"""Q378906""",FC Barcelona Handbol,"""Q7156""",FC Barcelona,unrefinement,handball team,"multisports club in Barcelona, Spain",unrefinement
715628701,279,Q15391460$c57ee2fb-458c-7ae2-9551-eb41c533337c,subclass of,Universal Esperanto Association committee member,"""Q55754031""",committee member,"""Q9200127""",member,unrefinement,person or organization with membership of a committee within an organisation,individual or organization with membership in a group; constitutive components of a corporate body,unrefinement
203791543,31,Q19585297$03dfea11-43a5-08c9-cc6d-a74095bd3339,instance of,2015 Island Games,"""Q845262""",Island Games,"""Q167170""",multi-sport event,unrefinement,international multi-sports event,organized sporting event involving multiple sports,unrefinement
1307511067,39,Q86068569$be8a2902-4092-d8ee-9e9b-7c88834ecc8a,position held,Robert J. Coury,"""Q62063127""",executive chairperson,"""Q140686""",chairperson,unrefinement,position,leading or presiding officer of an organized group,unrefinement
697399880,31,Q11519268$9C76F492-628E-4783-9D33-0C6B01F26DD6,instance of,木漏れ日カレンダー,"""Q1138081""",covers album,"""Q482994""",album,unrefinement,music album consisting primarily or completely of cover versions,"grouping of album releases by an artist usually released at the same time with the same title and tracks but in different formats for consumption (digital, CD, LP)",unrefinement
705625609,31,Q9363713$F489572F-4278-427B-AD43-68131FBB8C82,instance of,Tyrants from the Abyss – A Tribute to Morbid Angel,"""Q734454""",tribute album,"""Q482994""",album,unrefinement,recorded collection of cover versions of songs or instrumental compositions,"grouping of album releases by an artist usually released at the same time with the same title and tracks but in different formats for consumption (digital, CD, LP)",unrefinement
118258264,131,q1265347$93E43915-8F23-4D74-B7A8-C870CF0F40AE,located in the administrative territorial entity,Duncan,"""Q1138212""",Cowichan Valley Regional District,"""Q1974""",British Columbia,unrefinement,regional district of British Columbia,province of Canada,unrefinement
278850891,31,Q1926820$A49680D2-E0D0-41AE-B656-3B2C2CC522A7,instance of,District 3,"""Q21608359""",urban district of Vietnam,"""Q2582669""",district,unrefinement,administrative territorial entity,subdivision of Vietnam,unrefinement
212779305,31,Q623697$B9CB52CB-E01B-452B-A6B7-2DBF54CA1EE8,instance of,Arabella,"""Q1710979""",Rodina-class motorship,"""Q402092""",motor ship,unrefinement,Russian passenger ship,"ship propelled by an internal combustion engine, usually a diesel engine",unrefinement
999961172,527,Q11442$e718a3c4-4a03-f132-ecf8-0cb675a7220d,has part(s),bicycle,"""Q167130""",bicycle frame,"""Q2381072""",frame,unrefinement,main component of a bicycle,transverse support of a sailing vessel,unrefinement
1237904496,641,Q6187612$B6475FC6-F27B-4A47-8542-A4B800EB6698,sport,Jessie Barr,"""Q11706688""",sprinting,"""Q542""",athletics,unrefinement,short distance athletics footraces up to 400 metres,"sports involving running, jumping, throwing and walking",unrefinement
318252191,31,Q23653647$794e3d36-4300-cf4f-fcdb-5281a3d2ea8f,instance of,,"""Q7433672""",scientific book,"""Q571""",book,unrefinement,nonfiction book about science,medium for recording information (words or images) typically on bound pages or more abstractly in electronic or audio form,unrefinement
103180788,132,Q15411104$5592df52-4e21-5338-12e0-4eacb6ea6507,type of administrative division,Zyukayka,"""Q634099""",rural settlement in Russia,"""Q14788575""",rural settlement,unrefinement,type of a municipal formation in Russia,settlement in the areas defined as rural by a governmental office,unrefinement
1982889701,361,Q44151$b127caea-4ffc-a03b-8713-a15181f8762f,part of,Bezirksliga,"""Q835610""",German football league system,"""Q1756477""",league system,unrefinement,league system,hierarchy of leagues in a sport,unrefinement
949577679,279,Q526668$e3d5daf8-4227-5fbd-bfae-ab378dcfa6c5,subclass of,sigmoid function,"""Q1052379""",logistic function,"""Q11348""",function,unrefinement,mathematical function,association of a single output to each input,unrefinement
266705307,54,Q3482456$31ba7513-48dd-2305-912c-728a1b3c3b4b,member of sports team,Shona Thorburn,"""Q1581747""",Utah Utes,"""Q168515""",University of Utah,unrefinement,intercollegiate sports teams of the University of Utah,"public coeducational space-grant research university in Salt Lake City, Utah, United States",unrefinement
1298600144,452,Q97262169$5655cefb-473d-56be-aad4-814aa6c934d6,industry,Thisarana Arama,"""Q163740""",nonprofit organization,"""Q1043088""",organization,unrefinement,organization operated for a collective benefit,Wikimedia disambiguation page,unrefinement
1109191530,31,Q1090219$d14fa069-41ea-4ce0-84ab-174ebd5285dd,instance of,building manager,"""Q84313594""",service profession,"""Q28640""",profession,unrefinement,occupation in the tertiary sector of the economy,occupation requiring specialized training,unrefinement
1127053557,527,Q11267936$b0cb44bc-46cc-dd33-5aec-3eef9896d1ba,has part(s),Sashisuseso,"""Q11254""",table salt,"""Q12370""",salt,unrefinement,"mineral used as food ingredient, composed primarily of sodium chloride",ionic compound composed of cations and anions,unrefinement
320982811,31,Q7180516$59802192-6DC8-44A7-A4B3-B8FAA27D479D,instance of,Phantasm,"""Q1492889""",gamba ensemble,"""Q215380""",musical group,unrefinement,musical ensemble featuring viols,musical ensemble which performs music,unrefinement
1261395859,31,Q29587250$05604e1c-4f7c-4b5c-cdb4-5aca4b07befd,instance of,Hyrule Castle Throne Room,"""Q98524595""",fictional throne room,"""Q1251792""",throne room,unrefinement,throne room only appearing in works of fiction,room in the official residence of the crown,unrefinement
411203964,279,Q21077147$10bb4d85-433b-5881-ed59-df6be2bb7813,subclass of,eye pain,"""Q21119839""",eye pain,"""Q81938""",pain,unrefinement,,type of unpleasant feeling,unrefinement
1157178015,106,Q19931195$97010a64-4a27-c4ad-a920-b379f284c635,occupation,Dollar Bill,"""Q10934814""",college student,"""Q48282""",student,unrefinement,,"learner, or someone who attends an educational institution",unrefinement
468351870,31,Q1358372$B287FEC8-0CB2-434E-90B5-6071E6B7972A,instance of,Tuck & Patti,"""Q19184926""",musical duo,"""Q15618652""",duo,unrefinement,ensemble of two musicians,group composed of two persons,unrefinement
258896973,31,Q10895807$003B0305-F6A7-413C-8D5D-B84216057CD7,instance of,,"""Q19934856""",twin towers,"""Q1497364""",building complex,unrefinement,set of two identical towers (not only skyscrapers),set of related buildings,unrefinement
1671714904,31,Q23481695$45341927-4b2b-ba83-042e-8c36f86d080d,instance of,,"""Q109379965""",Holy Week in a geographic region,"""Q131080""",Holy Week,unrefinement,,calendar date,unrefinement
632144926,39,Q6244698$F9A3BDCB-BC06-4654-9835-FA2E67F6F69B,position held,John Leverett,"""Q48955989""",Governor of the Massachusetts Bay Colony,"""Q20770897""",Governor of Massachusetts,unrefinement,,Governor of Massachusetts in the colonial era (to 1775),property_value_update
159020898,31,q1137359$E493EFF3-A491-4D85-B25A-5C32F268CE10,instance of,The Pirates! In an Adventure with Scientists!,"""Q836003""",animated film,"""Q11424""",film,unrefinement,film created using animation,"sequence of images that give the impression of movement, stored on film stock",unrefinement
561451546,31,q1266820$a350cac5-4781-ed23-6178-279add8256fd,instance of,Polybius,"""Q40213094""",fictional video game,"""Q7889""",video game,unrefinement,fictional videogame in a narrative form of arts,electronic game with user interface and visual feedback,unrefinement
2048340155,279,Q823671$b8ac85b3-4374-78b1-e843-53d7587068fd,subclass of,Brahmana,"""Q1194040""",Hindu text,"""Q234460""",text,unrefinement,historic literature of Hinduism,"object that can be ""read"" by reader; result of writing",unrefinement
186871356,186,Q18683635$64046A16-3D45-4385-9E3A-1E8F59B676A9,made from material,Self-Portrait,"""Q15402056""",wove paper,"""Q11472""",paper,unrefinement,writing paper,"thin, flexible material mainly used for writing upon, printing upon, drawing or for packaging",unrefinement
272245162,279,Q866816$118067ff-4258-d27f-0593-1c647f72f01c,subclass of,bourrée,"""Q3015613""",Baroque dance,"""Q11639""",dance,unrefinement,dance of the Baroque era,rhythmic movement of the body,unrefinement
1311724018,4934,Q1323330$98747164-4cd4-10c3-9e95-2fa0d3eb2e28,calculated from,Ekman number,"""Q102245394""",Earth's angular frequency,"""Q834020""",angular frequency,unrefinement,,rate of change of the phase angle,unrefinement
764824489,106,Q4974724$b437e02c-e677-4b66-a318-5daf0a65bfb5,occupation,Mildred Richardson,"""Q56882269""",figure skating judge,"""Q16533""",judge,unrefinement,,official who presides over court proceedings,unrefinement
278850605,31,Q1319931$938EDE07-7BCB-4FF2-83F6-574EDCDF4626,instance of,District 6,"""Q21608359""",urban district of Vietnam,"""Q2582669""",district,unrefinement,administrative territorial entity,subdivision of Vietnam,unrefinement
577584124,106,Q5220610$E2F37C15-FCAF-40C1-BB0F-D9379A61BC70,occupation,Danny McCulloch,"""Q29017402""",bass guitarist,"""Q855091""",guitarist,unrefinement,,musician who plays the guitar,unrefinement
924501502,106,Q63340000$7f82df8b-41d8-c707-f8ee-a76d88a80999,occupation,Kathrine Krogh Hoffmann,"""Q21941967""",social pedagogue,"""Q1231865""",pedagogue,unrefinement,profession,person working in the academic field of pedagogy,unrefinement
1206194978,31,Q5268427$e645f2ad-483b-edc3-40be-e4e386afb8b1,instance of,Hub Dam,"""Q11285593""",earth-fill dam,"""Q12323""",dam,unrefinement,dam constructed as a simple embankment of well compacted earth,barrier that impounds water or underground streams,unrefinement
1021283396,4224,Q7057050$6998B351-B5C6-447D-8CEE-FDF395D0BB84,category contains,Category:Black-and-white photographs,"""Q68831380""",black-and-white photograph,"""Q125191""",photograph,unrefinement,"photographs having images in gray tones, black, and white, and sometimes one hue (which can result from chemical processes used, including toning, or from aging)",image created by light falling on a light-sensitive surface,unrefinement
487857375,106,Q3288673$f77c860d-449a-c2eb-c69a-fec3955c4766,occupation,Marcel Besson,"""Q20972719""",aeronautical engineer,"""Q81096""",engineer,unrefinement,profession,professional practitioner of engineering,unrefinement
