revision_id,property_id,value_id,entity_label,property_label,old_value,new_value,label,llm_label
1734855479,-2,description,Chris Boyce,description,"""British writer""","""Scottish science fiction author""",refinement,refinement
377299899,-2,description,Julia Lennon,description,"""Waitress, Housewife""","""mother of English musician John Lennon""",property_value_update,property_value_update
13517935,-2,description,Canales,description,"""dismbiguation""","""disambiguation""",textual_change,textual_change
665018071,-2,description,Hardwired,description,"""song by Metallica""","""Metallica song""",refinement,refinement
2176155459,-2,description,China Human Rights Organisations,description,"""organization""","""Organisation""",textual_change,textual_change
412540470,-1,label,Life Form,label,"""A Form of life""","""Life Form""",refinement,refinement
2352222189,-1,label,Ballygamboon Upper,label,"""Ballygamboone Upper""","""Ballygamboon Upper""",textual_change,textual_change
2290588151,-2,description,Perla Encinas,description,"""Mexican actress""","""Mexican actressd""",textual_change,textual_change
2259773678,6394,q466546$3dbe8d87-4315-71e6-ac6b-e74c15a613d2,Lyudmila Zykina,ELNET ID,"""a11388250""","""11388250""",unrefinement,unrefinement
1501226773,-2,description,Dorothy Waldegrave,description,"""-""","""(est. 9 Mar 1529 - before 19 May 1597)""",property_value_update,property_value_update
1165524989,-2,description,game classification,description,"""tyoe of classification""","""type of classification""",textual_change,textual_change
1344510863,-1,label,135 and 136 Main Street,label,"""Including Post Office""","""135 and 136 Main Street""",property_value_update,property_value_update
510956404,-2,description,Concrete and Gold,description,"""album by Foo Fighters""","""Foo Fighters album""",refinement,refinement
1778147422,-2,description,Ephrem Engidawork,description,"""researcher""","""Ethiopian pharmacologist""",refinement,refinement
1258229604,-2,description,Chris Isaak discography,description,"""Musical recordings by Chris Isaak.""","""artist discography""",unrefinement,unrefinement
1239681887,-2,description,Methuselah Mouse Prize,description,"""price""","""prize""",property_value_update,property_value_update
618126024,-1,label,Jordi Alba,label,"""Jordi Alba""","""Jorge Alba""",property_value_update,property_value_update
1022427230,-2,description,Oscorp,description,"""oscorp""","""Fictional corporation""",property_value_update,property_value_update
1314371361,-2,description,Adrien Louis Bruneau,description,"""French painter and watercolourist""","""French painter and watercolorist""",textual_change,textual_change
33017964,-2,description,JavaScript,description,"""usually browser-based scripting language""","""programming language usually used for browser scripting""",refinement,refinement
1135907454,-2,description,Lake Zell,description,"""Dake""","""Lake""",textual_change,textual_change
341822089,1015,Q271314$A7B348B5-B85F-40ED-878B-E5CF5235F541,Kristina Lugn,NORAF ID,"""x90251174""","""90251174""",unrefinement,textual_change
102740111,409,Q35149$0B4C5CEA-6042-4264-93B8-FF4BD05081BC,Wilhelm Röntgen,Libraries Australia ID,"""000035460898""","""35460898""",unrefinement,textual_change
264673761,-2,description,Adolf Richter,description,"""human""","""german chemist""",refinement,refinement
1911212194,-2,description,Carvel Bay,description,"""bight in the United Kingdom""","""bay in the United Kingdom""",property_value_update,refinement
138005109,-2,description,novel,description,"""genre, long prose narrative that usually describes fiction in the form of a sequential story""","""narrative text of some length, normally in the form of prose describing a fictional and a sequential story""",refinement,textual_change
1077303408,-2,description,Carlos María Franzini,description,"""Argentinian bishop""","""Argentinian archbishop""",unrefinement,refinement
3747808,-2,description,Belize,description,"""a country in North America""","""a country in Central America""",property_value_update,property_value_update
1637314519,-2,description,Lions for Lambs,description,"""2007 thriller movie on the war in Afghanistan directed by Robert Redford""","""2007 film directed by Robert Redford""",unrefinement,unrefinement
530197577,-2,description,Real Madrid CF,description,"""Spanish association football club""","""Carcel de maxima seguridad""",property_value_update,property_value_update
2309231898,-2,description,Klingenberg,description,"""Russian nobel family""","""Russian noble family""",textual_change,textual_change
992043392,-2,description,Forest Green Rovers F.C.,description,"""English association football club""","""association football club in Nailsworth, England""",refinement,refinement
1879171568,-2,description,Jude Milhon,description,"""American hacker & author""","""American hacker and author""",textual_change,textual_change
1570549140,-2,description,waste treatment technologies,description,"""Technology of water treatment""","""types of solid waste treatment techniques employed in waste management infrastructure""",refinement,property_value_update
1354871666,5949,Q257634$cb024635-4702-484d-2bdb-058afc39b8b3,Geʽez script,Unicode range,"""U+1200-137F,U+1380-139F,U+2D80-2DDF,U+AB00-AB2F""","""U+1200-137F""",unrefinement,unrefinement
414812409,-2,description,Georgia,description,"""republic in Eastern Europe""","""republic in Europe / Asia""",property_value_update,property_value_update
496473035,-2,description,Denmark,description,"""Northern European Country""","""sovereign state and Scandinavian country in northern Europe""",refinement,refinement
302816920,-1,label,Natriuretic peptide B,label,"""natriuretic peptide B""","""Natriuretic peptides B""",textual_change,textual_change
35966881,-2,description,Moses,description,"""Jewish religious leader who lead his people out of slavery in Egypt to the promised land.""","""prophet wrote the Torah and lead Israelite people out of slavery in Egypt to the promised land""",refinement,refinement
2815558,-2,description,Barack Obama,description,"""current President of the United States of America""","""44th President of the United States of America""",property_value_update,property_value_update
2283316024,-2,description,Free Angela and All Political Prisoners,description,"""2013 film directed by Shola Lynch""","""2012 film directed by Shola Lynch""",property_value_update,property_value_update
260208822,-2,description,Johann Strauss II,description,"""Austrian composer""","""Austuriann composer""",textual_change,textual_change
2176750853,715,Q421894$E70D57FD-058C-4463-B402-5F4EEAFE64C0,Prussian blue,DrugBank ID,"""DB06783""","""06783""",unrefinement,unrefinement
1740695398,18,Q320296$C8B9C962-DEC9-4760-BD76-DB617F6CD2A1,"Arthur Wellesley, 2nd Duke of Wellington",image,"""Arthur Wellesley Vanity Fair 22 June 1872.jpg""","""Arthur Wellesley, 2nd Duke of Wellington.jpg""",property_value_update,property_value_update
1155344302,-2,description,Barnet F.C.,description,"""English association football club""","""association football club in Edgware, England""",refinement,refinement
96200261,409,Q167768$C049E1A6-1E90-4A93-9BC8-9A365F5B4FC0,William Makepeace Thackeray,Libraries Australia ID,"""000035544821""","""35544821""",unrefinement,unrefinement
1200156795,18,Q182276$ebdda0aa-4e9b-04c4-12d8-b399068a73ca,Benito Juárez,image,"""Benito Juarez (cropped).jpg""","""Benito Juarez 1.jpg""",property_value_update,property_value_update
218675203,-2,description,FC Barcelona,description,"""Spanish association football club""","""association football club in Barcelona, Spain""",refinement,refinement
1585759464,-1,label,Utebo,label,"""Utebo""","""Utebolo""",textual_change,textual_change
704478324,-2,description,Föhr,description,"""German Island""","""island in Germany""",refinement,refinement
710092375,18,Q113372$4A37BA28-9440-4E4F-B2A9-A3103F951846,"Frederick Bianchi, Duke of Casalanza",image,"""Vinzenz Ferrerius von Bianchi.jpg""","""Lithograph of Fedrigo Barone Bianchi.jpg""",property_value_update,property_value_update
349110748,-1,label,YSR district,label,"""Kapada""","""Kadapa""",textual_change,textual_change
673260733,-2,description,Sevilla FC,description,"""Spanish association football club""","""cerdos association football club""",property_value_update,property_value_update
1883477244,-2,description,Estelle Bernadotte,description,"""Wife of Count Folke Bernadotte (1904-1984)""","""American-Swedish countess""",property_value_update,"refinement, unrefinement"
12856435,-2,description,Modena,description,"""An italian city and commune""","""Italian comune""",refinement,"textual_change, refinement"
483162,-2,description,North Brabant,description,"""a province in the Netherlands""","""one of the twelve provinces of the Netherlands""",refinement,refinement
306019365,-2,description,Riverdance,description,"""single""","""Irish musical and dance production""",property_value_update,property_value_update
1301182201,-2,description,Saturnino Herrán Guinchard,description,"""Russian artist (1887-1918)""","""Mexican painter""",property_value_update,property_value_update
388622,-2,description,Zurich,description,"""Not the Capital city of Switzerland! Only the Capital city of the canton of Zurich""","""City in Switzerland and capitalof the canton of Zurich""",unrefinement,"textual_change, refinement"
1525589537,-2,description,Victor Vera,description,"""Paraguayanm influencer""","""Paraguayan influencer""",textual_change,textual_change
2126446387,-2,description,John Kelly,description,"""American politician in Minnesota (185_-1923)""","""American politician in Minnesota (1852-1923)""",refinement,textual_change
1320895129,-2,description,David Clark,description,"""Ship""","""British barque launched in 1816""",refinement,refinement
916122733,-2,description,Le Corbusier,description,"""French-Swiss architect, designer, urbanist, and writer""","""Swiss-French architect, designer, urbanist, and writer""",refinement,textual_change
69511719,-1,label,Zhenyuan County,label,"""Zhenyuan County, Guizhou""","""Zhenyuan County""",unrefinement,unrefinement
2320775120,-1,label,Aloys Geefs,label,"""Alois Geefs""","""Aloys Geefs""",textual_change,textual_change
1106856603,-2,description,Upper Peninsula of Michigan,description,"""Northern major peninsula of the US state of Michigan""","""northern major peninsula Michigan, United States""",unrefinement,textual_change
1128654134,4731,Q5105939$B70D67F1-EF42-4FB4-B966-8E8A12E0A85C,Chris Bosio,The Baseball Cube player ID,"""Chris-Bosio""","""9027""",property_value_update,property_value_update
1946640941,-2,description,Yazidis,description,"""ethno-religious group""","""religious group""",unrefinement,unrefinement
14410110,-2,description,Lyon,description,"""City in east-central France in the Rhône-Alpes region""","""city in the Rhône-Alpes region and second largest city in France""",refinement,refinement
543354407,-2,description,Air Astana,description,"""Flag Carrier of Kazhakstan""","""Flag Carrier of Kazakhstan""",textual_change,textual_change
276115938,-1,label,José de San Martín,label,"""José de San Martín""","""José de San Martínn""",textual_change,textual_change
449963538,-1,label,abduction,label,"""Abduction (kinesiology)""","""abduction""",unrefinement,unrefinement
2285133616,-2,description,Chip Berlet bibliography,description,"""biblography of works by American activist and author Chip Berlet""","""bibliography of works by American activist and author Chip Berlet""",textual_change,textual_change
1155737,-2,description,Erika Hess,description,"""alpine ski racer from Switzerland""","""Swiss alpine ski racer""",refinement,refinement
483859,-2,description,Don,description,"""A river in Russia""","""Russian river""",refinement,refinement
82334666,-2,description,C#,description,"""object-orientied programming language""","""object-oriented programming language""",textual_change,textual_change
815880597,18,Q122318$A5265C1F-FD32-403F-A9A2-696498633809,Paul Bernays,image,"""PaulBernays 1949 MFO.jpg""","""ETH-BIB-Bernays, Paul (1888-1977)-Portrait-Portr 00025.tif""",property_value_update,property_value_update
346342441,-1,label,Teucrium chamaedrys,label,"""Teucrium chamaedrys""","""wall germander""",property_value_update,property_value_update
1094795108,-2,description,Valencia CF,description,"""Spanish association football club""","""El de siempre""",property_value_update,property_value_update
1745492922,373,Q30339307$fef6ba72-4265-4ea8-2fae-cd1071606015,Liliane Tanguy,Commons category,"""Liliane Tanguy""","""Liliana Tanguy""",textual_change,textual_change
2117481246,242,Q17698$f53280df-4b1c-db38-3d7f-b46a43cf3b80,Villanova Monferrato,locator map image,"""Map of comune of Villanova Monferrato.jpg""","""Map of comune of Villanova Monferrato (province of Alessandria, region Piedmont, Italy).svg""",property_value_update,refinement
1156265923,-2,description,Cambridge United F.C.,description,"""English association football club""","""association football club in Cambridge, England""",refinement,refinement
342249910,-1,label,Zhijiang,label,"""Zhijiang, Hubei""","""Zhijiang""",unrefinement,unrefinement
1729225706,4159,Q261833$867559AF-7243-452F-B1B9-DC22440B8A20,Charlotte Aglaé d'Orléans,WeRelate person ID,"""Charlotte_Aglaé_d'Orléans_(1)""","""Charlotte_d'Orléans_(1)""",unrefinement,unrefinement
2063734702,242,q67432$7123C3A6-8907-4663-AF93-07FAEA8BFB68,Allmendingen bei Bern,locator map image,"""Karte Gemeinde Allmendingen 2013.png""","""Karte Gemeinde Allmendingen 2021.png""",property_value_update,textual_change
6432879,-2,description,Sakha,description,"""republic, a federal subject of Russia""","""federal subject of Russia, republic of Russia""",refinement,"refinement, unrefinement"
858790866,-2,description,Trachemys scripta,description,"""Pond slider""","""species of bird""",property_value_update,unrefinement
242339364,-2,description,Passalidae,description,"""family of beetles""","""family of insects""",unrefinement,unrefinement
709182,-2,description,Zurich,description,"""ity in Switzerland, capital of the canton of Zurich""","""city in Switzerland, capital of the canton of Zurich""",textual_change,textual_change
2334265085,94,Q408$503E59F2-EAE9-4A39-92BD-20ADD5F1F2F0,Australia,coat of arms image,"""Coat of arms of the Commonweatlh of Australia.svg""","""Coat of arms of the Commonwealth of Australia.svg""",textual_change,textual_change
1424757129,-1,label,Common Scoter,label,"""Common Scoterפ""","""Common ScoteR""",textual_change,textual_change
2193119867,-1,label,Algoma Compass,label,"""Adam E. Cornelius""","""IMO 7326245""",property_value_update,property_value_update
182502253,-2,description,(RS)-sibutramine,description,"""Sibutramina em português""","""oral anorexiant""",property_value_update,property_value_update
361091865,-2,description,Chris J. Leaver,description,"""Academic""","""Emeritus Professor of Plant Sciences at the University of Oxford""",refinement,refinement
1621933070,-2,description,Fietsenstalling Stationsplein (Utrecht),description,"""world's largest bicycle parking building in Utrecht, Netherlands""","""large bicycle parking building in Utrecht, Netherlands""",unrefinement,unrefinement
1602516043,-2,description,2022 Australian Grand Prix,description,"""Formula One race""","""Formula One motor race""",refinement,textual_change
1798771152,18,Q132280$E23AA080-EE0E-47CD-B7AB-DDD231514808,Seiji Maehara,image,"""Maehara Crop.jpg""","""Seiji Maehara 20221209teigen 1 (cropped 2).jpg""",property_value_update,property_value_update
1207806642,-2,description,Charles I. Abramson,description,"""researcher (ORCID 0000-0001-8961-3089)""","""American comparative psychologist""",property_value_update,property_value_update
876448073,-2,description,State University of Feira de Santana,description,"""university""","""public institution of higher education in Feira de Santana, Bahia, Brazil""",refinement,refinement
220822,-2,description,Ontario,description,"""Province in Canada""","""Province of Canada""",textual_change,textual_change
1554963222,-2,description,"November 6, 2001",description,"""date in Gregorian calendar""","""Gregorian calendar date""",refinement,textual_change
1563794762,-2,description,Samuel Lewis Hays,description,"""American politician and enslaver (1794-1871)""","""American politician (1794-1871)""",unrefinement,unrefinement
72445012,-1,label,county of Sweden,label,"""Countie of Sweden""","""County of Sweden""",textual_change,textual_change
2351023628,-2,description,Denise O'Brien,description,"""American anthropology professor (1938-2008)""","""American anthropology professor (193?-2008)""",unrefinement,refinement
316626289,-2,description,beta-binomial distribution,description,"""foundation""","""distribution""",property_value_update,property_value_update
1291932715,-2,description,post-apocalyptic fiction,description,"""sub-genre of science fiction taking place after the end of human civilization""","""genre of fiction""",unrefinement,property_value_update
2355027873,-2,description,Daisuke Fujihara,description,"""Japanese paralympic badminton player""","""Japanese para badminton player""",unrefinement,textual_change
503659378,-2,description,Alexandre Holroyd,description,"""Franch politician""","""French politician""",textual_change,textual_change
2151297922,94,Q268768$3524551e-4b9c-aa46-f347-ba3f1a30941e,Novyi Kalyniv,coat of arms image,"""Novyj kalyniv gerb.png""","""Coat of Arms of Novyi Kalyniv.svg""",property_value_update,property_value_update
544345677,-2,description,Prizren,description,"""City in Kosovo/Serbia""","""City in Kosovo""",unrefinement,property_value_update
234735984,-1,label,Psittaciformes,label,"""parrot""","""Psittaciformes""",refinement,property_value_update
1020371325,-2,description,twelve-tone technique,description,"""method of musical composition devised by Arnold Schönberg to ensure that all 12 notes of the chromatic scale are equally often, so that the music avoids being in a key""","""musical composition method using all 12 chromatic scale notes equally often & not in a key""",unrefinement,refinement
1594897910,-2,description,Birkenburn Reservoir,description,"""1830s (?) artificial freshwater lake in North Lanarkshire, Scotland, UK, outflows, via burns, to Banton Loch, the River Kelvin and the Forth and Clyde Canal""","""1830s (?) artificial freshwater lake in North Lanarkshire, Scotland, UK, outflows, via burns and lades, to Banton Loch, the River Kelvin and the Forth and Clyde Canal""",refinement,refinement
93376902,-1,label,Time of Vultures,label,"""Il tempo degli avvoltoi""","""Time of Vultures""",property_value_update,property_value_update
1047349055,2191,Q76296$93EFDA0E-282F-4727-82AF-6C97E10DCA7D,Ulrike Schweikert,Vegetti Catalog of Fantastic Literature NILF ID,"""NILF26668""","""26668""",unrefinement,unrefinement
751717213,-1,label,Stephen III of Moldavia,label,"""Stephen III of Moldavia""","""Stephen I of Moldavia""",property_value_update,property_value_update
1027085492,-2,description,necklace,,"""mathematical concept""","""an equivalence class of n-character strings over an alphabet of size k, taking all rotations as equivalent""",property_value_update,refinement
242366043,-2,description,Chaudhuria,description,"""genus of ray-finned fishes""","""genus of fishes""",unrefinement,unrefinement
480672078,-2,description,Mahmoud Ahmadinejad,description,"""sixth President of the Islamic Republic of Iran""","""6th President of the Islamic Republic of Iran""",textual_change,textual_change
482956,-2,description,Limburg,description,"""a province in the Netherlands""","""one of twelves provinces of the Netherlands""",refinement,refinement
1911201396,-2,description,Cave Bay,description,"""bight in Western Cape, South Africa""","""bay in Western Cape, South Africa""",property_value_update,refinement
2207255808,9331,Q94757$87eca61d-435b-d637-fb66-d6f0af2f4936,Castel Maggiore,Storiaememoriadibologna.it ID,"""3512-luogo""","""castel-maggiore-3512-luogo""",refinement,refinement
658934518,373,Q30349485$95b26b8b-4f0c-5e42-3b37-8a8b3e3ad04e,Self-portrait in brown frock coat.,Commons category,"""Self-portrait in the brown frock coat by Marcello Bacciarelli""","""Self-portrait in brown frock coat by Marcello Bacciarelli""",textual_change,textual_change
17619167,-2,description,Kansas,description,"""A state in the US Midwest""","""state in the midwest of the United States of America""",refinement,refinement
2173326173,-2,description,history of the Philippines (1946–1965),description,"""history of the Philippines covering its independence in 1946 until the end of Macapagal presidency in 1965""","""history of the Philippines covering its independence in 1946 until the end of Diosdado Macapagal presidency in 1965""",refinement,refinement
1575930063,-2,description,Marcos Santana,description,"""Aerican television executive""","""American television executive""",textual_change,textual_change
1599395102,-2,description,Russian fake news laws,description,"""Federal laws of Russian Federation""","""federal laws of Russia""",unrefinement,property_value_update
1181817485,-1,label,Dnestrovsc,label,"""Dnestrovsc""","""Dnestrovsk""",textual_change,textual_change
606730081,-2,description,Såten lighthouse,description,"""lighthouse in Västra Götaland County, Sweden""","""lighthouse in Sweden""",unrefinement,unrefinement
181088280,-2,description,FC Barcelona,description,"""Spanish association football club""","""tontos perdidos""",property_value_update,property_value_update
192129230,-1,label,Salaam,label,"""Salaam""","""Salam""",textual_change,textual_change
1326111353,-2,description,Gersem,description,"""politician""","""king of the Kingdom of Aksum""",refinement,property_value_update
944893087,-2,description,Latvia,description,"""republic in Northeastern Europe""","""republic in North Europe""",unrefinement,property_value_update
991125948,-2,description,Doncaster Rovers F.C.,description,"""English association football club""","""association football club in Doncaster, England""",refinement,refinement
991539181,-2,description,Crewe Alexandra F.C.,description,"""English association football club""","""association football club in Crewe, England""",refinement,refinement
611506628,-2,description,pylon station,description,"""metro station""","""a type of deep underground subway station.""",refinement,refinement
893079577,-1,label,timeline of World War II,label,"""timeline of World War II""","""timeline of World War III""",property_value_update,property_value_update
501466,-2,description,Tamil Nadu,description,"""a state in India""","""Indian state""",refinement,textual_change
345059755,-1,label,Bayonet Point,label,"""Bayonet Point, Florida""","""Bayonet Point""",unrefinement,unrefinement
1450303146,-2,description,12 Angry Men,description,"""1957 American drama film by Sidney Lumet""","""1957 drama film directed by Sidney Lumet""",refinement,refinement
1041723334,-2,description,Tony Hatch,description,"""British musician""","""English composer for musical theatre and television; noted songwriter, pianist, arranger and producer""",refinement,refinement
1913848308,4124,Q30349354$f1f0db17-49ea-b77b-db3b-948340f07e2d,Thomas Gassilloud,Who's Who in France biography ID,"""thomas-gassilloud_80358""","""80358""",unrefinement,unrefinement
1035856039,-2,description,Americas,description,"""landmass comprising the continents of North America and South America""","""Es bonita ta""",property_value_update,property_value_update
1393196284,18,Q328626$3C543A2A-79DA-481A-8E68-9E3763254767,Andrew Stunell,image,"""Andrew Stunell Official.jpg""","""Official portrait of Lord Stunell crop 2.jpg""",refinement,property_value_update
1662032569,-2,description,Deadlock,description,"""1970 West German spaghetti western directed by Roland Klick""","""1970 film directed by Roland Klick""",property_value_update,unrefinement
1777941181,-2,description,Rue Pierre Péquignat,description,"""street in Porrentruy, Jura, Switzerland""","""street in Porrentruy in the canton of Jura, Switzerland""",refinement,refinement
957133499,-2,description,Taiwan,description,"""state with limited recognition in East Asia""","""democratic republic in East Asia, with limited recognition""",refinement,refinement
994919021,-2,description,Sven Hugo Granvik,description,"""svedish zoologist""","""Swedish zoologist""",textual_change,textual_change
1829941707,-2,description,James Compton,description,"""American politician – Minnesota -Senate 1883-90 (District 43)""","""American politician (1840–1908) – Minnesota -Senate 1883-90 (District 43)""",refinement,refinement
1256337038,-2,description,Lidia Yermoshina,description,"""Belarusian politician""","""Belarusian political figure.""","unrefinement, textual_change",none
546722992,-2,description,Ämtlerwäg,description,"""local hiking trail in Switzerland""","""Ämtlerwag""",property_value_update,property_value_update
901811558,3553,Q256408$ffa44beb-4b29-fe27-2852-751195b0e642,era name,Zhihu topic ID,"""https://www.zhihu.com/topic/19695316""","""19695316""",unrefinement,property_value_update
687754671,-2,description,Villarreal CF,description,"""Spanish association football club""","""VILLAAillaassociation football club""",property_value_update,property_value_update
2249900171,-1,label,Evert Verhagen,label,"""Evert Alm Verhagen""","""Evert Verhagen""",unrefinement,refinement
478896884,-2,description,Diary of Anne Frank,description,"""Diary kept by Anne Frank""","""the various published editions of Anne Frank's diaries. For the manuscripts, use Q29571913""",refinement,property_value_update
2267694490,-2,description,aurora,description,"""natural light display that occurs in the sky, primarily at high latitudes (near the Arctic and Antarctic on Earth) or even on other planet""","""Natural light display that occurs in the sky, primarily at high latitudes (near the Arctic and Antarctic on Earth) or even on other planets.""",textual_change,textual_change
1284495761,-2,description,Kurandanus,description,"""genus of beetes""","""genus of beetles""",textual_change,textual_change
1593892030,-2,description,Venserpark,description,"""parc in Duivendrecht, the Netherlands""","""park in Duivendrecht, the Netherlands""",textual_change,textual_change
2259733647,6394,q16053$e9c2d577-4e6e-eeb2-212e-748eab6f736d,Melchior de Vogüé,ELNET ID,"""a11419702""","""11419702""",unrefinement,unrefinement
258888891,-2,description,Sevilla FC,description,"""Spanish association football club""","""Sevilla Fútbol Club""",property_value_update,property_value_update
1629179089,-2,description,Predator,description,"""1987 American-Mexican co-production science fiction film directed by John McTiernan""","""1987 film directed by John McTiernan""",unrefinement,unrefinement
785241511,-2,description,binary relation,description,"""any set of ordered pairs; (on a set A) collection of ordered pairs of elements of A, or subset of A x A; (between two sets A and B) collection of ordered pairs with first element in A and second element in B""","""any set of ordered pairs; (on a set A) collection of ordered pairs of elements of A, or subset of A × A; (between two sets A and B) collection of ordered pairs with first element in A and second element in B""",textual_change,textual_change
1001273069,-2,description,U.S. Route 71,description,"""highway in the United States""","""US highway that goes from Ontario, Canada to Louisiana, United States""",refinement,refinement
482806,-2,description,geography,description,"""The science that studies the lands, the features, the inhabitants, and the phenomena of the Earth""","""the study of the lands, features, inhabitants, and phenomena of the Earth""",refinement,textual_change
1824333211,-2,description,Frederick Henry Boardman,description,"""American politician – Minnesota -House 1883-84 (District 30)""","""American politician (1848–1914) – Minnesota -House 1883-84 (District 30)""",refinement,refinement
610944090,-2,description,Syriac,description,"""language""","""dialect of Middle Aramaic""",refinement,refinement
1084238791,18,Q447889$DE2DEF5E-C4B8-4CA0-A493-1FD713FB67A8,"Marie Anne de La Trémoille, princesse des Ursins",image,"""Marie Anne de La Trémoille, princesse des Ursins by an anonymous member of the École Française.jpg""","""Presumed portrait of Marie Anne de La Trémoille, Princesse des Ursins - Condé Museum.jpg""",property_value_update,textual_change
389000,-2,description,house cat,description,"""a domesticated feline""","""a domesticated species of feline""",refinement,refinement
2031076059,18,Q100506$A58076B6-6A2B-4C00-9445-FF339A07EB8B,Mina Tander,image,"""Mina Tander (cropped).jpg""","""Mina Tander Grimmepreis 2023 (cropped).jpg""",refinement,textual_change
220376130,214,q2982657$E6803041-9ECA-4A2F-83CE-86ED067E5491,Colin Stetson,VIAF cluster ID,"""171366093""","""41494967""",property_value_update,property_value_update
58339706,-1,label,289,label,"""280#289""","""289""",unrefinement,unrefinement
2259045648,-2,description,House of Ghiglieri,description,"""Italian noble familu""","""Italian noble family""",textual_change,textual_change
7190083,-2,description,William Shakespeare,description,"""British playwright and poet""","""English playwright and poet""",unrefinement,property_value_update
1284668159,-2,description,Baptiste Brévart,description,"""artiste""","""artist""",textual_change,textual_change
10558728,-2,description,snake,description,"""An elongate reptile""","""elongated reptile""",textual_change,textual_change
501546,-2,description,Benigno Aquino III,description,""" President of the Philippines""","""Phillippine politician and President""",refinement,refinement
2233953607,18,Q180224$7CEDA325-B2B9-489F-B113-57B719823B69,Lenny Kravitz,image,"""Lenny Kravitz by Gage Skidmore.jpg""","""Untold 2024 - Lenny Kravitz 14 (cropped).jpg""",property_value_update,property_value_update
239951250,-2,description,black-eyed pea,description,"""subspecies of plant, Black-eyed pea""","""subspecies of plant""",unrefinement,unrefinement
2036804732,-2,description,Motor Fabrikası railway station,description,"""a defunct railway station of Ankara, Turkey""","""a defunct railway station of Etimesgut, Ankara""",refinement,refinement
494544,-2,description,Kofi Annan,description,"""The seventh Secretary-General of the United Nations""","""7th Secretary-General of the United Nations""",textual_change,textual_change
1593252920,-2,description,Minister of Health,description,"""minister of the Gouvernement du Québec""","""minister of the executive council of Québec""",refinement,textual_change
1333198323,-2,description,Kosovo,description,"""country in Europe with partially recognized sovereignty""","""partially recognized country in southeastern Europe""",refinement,refinement
476092,-2,description,train,description,"""A connected series of rail vehicles propelled along a track to transport cargo or passengers""","""one or more self-propelled vehicles that move along fixed rails to transport passengers or cargo""",refinement,textual_change
5496869,-2,description,David Cameron,description,"""Prime Minsiter of the United Kingdom, First Lord of the Treasury, Minister for the Civil Service and Leader of the Conservative Party""","""Prime Minister of the United Kingdom, First Lord of the Treasury, Minister for the Civil Service and Leader of the Conservative Party""",textual_change,textual_change
1593631640,-2,description,,description,"""residential building in Bonn, Germany""","""residential building ensemble in Bonn, Germany""",refinement,refinement
584015200,-1,label,Jasenovac concentration camp,label,"""Jasenovac concentration camp""","""Jasenovac I concentration camp""",property_value_update,refinement
4229918,-2,description,New York City,description,"""a city in New York, US""","""a city in New York, USA""",textual_change,textual_change
188964373,-2,description,FC Barcelona,description,"""Spanish association football club""","""ASOSASION FÚTBOL CLUB BARCELNA""",property_value_update,property_value_update
2056959450,2013,Q175106$8e1efca4-4f23-5a90-a400-32f3f9fa04a7,Tim Hortons,Facebook username,"""TimHortonsUS""","""TimHortons""",unrefinement,unrefinement
2240168282,18,Q74182$4F1986EC-3624-4406-A967-100469F4EC15,Ursula Karven,image,"""MJK 60829 Ursula Karven (Hessischer Film- und Kinopreis 2019).jpg""","""Ursula Karven - 2018082195029 2018-03-23 Radio Regenbogen Award 2018 - Sven - 1D X MK II - 0792 - AK8I0523 (cropped).jpg""",property_value_update,property_value_update
271842838,-2,description,Merneptah,description,"""Egyptian pharoah""","""Egyptian pharaoh""",textual_change,textual_change
643289802,-2,description,Vigo di Fassa,description,"""Italian comune""","""fromer italian comune""",property_value_update,textual_change
1678150592,-2,description,Bosnia and Herzegovina,description,"""country in southeastern Europe""","""Country in Southeast Europe""",textual_change,textual_change
1646800326,94,Q256580$55BA59A0-49F2-49FD-9A41-CB26255EEB7C,Gian Gastone de' Medici,coat of arms image,"""Coat of arms of the Grand Duchy of Tuscany (1562-1737) - type 2.svg""","""Coat of Arms of the Grand duchy of Tuscany.svg""",unrefinement,textual_change
1444389228,-2,description,Bernhard Karl von Koehne,description,"""Russian numismaticist""","""Russian numismatist""",textual_change,textual_change
20297963,-1,label,Joan Beaufort,label,"""Joan Beaufort, Queen of Scots""","""Joan Beaufort""",unrefinement,unrefinement
182353509,-1,label,Ahmad Zahir,label,"""Ahmad Zahir""","""Ahmad Zahirrr""",textual_change,textual_change
1935464538,-2,description,Bilingual education policy as political spectacle: educating Latino immigrant youth in New York City,description,"""scientific article published on 07 March 2011""","""scientific article published on 7 March 2011""",textual_change,textual_change
1401815411,-2,description,Vikki Carr,description,"""American recording artist; singer, actress""","""Mexican-American recording artist; singer, actress""",refinement,refinement
1879139326,-2,description,ω-meson,description,"""type of quantum particle""","""flavorless vector meson formed from a superposition of an up quark–antiquark and a down quark–antiquark pair""",property_value_update,refinement
1503997485,-1,label,Teign-E-Ver Clapper Bridge,,"""pareja""","""Teign-E-Ver Clapper Bridge""",property_value_update,property_value_update
1984,-2,description,France,description,"""European country""","""A country in Europe.""",refinement,textual_change
2306837382,-2,description,SuGuoXian Memorial Park,description,"""A memorial park in Gongliao District, New Taipei, Taiwan.""","""memorial park in Gongliao District, New Taipei, Taiwan""",textual_change,textual_change
21832222,-2,description,Nebraska,description,"""A state in the US Midwest""","""state of the United States of America""",unrefinement,unrefinement
236809259,-2,description,California,description,"""state of the United States of America""","""state of California, United States""",refinement,refinement
1667352435,-2,description,genetic disease,description,"""disease that has material basis in genetic variations in the human genome""","""Health problem caused by one or more abnormalities in the genome""",refinement,refinement
1833781473,-2,description,Americas,description,"""landmass comprising the continents of North America and South America""","""North America and South America taken together as a single continent or landmass""",refinement,refinement
2279881809,-1,label,collapse therapy,,"""artificial pneumothorax""","""collapse therapy""",property_value_update,property_value_update
969784195,-2,description,medical jurisprudence,description,"""branch of medicine that deals with application of medical knowledge to aid in the administration and furthering of justice.""","""field of medicine that involves collection and analysis of medical evidence to produce objective information for use in the legal system""",refinement,refinement
92570290,-2,description,Court of Patent Appeals,description,"""Special court, Sweden""","""Swedish special court""",refinement,textual_change
998194626,-2,description,Caroline Guiela Nguyen,description,"""French playqright and theatre director""","""French playright and theatre director""",textual_change,textual_change
9395432,-2,description,Hamburg,description,"""German city""","""city and state in Germany""",refinement,refinement
231044531,646,Q212564$18A71534-9988-4C90-B7B6-03699ABBB448,Colombia men's national football team,Freebase ID,"""/m/032c08255""","""/m/032c08""",unrefinement,unrefinement
376942,-1,label,list of castles in Portugal by region,label,"""List of castles in Portugal by regio""","""List of castles in Portugal by region""",textual_change,textual_change
1484610172,-2,description,Villarreal CF,description,"""Spanish association football club""","""football club based in Vila-real, Spain""",refinement,refinement
242537508,-2,description,Iberodorcadion fuliginator,description,"""species of beetle""","""species of insect""",unrefinement,unrefinement
207864903,-2,description,Bron,description,"""French commune""","""commune in Rhône, France""",refinement,refinement
457152425,-2,description,York City F.C.,description,"""English association football club""","""professional association football club based in the city of York, North Yorkshire, England""",refinement,refinement
1733008052,-2,description,Törners fireworks laboratory,description,"""company for making fireworks""","""factory for making fireworks""",refinement,textual_change
189597139,-2,description,Madonna,description,"""singer, songwriter, and actress from the USA""","""American singer, songwriter, and actress""",refinement,textual_change
8063294,-2,description,Santiago,description,"""Capital of Chile""","""capital city of Chile""","textual_change, refinement","textual_change, refinement"
1047379725,2191,Q313673$16D3B426-73FC-4812-AB14-89EFDF67E801,John Wyndham,Vegetti Catalog of Fantastic Literature NILF ID,"""NILF15772""","""15772""",unrefinement,"textual_change, unrefinement"
1105387371,-2,description,The Jezabels,description,"""Austalian rock band""","""Australian rock band""",textual_change,textual_change
271842758,-2,description,Smendes,description,"""Egyptian Pharoah""","""Egyptian Pharaoh""",textual_change,textual_change
345066093,-1,label,Oldwick,label,"""Oldwick, New Jersey""","""Oldwick""",unrefinement,unrefinement
16332362,-2,description,1,description,"""represents a single entity""","""number representing a single entity""",refinement,refinement
1087640366,742,Q9364$9cd2f77e-4b19-ebb7-5f1f-71d17c0c93cd,Jean-Paul Sartre,pseudonym,"""Jacques Guillemin""","""Jacques Guillemi""",textual_change,textual_change
1881941697,2002,Q372599$3d71bcbd-49ff-304b-fc33-926720e6c288,Sivasspor,X (Twitter) username,"""SivassporKulubu""","""Sivasspor""",unrefinement,unrefinement
1593665447,-2,description,libation cup,description,"""A container used to hold and or pour a liquid in honour of a deity.""","""container used to hold and or pour a liquid in honour of a deity""",textual_change,textual_change
1312048917,-2,description,Tim Lowe,description,"""British naval officere""","""British naval officer""",textual_change,textual_change
199642681,-1,label,blood diamond,label,"""Sodapoppin's bum""","""blood diamond""",property_value_update,property_value_update
534048649,-2,description,Philippine Standard Time,description,"""zone time""","""time zone""",refinement,textual_change
2259768905,6394,q354828$1fcd0d80-44a8-0902-c62f-5093884386f6,Victorien Sardou,ELNET ID,"""a11781142""","""11781142""",unrefinement,unrefinement
6089705,-2,description,Indianapolis Motor Speedway,description,"""motorsport track un the United States""","""motorsport track in the United States""",textual_change,textual_change
1988408461,18,Q51820$6E8308C0-4D74-42D4-8090-FBF5B519A7C7,Cassano delle Murge,image,"""Santa Maria degli Angeli, church in Cassano delle Murge, Italy.jpg""","""Cassano delle Murge (vista panoramica).jpg""",property_value_update,property_value_update
483796,-2,description,Saarland,description,"""German State""","""a state of Germany""",refinement,property_value_update
1426191354,-2,description,Chhedilal,description,"""Indian politican""","""Indian politician""",textual_change,textual_change
1824329556,-2,description,Cassius M. Buck,description,"""American politician – Minnesota -- \""C.M.\"" Senate 1903-06 (District 28)""","""American politician (1858–1914) – Minnesota – Senate 1903-06 (District 28)""",refinement,refinement
306344996,-2,description,Alsace,description,"""region and former province of France""","""former region and province of France""",refinement,textual_change
1159062614,18,q275345$2DCB4BB7-E073-4CC8-9E39-741B77653F1C,Lantenay,image,"""Mairie Lantenay.JPG""","""Église Assomption Lantenay Ain 4.jpg""",property_value_update,property_value_update
483843,-2,description,Idaho,description,"""A state in the northwest of the USA""","""a state in the North-West of the United States""",textual_change,"textual_change, refinement"
38800789,-2,description,Alaska,description,"""state in the North-Western USA""","""state in the United States""",unrefinement,unrefinement
377794450,-1,label,fungi,label,"""fungi""","""fungus""",property_value_update,textual_change
1550993247,-2,description,Michael Apted,description,"""English film director""","""British television and film director and producer (1941–2021)""","refinement, unrefinement",refinement
1278533165,-2,description,Lucius Papirius Cursor,description,"""Roman noble, general and statesman""","""Roman statesman, five time consul between 326 and 313 BC""","refinement, unrefinement",refinement
1825535041,-2,description,Samuel Emery Adams,description,"""American politician – Minnesota -Senate 1857-60 (District 19)""","""American politician (1828–1912) – Minnesota -Senate 1857-60 (District 19)""",refinement,refinement
1831078434,-2,description,William R. Estes,description,"""American politician – Minnesota -- \""Wm. R.\"" House 1887-90 (District 8)""","""American politician (1852–1905) – Minnesota – House 1887-90 (District 8)""","refinement, unrefinement",refinement
2158838640,-1,label,Katrina Kaif,label,"""Katrina Kaiftulutulu""","""Katrina Kaif""",property_value_update,textual_change
2174915940,-1,label,Fiona Graham,label,"""Fiona Caroline Graham""","""Fiona Graham""",unrefinement,unrefinement
1100242429,-2,description,Abu-l-Hassan Rashid,description,"""Andalusian poet""","""Andalusi poet""",textual_change,textual_change
2030308571,158,Q1208553$BCD37261-95B7-4C61-969A-1A24ACF9F4D5,Tatsugo,seal image,"""Emblem of Tatsugo, Kagoshima.jpg""","""Emblem of Tatsugo, Kagoshima.svg""",property_value_update,textual_change
634142331,-2,description,Patrick Geoffray,description,"""French officizl""","""French official""",textual_change,textual_change
1403,-2,description,Indonesia,description,"""country in Southeast Asia and Oceania, on archipelago of 17508 islands""","""country in Southeast Asia and Oceania, on an archipelago comprising 17508 islands""",textual_change,textual_change
1836387815,-2,description,Zhuanxu,description,"""legendary ancient Chinese tribal leader and culture hero, supposedly the grandson of the Yellow Emperor""","""Legendary ancient Chinese emperor""",property_value_update,unrefinement
534210650,-2,description,Real Madrid CF,description,"""Spanish association football club""","""Liga Mexico""",property_value_update,property_value_update
945301962,-2,description,Skagerrak,description,"""sea between Denmark, Norway and Sweden connecting the North Sea and the Kattegat sea area""","""sea between Denmark, Norway and Sweden connecting the North Sea and the Kattegatt sea area""",textual_change,textual_change
1828928930,-2,description,John E. Holmberg,description,"""American politician – Minnesota -House 1893-94 (District 32)""","""Swedish-American politician (1850–1917) – Minnesota -House 1893-94 (District 32)""",refinement,refinement
388995,-2,description,dog,description,"""Pet, member of the Canidae family.""","""species of the Canidæ family, frequently kept as a pet""",refinement,refinement
2096440456,-2,description,Grenzstraße,description,"""street in Solingen""","""street in Solingen, Germany""",refinement,refinement
378023923,856,Q150138$7ECCD328-945C-4809-949E-F396AE5722CD,Boston Society of Film Critics,official website,"""http://www.thebsfc.org/""","""http://www.bostonfilmcritics.org/""",property_value_update,property_value_update
1891257008,373,q298019$B81ED556-1224-4415-AA1E-98D7366B627C,Advanced Spaceborne Thermal Emission and Reflection Radiometer,Commons category,"""Photos by ASTER""","""Category:Advanced Spaceborne Thermal Emission and Reflection Radiometer (ASTER)""",property_value_update,property_value_update
995844297,-1,label,Kenny Travouillon,label,"""Kenny J. Travouillon""","""Kenny Travouillon""",unrefinement,textual_change
992248262,18,Q8385$a1a6e1fe-4bb9-8334-cbf5-c55eba80594c,Ostrava,image,"""Ostrava, 30. dubna.jpg""","""Katedrála Božského Spasitele, Nová Karolina a Dolní oblast Vítkovic, pohled z Nové radnice, srpen 2011.jpg""",property_value_update,property_value_update
704675443,-2,description,Recreativo de Huelva,description,"""Spanish association football club""","""Spanish football club""",unrefinement,unrefinement
71495406,-1,label,La Celle,label,"""La Celle, Cher""","""La Celle""",unrefinement,unrefinement
986876792,-2,description,Dai Young,description,"""Welsh dual-code rugby player""","""Welsh rugby union and rugby league footballer, and rugby union coach and administrator""",refinement,refinement
1503486724,-2,description,fur,description,"""soft, thick, hairy coat of a mammal removed from the mammal""","""thick growth of hair that covers the skin of many different animals, particularly mammals""",property_value_update,refinement
109324687,-2,description,Museo del Prado,description,"""fortuny""","""Spanish national art museum""",property_value_update,property_value_update
16309782,-2,description,December,description,"""twelveth month in the Julian and Gregorian calendars""","""twelfth month in the Julian and Gregorian calendars""",textual_change,textual_change
1649820853,-2,description,plaques of the fallen in Castelfiorentino,description,"""the tombstone commemorates the civilians and soldiers who fell in the 1940-1945 war""","""plaques commemorating the civilians and soldiers who fell in the 1940-1945 war""",refinement,property_value_update
1226867455,18,Q11788$1E6ECDB1-D102-4D80-8A56-8806C122AE1C,Ursidae,image,"""UrlShortener.pdf""","""European Brown Bear.jpg""",property_value_update,property_value_update
253598522,-2,description,Sevilla FC,description,"""Spanish association football club""","""viva el betis""",property_value_update,property_value_update
142933258,-1,label,Upham,label,"""Upham, Hampshire""","""Upham""",unrefinement,unrefinement
1602629130,-2,description,2022 Australian Grand Prix,description,"""Formula One motor event""","""Formula One motor race""",refinement,refinement
199633060,-1,label,centriole,label,"""Centriolo""","""Centriole""",textual_change,textual_change
1571555884,6744,Q158085$2CECBB5B-BB05-4693-BE0E-36F613237745,Max Planck Society,FragDenStaat public body ID,"""max-planck-gesellschaft-zur-forderung-der-wissenschaften-ev""","""764""",property_value_update,property_value_update
1482861723,-2,description,Hymne à l'amour,description,"""1950 song by Édith Piaf""","""original song composed by Marguerite Monnot, lyrics by Édith Piaf""",refinement,refinement
263847456,-2,description,Georgia,description,"""country in Europe / Asia""","""country in Eastern Europe""",property_value_update,refinement
1593464343,-2,description,Anakajans Interpreting for Oratam and Peter Stuyvesant,description,"""1935 WPA mural""","""1936 WPA mural""",property_value_update,property_value_update
264672202,-2,description,Henryk Józef Nowacki,description,"""human""","""german priest""",refinement,refinement
1328972688,-1,label,Margaret Johnson,,"""IMO 6929258""","""Margaret Johnson""",property_value_update,property_value_update
1850582499,-2,description,Barbie universe,description,"""narrative universe of the the Barbie fashion doll lines and associated media franchise manufactured by the American toy company Mattel, Inc.""","""narrative universe of the Barbie fashion doll lines and associated media franchise manufactured by the American toy company Mattel, Inc.""",textual_change,none
1593108860,-2,description,"Collision at Black Horse Drove Crossing, near Littleport, Cambridgeshire 19 October 2005",description,"""ail accident investigation report""","""rail accident investigation report""",textual_change,textual_change
313599384,-2,description,Eva Darlan,description,"""French actor""","""French actress""",property_value_update,property_value_update
964006208,214,Q26440421$4D36BCC0-9EA8-4C75-BA09-D3EF5091414E,Gerardo Esquivel Hernández,VIAF cluster ID,"""199024820""","""69844297""",property_value_update,property_value_update
1276146058,-1,label,age of criminal responsibility,label,"""defense of infancy""","""age of criminal responsibility""",property_value_update,property_value_update
2043033674,18,Q261448$1D673459-438F-4FBF-B1DC-64C3FAE81572,Fritzi Burger,image,"""Verdensmesterkapet i Kunstløp (1929) (14378550858).jpg""","""1928 Fritzi Burger Retouched.jpg""",property_value_update,property_value_update
163309823,-2,description,Padua,description,"""Italian city""","""city in Veneto, Italy""",refinement,refinement
1820690609,-2,description,Edwin Graham Potter,description,"""American politician – Minnesota -Senate 1895-98 (District 31); Senate 1899-1902 (District 40)""","""American politician (1852–1926) – Minnesota -Senate 1895-98 (District 31); Senate 1899-1902 (District 40)""",refinement,refinement
440070502,-2,description,Robert Green,description,"""English professional footballer""","""English footballer""",unrefinement,unrefinement
1593260977,-2,description,Banton Loch,description,"""reservoir in Noerth Lanarkshire, Scotland, UK""","""reservoir in North Lanarkshire, Scotland, UK""",textual_change,textual_change
459494839,-2,description,Atlético de Madrid,description,"""Spanish association football club""","""Lfp""",property_value_update,property_value_update
1512350378,9981,Q240576$AE7D86B8-1C91-4F24-8FD8-645A77423D16,Edmondo de Amicis,L'Unificazione ID,"""edmondo-de-amicis_(L'Unificazione)""","""edmondo-de-amicis""",unrefinement,unrefinement
1284088390,-2,description,Star Records,description,"""Ditch record label""","""Dutch record label""",textual_change,textual_change
1358284360,-2,description,Michael Ironside,description,"""Canadian actor, producer, screenwriter, director, editor and playwright""","""Canadian voice, film and television actor""",property_value_update,refinement
14662054,-2,description,Bern,description,"""Capital city of Switzerland and main city of canton Bern, Switzerland""","""capital of Switzerland and the canton of Bern""",unrefinement,"textual_change, refinement"
1280548043,234,Q422067$65462EAE-4E15-47CB-86B6-9B8379DC7A99,lutein,InChI,"""1S/C40H56O2/c1-29(17-13-19-31(3)21-23-37-33(5)25-35(41)27-39(37,7)8)15-11-12-16-30(2)18-14-20-32(4)22-24-38-34(6)26-36(42)28-40(38,9)10/h11-25,35-37,41-42H,26-28H2,1-10H3/b12-11+,17-13+,18-14+,23-21+,24-22+,29-15+,30-16+,31-19+,32-20+/t35-,36+,37-/m0/s1""","""InChI=1S/C40H56O2/c1-29(17-13-19-31(3)21-23-37-33(5)25-35(41)27-39(37,7)8)15-11-12-16-30(2)18-14-20-32(4)22-24-38-34(6)26-36(42)28-40(38,9)10/h11-25,35-37,41-42H,26-28H2,1-10H3/b12-11+,17-13+,18-14+,23-21+,24-22+,29-15+,30-16+,31-19+,32-20+/t35-,36+,37-/m0/s1""",refinement,textual_change
1949576019,528,Q1501$64d83af5-45ce-a7c4-28e0-b05dfc79c93c,swimming pool,catalog code,"""10""","""1""",property_value_update,property_value_update
1114251,-2,description,Advanced Composition Explorer,description,"""NASA scientific satelite""","""NASA scientific satellite""",textual_change,textual_change
2176633730,715,Q263713$3B6BA631-97C8-4FD0-8E73-C8C5578206F6,nevirapine,DrugBank ID,"""DB00238""","""00238""",unrefinement,property_value_update
7566110,-2,description,Wikipedia:Lua requests,description,"""Requests for convertint templates to Lua""","""Requests for converting templates to Lua""",textual_change,textual_change
91497353,-1,label,Ville-Marie,label,"""Ville-Marie, Montreal""","""Ville-Marie""",unrefinement,unrefinement
3242,-2,description,waffle,description,"""food, typically eaten at breakfast""","""A type of food typically eaten during breakfast.""","textual_change, refinement",refinement
535119339,-2,description,star,description,"""sphere of plasma held together by gravity, undergrowing fusion""","""sphere of plasma held together by gravity, undergoing fusion""",textual_change,textual_change
2259745524,6394,q78914$6e7b52ac-4349-d38e-3ac3-65ffc8411a4f,Alfred von Domaszewski,ELNET ID,"""a11446407""","""11446407""",unrefinement,unrefinement
383621389,-2,description,Wasabi Mizuta,description,"""Japanese voice actress""","""Japanese actress and voice actress""",refinement,refinement
998207962,1618,Q244363$284573F2-AE15-4DDF-8551-30C48C37B551,Miguel Veloso,sport number,"""44""","""4""",property_value_update,unrefinement
1414361153,-2,description,Tonlé Sap,description,"""combined lake and river system in Cambodia""","""lake in Cambodia""",unrefinement,unrefinement
1866997839,-2,description,Ōyamato Shrine,description,"""Shinto shrine in Nara Prefecture, Japan""","""Shinto shrine in Japan""",unrefinement,unrefinement
2121549992,867,Q2982702$5FB91060-3CF3-4B6F-8B5C-D4287E33F125,,ROME Occupation Code,"""F1104""","""12702""",property_value_update,property_value_update
6883123,-2,description,Azerbaijan,description,"""a country in Europe / Asia""","""country in Western Asia and Eastern Europe""",refinement,refinement
741181511,-2,description,Sevilla FC,description,"""Spanish association football club""","""Spanish association football puticlub""",refinement,textual_change
240028215,-2,description,Deutzia ningpoensis,description,"""species of vascular plant""","""species of plant""",unrefinement,unrefinement
2176730565,715,Q407411$3E92AFBE-24DC-430E-B4C2-1C3DA22FEDB1,2-phenethylamine,DrugBank ID,"""DB04325""","""04325""",unrefinement,unrefinement
1195419034,242,Q277201$817440F8-A07E-43CC-9E7F-AF086870E794,Tizi Ouzou,locator map image,"""Dz - Tizi Ouzou (Wilaya de Tizi-Ouzou) location map.svg""","""DZ 15 Tizi Ouzou.svg""",property_value_update,none
239676756,-1,label,traditional folk music,label,"""traditional folk music""","""traditional music""",unrefinement,unrefinement
678516531,-1,label,Borbeck-Mitte,label,"""Essen-Borbeck-Mitte""","""Borbeck-Mitte""",unrefinement,unrefinement
3964488,-2,description,United Kingdom,description,"""Country on islands to the North-West of Europe""","""island country in North-West Europe""",refinement,"textual_change, refinement"
659904062,242,Q5785$971B20A5-409D-44BE-8A1D-33DC847767CC,Cayman Islands,locator map image,"""LocationCaymanIslands.png""","""Cayman Islands in its region.svg""",property_value_update,property_value_update
1602590544,-2,description,2022 Australian Grand Prix,description,"""Formula One motor race""","""Formula One motor event""",unrefinement,unrefinement
1593476627,-2,description,Modes Of Communication: Letters From The Underworlds,description,"""solo piano jazz album by Nduduzo Makhathini, released on Blue Notes Records in 2020""","""solo piano jazz album by Nduduzo Makhathini, released on Blue Note Records in 2020""",textual_change,textual_change
1274167519,-2,description,Sporting San Miguelito,description,"""Panamanian football te""","""Panamanian football team""",textual_change,textual_change
711576918,-2,description,Federal Statistical Office,description,"""statistical office of Switzerland""","""Switzerland's principal government institution in charge of statistics and census data""",refinement,refinement
574269665,-1,label,George of the Jungle,label,"""George of the Jungle""","""George of the Ju""",textual_change,unrefinement
1047393385,2191,Q448421$4D87F58E-1995-4508-9CDB-307B6D40C56E,Celia Rees,Vegetti Catalog of Fantastic Literature NILF ID,"""NILF24780""","""24780""",unrefinement,unrefinement
24823719,-2,description,caryophyllene,description,"""bicyclic sesquiterpene""","""cyclic sesquiterpene""",unrefinement,unrefinement
39335201,373,q217401$DA9C9118-43E4-4F9D-8248-867FD187CE98,Someș River,Commons category,"""Someş River""","""Someș River""",textual_change,textual_change
1053213975,856,Q454994$7E236C5E-B424-4883-B7D2-9DDA689287B9,Coco Jones,official website,"""http://cocosings.com/""","""https://therealcocojones.com/""",property_value_update,property_value_update
709180,-2,description,Zurich,description,"""City in Switzerland, capital of the canton of Zurich""","""ity in Switzerland, capital of the canton of Zurich""",textual_change,textual_change
2213321438,-1,label,right-wing extremism,label,"""far-right""","""right-wing extremism""",property_value_update,property_value_update
1493596358,-2,description,Semarang,description,"""regency of Central Java Province, Indonesia""","""regency in Central Java, Indonesia""",unrefinement,textual_change
68703858,-1,label,mukim of Brunei Darussalam,label,"""Mukims of Brunei""","""mukim of Brunei""",textual_change,textual_change
186139440,1614,Q258151$E9EF80F6-88FB-4924-A63B-E050895FBEA3,Henry Drummond,History of Parliament ID,"""volume/1790-1820/member/drummond-henry-ii-1786-1860""","""1790-1820/member/drummond-henry-ii-1786-1860""",unrefinement,textual_change
2259755726,6394,q182870$c37a1e33-41e9-d5aa-f6b2-3ee9bdfe151e,Mario Puzo,ELNET ID,"""a12197579""","""12197579""",unrefinement,textual_change
1882057881,-1,label,Francisco Boix,label,"""Francisco Boix""","""Francesc Boix""",textual_change,textual_change
1777848946,-2,description,Place Blarer de Wartensee,description,"""square in Porrentruy, Jura, Switzerland""","""square in Porrentruy in the canton of Jura, Switzerland""",refinement,refinement
520655248,-2,description,Real Madrid CF,description,"""Spanish association football club""","""Madariaga association football club""",property_value_update,refinement
974825111,18,Q317169$0234BF5E-C6BA-4FF2-833B-716EA13196AA,Edward Maya,image,"""Edward Maya (2014).jpg""","""Eldar Mansurov & Edward Maya (Romania) (cropped).jpg""",property_value_update,property_value_update
748186874,-2,description,Gujarati,description,"""one of the official languages of India,talked in gujarath""","""one of the official languages of India, primarily spoken in Gujarat state""","textual_change, refinement","textual_change, refinement"
847771836,-2,description,Activision Publishing,description,"""American computer- and video game publisher""","""American video game publisher""",unrefinement,unrefinement
147191995,-2,description,Kaj Andersen,description,"""Danish athlet and badminton player""","""Danish athlete and badminton player""",textual_change,textual_change
1128834888,4731,Q5105863$2799C4F8-A388-4410-88B6-D182D967F44A,Chris Beasley,The Baseball Cube player ID,"""chris-beasley""","""8622""",property_value_update,property_value_update
796286117,-2,description,Anisoptera,description,"""Gsuborder of insects""","""suborder of insects""",textual_change,textual_change
53100407,-2,description,European Union,description,"""union of 27 states mostly located in Europe""","""economic and political union of states mostly located in Europe""","refinement, unrefinement","refinement, unrefinement"
313762020,-2,description,Karla Monroig,description,"""Puerto Rican actor""","""Puerto Rican actress""",property_value_update,property_value_update
2259746922,6394,q87015$cccbeac8-4d5a-5f7c-50b8-c52581e9aa0c,Alexander Litvinenko,ELNET ID,"""a11767479""","""11767479""",unrefinement,unrefinement
992133645,-2,description,shōjo,description,"""manga aimed at a teenage female target-demographic readership""","""manga aimed at a teenage female readership""",unrefinement,unrefinement
2252731380,-2,description,Secretary of State for La Francophonie,description,"""French govenrment position""","""French government position""",textual_change,textual_change
1154624015,-2,description,Nation Military College,,"""school of officers of the Argentine Army""","""military academy""",unrefinement,unrefinement
1158315218,1670,Q128626$07AFC273-55A3-42D5-89B1-BE67DE6285CD,Louis St. Laurent,Canadiana Authorities ID (former scheme),"""1013F0122F""","""1013F0122""",unrefinement,unrefinement
418394338,-2,description,Education,description,"""functional constituency on Hong Kong""","""functional constituency of Hong Kong""",textual_change,textual_change
819713465,373,q156825$8868CD23-E086-4D47-B893-35AD691B1606,Sheptytskyi,Commons category,"""Chervonograd""","""Chervonohrad""",textual_change,textual_change
286727634,-2,description,Louis Boehmer,description,"""Goreign advisor to Japan""","""foreign advisor to Japan""",textual_change,textual_change
754782364,-1,label,iRacing,label,"""IRacing.com""","""iRacing""","textual_change, unrefinement",textual_change
1287752937,5327,Q68054$b2063c57-4576-0190-aa5c-641f068c6843,Gudrun Landgrebe,fernsehserien.de ID,"""gudrun-landgrebe""","""gudrun-landgrebe/filmografie""",refinement,refinement
440769119,373,q405468$6F4137DC-AA10-4F49-B405-F3E657D08FCA,grole,Commons category,"""Grolle""","""Coppa dell'amicizia""",property_value_update,property_value_update
1821151976,-2,description,Henry George Hicks,description,"""American politician – Minnesota -- \""H.G.\"" House 1878-82 (District 26); House 1883-84 (District 29); House 1897-98 (District 32); House 1907-08 (District 41)""","""American politician (1838–1912) – Minnesota – House 1878-82 (District 26); House 1883-84 (District 29); House 1897-98 (District 32); House 1907-08 (District 41)""","refinement, unrefinement",refinement
1942570393,-2,description,Prince of Wales,description,"""British and Welsh royal family title""","""royal title held by the heir to the British (previously the English) throne, and prior to that by Welsh princes""",refinement,refinement
1646028909,-2,description,gums,description,"""mucosal tissue that lies over the mandible and maxilla inside the mouth""","""Human mouth anatomy""",property_value_update,unrefinement
1756536263,-2,description,Wikidata,description,"""free knowledge database hosted by Wikimedia and edited by volunteers""","""free knowledge base hosted by Wikimedia and edited by volunteers""",unrefinement,textual_change
1506879648,-2,description,adipose fin,description,"""the second fin behind a dorsal fin on a fish""","""the fin located after the dorsal fin(s) and before the caudal fin a.k.a. tail fin on some fish""",refinement,refinement
2001936948,3083,Q92900124$52A49D61-14C5-487F-AC63-8C1DB02CC1F8,[EDG2007] 387,SIMBAD ID,"""[EDG2007] 387""","""SDSS J130008.39+275716.7""",property_value_update,property_value_update
1735831163,-2,description,Gladys Flávia de Albuquerque Melo-de-Pinna,,"""researcher (ORCID 0000-0003-4924-8755)""","""botanist and university teacher""",refinement,"refinement, unrefinement"
612323750,242,q40412$6B22C54E-7C97-43A5-89CE-6623A79C780E,Farra d'Alpago,locator map image,"""Map of comune of Farra d'Alpago (province of Belluno, region Veneto, Italy).svg""","""Map of ex-comune of Farra d'Alpago (province of Belluno, region Veneto, Italy).svg""",refinement,"textual_change, refinement"
1285387835,-1,label,Niedersachsenstadion,label,"""HDI-Arena""","""Niedersachsenstadion""",property_value_update,property_value_update
990689935,-2,description,Real Sociedad,description,"""Spanish association football club""","""Football Club located in San Sebastián, Spain""",refinement,refinement
2327592304,242,Q301179$BF63EC51-E586-4247-B036-8A7388459981,Vinni Rural Municipality,locator map image,"""Vinni vald 2017.png""","""Eesti Vinni vald 2017.svg""",property_value_update,textual_change
482395,-2,description,Stuttgart,description,"""The capital of the German state Baden-Württemberg""","""Germany city and capital of the state of Baden-Württemberg""",refinement,refinement
182694511,-1,label,sperm whale,label,"""sperm whale""","""Physeter macrocephalus""",property_value_update,refinement
1471763855,-2,description,United Rugby Championship,description,"""Annual European rugby union competition""","""Annual rugby union competition in Europe and South Africa""",refinement,refinement
115806878,-1,label,cynicism,label,"""Cynicism (contemporary)""","""cynicism""","textual_change, unrefinement",textual_change
2337690668,-2,description,Boosbeck,description,"""village in United Kingdom""","""village in North Yorkshire, England, UK""",refinement,refinement
1419073218,3083,Q92899924$6ADA5AA1-EBF7-479C-9476-63F785B85295,TYC 8957-530-1,SIMBAD ID,"""TYC 8957-530-1""","""CPD-60 1996""",property_value_update,property_value_update
197559059,-1,label,Petersdorf,label,"""Petersdorf, Bavaria""","""Petersdorf""",unrefinement,unrefinement
1600139535,-2,description,2022 Australian Grand Prix,description,"""scheduled round of the 2022 Formula One season""","""Third round of the 2022 Formula One season""",property_value_update,refinement
1523368865,-2,description,Chmelařství družstvo Žatec,description,"""Czech compayn""","""Czech company""",textual_change,textual_change
1314493448,-2,description,Safaa Kumari,description,"""Syrian born researcher - plant virologist""","""Syrian born plant virologist""",unrefinement,refinement
176322879,18,q19497$F284844E-E42B-4739-9C49-8BF701D90C43,Oscar,image,"""Oscar dos Santos 2012 CL.jpg""","""20141118 AUTBRA 5023.jpg""",property_value_update,property_value_update
463254771,1309,Q215900$6d94a9bb-49f9-9df2-2627-65081e2425c5,Max von Oppenheim,EGAXA ID,"""vtls001308094""","""001308094""",unrefinement,unrefinement
1689326315,-2,description,Alexandra Maria Lara,description,"""German actress""","""Romanian-German actress""",refinement,refinement
292397998,590,Q79629$E60A24F4-8039-49B7-8808-F76103B9DD60,Wheatley,GNIS Feature ID,"""0083316""","""83316""",unrefinement,unrefinement
282302763,-1,label,Nile,label,"""Nile""","""Nilo""",textual_change,property_value_update
1787488945,-2,description,Tthhee Ppaarrttyy,description,"""song by Justice from \u2020""","""2009 single by Justice""",property_value_update,property_value_update
1389960482,-2,description,El Greco,description,"""Greek painter, sculptor and architect""","""Spanish painter, sculptor and architect""",property_value_update,property_value_update
157855795,-2,description,Sally Hemings,description,"""enslaved woma""","""enslaved woman""",textual_change,textual_change
789717621,-2,description,Barnet F.C.,description,"""English association football club""","""Xd""",property_value_update,property_value_update
2287215826,-2,description,Huayuangang station,description,"""metro station in Hangzhou, China""","""station of Hangzhou Metro""",unrefinement,refinement
323193751,-2,description,Sharon Ashbrook,description,"""rofessor of Physical Chemistry""","""Professor of Physical Chemistry""",textual_change,textual_change
1258861088,-2,description,Luxembourg,description,"""sovereign state in Western Europe""","""sovereign state in Central Europe""",property_value_update,property_value_update
1557242431,-2,description,Colchester United F.C.,description,"""English association football club""","""association football club in Colchester, England""",refinement,refinement
1596703895,-2,description,Russian fake news laws,description,"""Federal law of Russian Federation""","""Federal laws of Russian Federation""",textual_change,textual_change
264691274,-2,description,Adolf Höschle,description,"""human""","""german association football player""",refinement,property_value_update
361015802,2611,Q5105920$A3A6FBFD-25D2-417D-8A49-F79939AEC634,Chris Bliss,TED speaker ID,"""1249""","""chris_bliss""",property_value_update,property_value_update
2259749396,6394,q114623$0dbe0433-4a7f-1658-7d0c-76f96e0cb5c7,Barbara Frischmuth,ELNET ID,"""a11503567""","""11503567""",unrefinement,unrefinement
122091246,409,Q179126$75629AAF-CB18-44FE-B0EE-54D2604F3E77,John Ruskin,Libraries Australia ID,"""000036583544""","""36583544""",unrefinement,unrefinement
1242984565,18,Q1052$2f117806-486d-76e1-6145-f5d048c3762f,rainbow,image,"""Regenbogen über dem Lipno-Stausee.JPG""","""WhereRainbowRises.jpg""",property_value_update,property_value_update
2225742867,18,Q158934$CA6B4674-6387-48F7-94B4-611F3DBD6702,Ilya Mate,image,"""RIAN archive 497573 Wrestlers Ilya Mate and Julius Strnisko.jpg""","""Ilya Mate 1980.jpg""",property_value_update,property_value_update
236233741,-1,label,Institut polytechnique Grand Paris,,"""Collegium Île-de-France""","""Institut polytechnique Grand Paris""",property_value_update,property_value_update
6145440,-1,label,federal subject of Russia,label,"""Federal subjects of Russia""","""federal subject of Russia""",textual_change,unrefinement
7532730,-2,description,Tennessee,description,"""state in the south of the USA""","""state in the southern United States""",refinement,textual_change
1593103214,-2,description,Polygonion avicularis‎,description,"""alliance of from the Plantaginetalia majoris""","""alliance from the Plantaginetalia majoris""",textual_change,textual_change
502286,-2,description,Tokyo,description,"""one of the 47 prefectures of Japan and capital of Japan""","""capital city of Japan and one its 47 prefectures""",refinement,refinement
298780772,-2,description,Kuiper Belt,description,"""area of the Solar System beyond the planets comprised of small bodies""","""area of the Solar System beyond the planets comprising small bodies""",textual_change,textual_change
1288335214,-1,label,sovereignty,label,"""sovereignty""","""sovereignt""",textual_change,textual_change
2334141129,18,q174614$E0E3A053-0FA1-4F98-9C4C-6D4B72741830,Carlo Ancelotti,image,"""Carlo Ancelotti 2016 (cropped).jpg""","""20191002 Fußball, Männer, UEFA Champions League, RB Leipzig - Olympique Lyonnais by Stepro StP 0246.jpg""",property_value_update,property_value_update
81435110,-2,description,Voyager 2,description,"""space probe and the seconds farthest man-made object from Earth""","""space probe and the second farthest man-made object from Earth""",textual_change,textual_change
1822648073,-2,description,William E. Johnson,description,"""American politician – Minnesota -Senate 1895-98 (District 29)""","""American politician (born 1850) – Minnesota -Senate 1895-98 (District 29)""",refinement,refinement
329233117,-2,description,Sevilla FC,description,"""Spanish association football club""","""España""",property_value_update,property_value_update
9835641,-2,description,raion,description,"""A second level administrative division of Russia""","""An intermediate administrative division of Russia""",unrefinement,unrefinement
161329658,-1,label,Derek Jeter,label,"""Derek Jeter""","""Derek Jetter""",textual_change,property_value_update
483847,-2,description,Aosta Valley,description,"""a mountainous semi-autonomous region in north-western Italy""","""Italian mountainous semi-autonomous region in the North-West""",refinement,refinement
259709366,-2,description,Graham Hill,description,"""British racecar driver""","""British racing driver""",textual_change,textual_change
1665533960,-2,description,307th Infantry Regiment,,"""military unit""","""infantry regiment of the Army National Guard""",refinement,refinement
1825600347,-2,description,Member of the Zurich City Parliament,description,"""person who has been elected to the legislative body of the Citiy of Zurich, Switzerland""","""person who has been elected to the legislative body of the City of Zurich, Switzerland""",textual_change,textual_change
1258863002,-2,description,Moldova,description,"""sovereign state in Eastern Europe""","""sovereign state in southeastern Europe""",refinement,refinement
1511589956,214,Q2982657$239f6544-30e2-4ab5-9335-a273dbf14723,Colin Stetson,VIAF cluster ID,"""171366093""","""15146332981218732959""",property_value_update,property_value_update
13507913,-2,description,Hygrophila,description,"""Hygrophila (plantae)""","""Genus of flowering plants""",property_value_update,property_value_update
1428585579,-2,description,Tarnowskie Góry,description,"""town in Silesia, southern Poland""","""town in the Silesian Voivodeship in southern Poland""",refinement,refinement
1370839068,-2,description,Anisoptera,description,"""suborder of insects related to dragonflies""","""Infraorder of insects with long strong bodies and two pairs of wings""",property_value_update,refinement
2259729819,6394,Q4441$47FA628E-09C5-42B7-9110-522CA64481E0,Emily Dickinson,ELNET ID,"""a11431969""","""11431969""",unrefinement,unrefinement
1512485246,-2,description,Cetshwayo kaMpande,description,"""King of the Zulu Kingdon""","""King of the Zulu Kingdom""",textual_change,textual_change
482367,-2,description,Cape Verde,description,"""a country made of ten islands off the western African coast""","""a country comprising ten islands off the Western coast of Africa""",refinement,textual_change
2343945364,-2,description,Marco Bianchi,description,"""Painter, decorative designer.""","""painter and decorative designer""",textual_change,textual_change
1423212882,3083,Q92899814$2961417B-3D74-4DD7-8D09-3DBC939AE88D,TYC 8956-3334-1,SIMBAD ID,"""TYC 8956-3334-1""","""LLNS 803""",property_value_update,property_value_update
1344800410,18,Q151952$B3F4C7EC-CA8A-4C7C-9CE6-DA42557EA4AA,Venus de Milo,image,"""The legendary Venus de Milo in the Louvre, 9 February 2014 cropped.jpg""","""Front views of the Venus de Milo.jpg""",property_value_update,property_value_update
1737216825,-2,description,Bridget Phelips,description,"""18th Century Noblewoman""","""noblewoman; (1707-1758)""",refinement,refinement
1831102625,-2,description,Joseph A. Gates,description,"""American politician – Minnesota -House 1905-10 (District 29)""","""American politician (1870–1922) – Minnesota -House 1905-10 (District 29)""",refinement,refinement
593497180,18,Q131169$40BE0EAB-5388-47C9-8993-09BE53284434,Polybius,image,"""Stele des Polybios.jpg""","""Gipsmodelle Wiener Historismus Hofburg-Keller 2012 33 Alois Düll, Polybios.jpg""",property_value_update,none
573761933,-1,label,Salvador Dalí,label,"""Salvador Daliz""","""Salvador Dali""",textual_change,textual_change
1330072409,-2,description,Ford Bronco Sport,description,"""Compact crossover SUV""","""Compact SUV""",unrefinement,unrefinement
1138385099,94,q2770$4BFB7205-254A-4C60-A267-BDAB5CE5430C,Tula,coat of arms image,"""Coat of Arms of Tula.png""","""Coat of arms of Tula.svg""",property_value_update,textual_change
345066079,-1,label,Fox,label,"""Fox, Alaska""","""Fox""",unrefinement,unrefinement
1155312085,18,Q307871$CCF9BE45-13EF-4029-B1A9-34C66213F3BD,Abdel Fattah el-Sisi,image,"""AFSisi.jpg""","""Abdel Fattah el-Sisi September 2017.jpg""",property_value_update,refinement
1158936890,-1,label,Carlo Ponti,label,"""Carlo Ponti, Sr.""","""Carlo Ponti""",unrefinement,unrefinement
1593403796,-2,description,Édouard Anglade,description,"""First Black Police Office in Quebec and the Montreal Police""","""First Black Police Officer in Quebec and the Montreal Police""",textual_change,textual_change
411825164,679,Q80260$254F5763-4AC6-4BA1-9866-691AD4481E8A,cyclopentane,ZVG number,"""027960""","""27960""",unrefinement,textual_change
390159,-2,description,Milan,description,"""City in north-central Italy in the Lombardy region""","""City in northern Italy, capital of Lombardy region""",unrefinement,refinement
85902107,-2,description,San Francisco,description,"""Combined city in and county California, USA""","""Combined city and county in California, USA""",textual_change,textual_change
1128835020,4731,Q5105932$019DF1B0-4B6A-45A7-A8FC-B3C47C78EDA8,Chris Booker,The Baseball Cube player ID,"""Chris-Booker""","""4164""",property_value_update,property_value_update
1014256069,-2,description,delta endotoxin,description,"""class of toxins produced by bacteria""","""class of toxins in Bacillus species that lyse midgut epithelial cells in the target insect by forming lytic pores on the apical membrane""",refinement,refinement
881256915,214,q2982657$E6803041-9ECA-4A2F-83CE-86ED067E5491,Colin Stetson,VIAF cluster ID,"""41494967""","""15146332981218732959""",property_value_update,property_value_update
1386087063,-2,description,Coccosteus,description,"""genus of fishes (fossil)""","""Extinct genus of arthrodire placoderm""",refinement,refinement
263975980,-2,description,Washington Stecanela Cerqueira,description,"""football player""","""Brazilian footballer""",refinement,refinement
991894565,2163,Q477218$ea0787f3-4aef-65bf-c976-d1aec3477579,Glen Echo,FAST ID,"""01260472""","""1260472""",unrefinement,unrefinement
1469032074,409,Q202168$fd7e57fc-4168-3785-55b5-d94b07fd2e32,Toshihide Maskawa,Libraries Australia ID,"""000036576665""","""36576665""",unrefinement,unrefinement
1712937002,18,Q8605$36e0053f-4cc2-07b0-a097-b96986eba728,Simón Bolívar,image,"""Simón Bolívar, 1825.jpg""","""Simón Bolívar. Toro Moreno, José. 1922, Legislative Palace, La Paz.png""",property_value_update,property_value_update
143695424,-2,description,Chyler Leigh,description,"""American acterss""","""American actress""",textual_change,textual_change
1826398215,-2,description,Allen F. Ferris,description,"""American politician – Minnesota -- \""Allan, Allan L., Allan F., A.E., A.F., A.L., Al\"" House 1895-98 (District 46); House 1899-1902 (District 48); Senate 1903 (District 48)""","""American politician (1865–1903) – Minnesota – House 1895-98 (District 46); House 1899-1902 (District 48); Senate 1903 (District 48)""","refinement, unrefinement",refinement
2045726456,-2,description,Sulphur Creek,description,"""tributary to Riffe Lake in Lewis County, Washington state, United States of America""","""tributary to Riffe Lake in Lewis County, Washington, United States""",refinement,textual_change
818598450,-2,description,Colchester United F.C.,description,"""English association football club""","""Es un equipo de mi3rd4""",property_value_update,property_value_update
2259768577,6394,q350704$4dc229af-40fe-f9d6-8bcf-3541424b9bf6,Max Steiner,ELNET ID,"""a11200534""","""11200534""",unrefinement,unrefinement
1894598188,18,q272438$2F63C520-5448-4398-95D3-57BF30EE031D,Diane von Fürstenberg,image,"""Diane von Furstenberg 2011 Shankbone.JPG""","""Diane von Furstenberg Shankbone Metropolitan Opera 2009.jpg""",property_value_update,property_value_update
1916854803,-2,description,Per Noste,description,"""French association with the aim of supporting and promoting the Occitan language and civilization in Gascony""","""French association and publisher specialized in Occitan language and Gascon culture""",refinement,refinement
199516532,-2,description,Enrico Caruso,description,"""Italian tenor""","""Italian operatic tenor""",refinement,refinement
1131132690,-2,description,Hermann Kant,description,"""German politician""","""German writer (1926-2016)""",property_value_update,"refinement, unrefinement"
1889271156,-2,description,Eureka,description,"""1 Eylul 1993 doğumlu Eureka’nın gerçek adı “Efe Can Doğan’dır.” Hip hop kültürüne daha ilkokul yıllarında graffiti ile ilk adımını attı.""","""Wikimedia disambiguation page""",property_value_update,property_value_update
991142015,-2,description,Bury F.C.,description,"""English association football club""","""association football club in Bury, England""",refinement,refinement
1173589605,-2,description,Ed Schilling,description,"""American basketbal coach""","""American basketball coach""",textual_change,textual_change
1844915337,-1,label,Cecelia Cichan,label,"""Cecilia Cichan""","""Cecelia Cichan""",textual_change,textual_change
803298860,-2,description,Azar Nafisi,description,"""Iranaian academic and writer""","""Iranian academic and writer""",textual_change,textual_change
1882200129,-1,label,Anzac Day,label,"""AnzaR DAY""","""Anzac DAY""",textual_change,textual_change
2184316793,18,Q180141$F512F324-8AFD-4B34-968F-B01B40E96F12,Sodom and Gomorrah,image,"""Sodom and Gomorrah afire, by Jacob Jacobsz. de Wet d. J., probably Köln, c. 1680, oil on canvas - Hessisches Landesmuseum Darmstadt - Darmstadt, Germany - DSC01149.jpg""","""Daniel van Heil (attr) Brennende Stadt.jpg""",property_value_update,property_value_update
1593235759,-2,description,Minister of Health,description,"""ministry of the Gouvernement du Québec""","""minister of the Gouvernement du Québec""",textual_change,textual_change
2012678240,-1,label,Zhongshan District,label,"""Zhongshan District, Dalian""","""Zhongshan District""",unrefinement,unrefinement
372319934,-2,description,human,description,"""common name of Homo sapiens, unique extant species of the genus Homo.""","""common name of Homo sapiens (Q15978631), unique extant species of the genus Homo""",refinement,refinement
634080176,-2,description,Descazeaux,description,"""family nams""","""family name""",textual_change,textual_change
2146948357,18,Q290524$E86DB115-D1A6-4D10-8F28-7F7D924E61AE,Cicely Saunders,image,"""History of Modern Biomedicine Research Group.jpg""","""EWS21.13.jpg""",property_value_update,property_value_update
1964108462,-2,description,ancient theatre of Lyon,description,"""Roman ancient structure in Lyon, France""","""ancient Roman structure in Lyon, France""",refinement,textual_change
604380566,856,Q23317$1669d520-4d0c-d435-85a5-63b71da2feb4,Audi AG,official website,"""https://www.audi.ru/ru/web/ru.html""","""https://www.audi.ru/""",unrefinement,property_value_update
890420743,-2,description,Qasym-Jomart Toqaev,description,"""Kazachstan politician""","""Kazachstani politician""",textual_change,textual_change
2337586275,18,Q333832$83534C6D-1B2C-47FA-ACDB-B894CAED8FC9,Aulne Abbey,image,"""0 Gozée Aulne 050525 (2).JPG""","""Facade of the Aulne Abbey during golden hour (DSC 0123).jpg""",property_value_update,property_value_update
994733335,-1,label,platelet,label,"""platelet""","""plateleta""",textual_change,textual_change
680615678,-2,description,Transport,description,"""functional constituency in Hong Kong""","""functional constituency of Hong Kong""",textual_change,textual_change
1320975381,-2,description,Augustus,description,"""founder of the Julio-Claudian dynasty and first emperor of the Roman Empire""","""first emperor of the Roman Empire and founder of the Julio-Claudian dynasty""",refinement,textual_change
264673177,-2,description,Ludger Mintrop,description,"""human""","""german geophysicist""",refinement,property_value_update
698418,-2,description,Japan,description,"""island nation in eastern Asia""","""island nation in East Asia""",textual_change,textual_change
806023160,-2,description,Ramesses II,description,"""Idont lnow""","""Egyptian Pharaoh of the Nineteenth Dynasty""",property_value_update,property_value_update
1948210612,-2,description,Adriano Celentano,description,"""Italian singer, musician, actor and filmmaker""","""Italian musician""",unrefinement,unrefinement
38133381,-2,description,Géza Vermes,description,"""magyar születésű brit vallástörténész""","""British scholar of Jewish Hungarian origin and writer on religious history""",property_value_update,refinement
1595624811,-2,description,Rosa Bonheur,description,"""FOMMKIJJKIO89IJJ99999UUH9NUYYGNYFSEWWJNJ is a great place to work 3 and I hope you are doing EAST  4rench painter and sculptor (1822-1899)""","""Rosa Bonheur is a  painter of animals""",property_value_update,property_value_update
2272265284,2741,Q314350$51CB3026-551E-4F5F-9B17-BFFEC0F4F17A,Antoine Bourdelle,Tate artist ID,"""789""","""antoine-bourdelle-789""",refinement,property_value_update
1594903100,-2,description,Birkenburn Reservoir,description,"""1834s (?) artificial freshwater lake in North Lanarkshire, Scotland, UK, outflows, via burns and lades, to Banton Loch, the River Kelvin and the Forth and Clyde Canal""","""1840s (?) artificial freshwater lake in North Lanarkshire, Scotland, UK, outflows, via burns and lades, to Banton Loch, the River Kelvin and the Forth and Clyde Canal""",property_value_update,textual_change
1594541753,-1,label,contact adhesive,,"""Impact glue""","""contact adhesive""",property_value_update,property_value_update
1599591387,-2,description,Alfonso Toral Moreno,description,"""Mexican short story writer, essayist, and proofreader""","""Mexican short story writer, essayist, and proofreaderr""",textual_change,textual_change
216167528,-2,description,Claudine Blanchard-Laville,description,"""Université professor""","""University Professor""",textual_change,textual_change
1354008274,18,Q30348983$ad32343f-45a6-dfd7-555c-974045c9e4db,Salado de Morón,image,"""Río Salado (El Palmar).jpg""","""Río Salado.jpg""",unrefinement,textual_change
220940055,1006,Q19868451$2c24c0ff-4105-9a7d-668e-2320404afe2e,André Lebois,Nationale Thesaurus voor Auteursnamen ID,"""vtls002171743""","""06751443X""",property_value_update,property_value_update
13781970,-2,description,1916 Summer Olympics,description,"""6th edition of the modern Summer Olympics, scheduled in Berlin (Germany) in 1916 and later canceled due to World War I""","""Games of the VI Olympiad, scheduled to be celebrated in Berlin (Germany) in 1916 and later canceled due to World War I""",refinement,textual_change
180765393,948,Q647$b4952b97-4b18-66fb-157d-21ba839615e0,Rennes,page banner,"""Rennes banner Facade of Palais du Commerce.jpg""","""Renne banner.jpg""",unrefinement,textual_change
357770465,564,Q19868533$6748da03-4eed-9b5d-a19e-46cba6ca54ff,Nicolás Kicker,singles record,"""0–0""","""1-2""",property_value_update,property_value_update
341466180,1015,Q270441$F1F0EFC0-0805-4BA7-A920-5D2922CAA737,Wenche Foss,NORAF ID,"""x90096302""","""90096302""",unrefinement,textual_change
1944632176,3083,Q87560277$CAD8E2CE-0B4D-4B21-99D0-E4090C3E82FA,PMN J0811+0450,SIMBAD ID,"""PMN J0811+0450""","""BWE 0808+0500""",property_value_update,property_value_update
231341381,-2,description,San Francisco,description,"""combined city and county in California, USA""","""combined city and county in California, United States""",textual_change,textual_change
143271371,-2,description,Lahore,description,"""Provinical capital of Punjab province and second largest city in Pakistan""","""capital city of the Pakistani province of Punjab""",unrefinement,refinement
245813804,-2,description,asteroid,description,"""minor planets that are not comets""","""minor planet that is not comet""",textual_change,textual_change
176902656,-2,description,musical,description,"""form of theatre that combines songs, spoken dialogue, acting, and dance""","""work that combines songs, spoken dialogue, acting, and dance""",unrefinement,refinement
764716311,-1,label,German Americans,label,"""German America""","""German Americans""",textual_change,textual_change
1920882606,-2,description,list of IARC Group 1 carcinogens,description,"""Wikimedia list article""","""Human carcinogens.""",property_value_update,property_value_update
1508623598,-2,description,Wikidata,description,"""free knowledge database project""","""free knowledge base project""",unrefinement,textual_change
1936206510,-2,description,Lotfi Double Kanon,description,"""rapper""","""rappe""",textual_change,textual_change
1557516716,18,Q463560$18743ec5-4546-4dab-986f-e9b14d9ae1fc,Nina Pacari,image,"""Nina Pacari.jpg""","""Nina pacari RADIO CENTRO.png""",property_value_update,property_value_update
1606476859,-2,description,Alberto Boldorini,description,"""italian religious and scholar""","""Italian priest and scholar""",refinement,"textual_change, refinement"
2047576699,-1,label,Riano,label,"""Riano, Lazio""","""Riano""",unrefinement,unrefinement
1746318470,-2,description,Samuel B. Coe,description,"""American politician – Minnesota -- \""S.B.\"" House 1877 (District 18)""","""American physician and politician""","refinement, unrefinement","refinement, unrefinement"
1593872451,-2,description,"Monster, She Wrote: The Women Who Pioneered Horror & Speculative Fiction",description,"""book by Melanie A. Anderson and Lisa Kröger""","""book by Melanie R. Anderson and Lisa Kröger""",textual_change,textual_change
1179670970,18,Q30192$e94c984d-41f0-71a1-c86f-2aaa8957f572,Greenwich Mean Time,image,"""Greenwich clock.jpg""","""London, Greenwich, Royal Greenwich Observatory -- 2016 -- 4745-6-8.jpg""",property_value_update,property_value_update
2026395311,-1,label,Lecce,label,"""Province of Lecce""","""Pprovince of Lecce""",textual_change,textual_change
2101295925,-2,description,Óscar Senra Gómez,description,"""Galician cultural manager and writer""","""Spanish cultural manager and writer""",unrefinement,property_value_update
11891065,-2,description,dog,description,"""species of the Canidæ family, frequently kept as a pet""","""subspecies of the Canidæ family, frequently kept as a pet""",refinement,refinement
1593685384,-2,description,Mercedes Quispe,description,"""Bolivian conductor""","""Bolivian bus driver""",refinement,property_value_update
2030308624,41,Q1208553$57A8C3F8-45A7-4510-AF4A-CE07E9AF18A3,Tatsugo,flag image,"""Flag of Tatsugo Kagoshima.JPG""","""Flag of Tatsugo, Kagoshima.svg""",property_value_update,textual_change
503156405,-2,description,fur,description,"""hairy animal skin""","""soft, thick, hairy coat of a mammal""",refinement,refinement
1037333559,-1,label,Chernobyl,label,"""Chernobyl""","""Chernobyll""",textual_change,textual_change
1399843211,-2,description,Scratch,description,"""programming language learning environment""","""block-based programming language""",property_value_update,property_value_update
294212998,18,q288359$0340850C-E84F-4A66-BFF4-F43F333F2D51,Lena Dunham,image,"""Lena Dunham 2012 Shankbone.JPG""","""Lena Dunham TFF 2012 Shankbone 3.JPG""",refinement,textual_change
1512824206,18,Q316587$A50DAB60-D54D-48DC-B5C7-2372C989F088,Hans Friderichs,image,"""Bundesarchiv B 145 Bild-F046797-0028, Mainz, FDP-Bundesparteitag, Friderichs.jpg""","""Hans Friderichs (cropped).jpg""",property_value_update,property_value_update
2284034440,-2,description,effects of climate change on human health,description,"""how climate change affects human health""","""how climate change effects human health""",textual_change,textual_change
2249593409,-1,label,Rostami,label,"""Rostami, Bushehr""","""Rostami""",unrefinement,unrefinement
32316225,-2,description,meiotic nuclear division,description,"""pinga""","""type of cell division necessary for sexual reproduction in eukaryotes""",property_value_update,refinement
315116903,856,Q180139$FFDC1ADB-E212-4AC3-A743-F37C50D11DAD,Hradec Králové,official website,"""http://www.hradeckralove.org/en.html""","""http://www.hradeckralove.org/""",unrefinement,property_value_update
453653,-2,description,optical fiber,description,"""Light conductor wire""","""Light conducting wire""",textual_change,textual_change
2027870189,-2,description,Li Xian,description,"""Han dynasty military personal""","""Han dynasty military personnel""",textual_change,textual_change
1974871917,-2,description,bros,description,"""iranian coffee shoo""","""iranian coffee shop""",textual_change,textual_change
2067444247,-2,description,Polatsk,description,"""historical city and administrative center of Polotsk district in the Vitebsk region of Belarus""","""city in Belarus""",unrefinement,unrefinement
1722499097,-2,description,Western Ghats,description,"""mountain range running parallel to the western coast of India""","""Mountain range along the western coast of India""",refinement,textual_change
538646265,3500,Q2982993$8AF7BCE8-925D-484C-8D8A-02F25E487E53,College of Mount Saint Vincent,Ringgold ID,"""1853""","""2005""",property_value_update,property_value_update
628845594,18,q13765$F1F23F18-160E-4127-90D5-75B6841633D5,Puigcerdà,image,"""Puigcerdà des de guils.jpg""","""Plaça dels Herois, Puigcerdà.jpg""",property_value_update,property_value_update
1208134771,-2,description,Milkwater,description,"""film by Morgan Ingari (2020)""","""2020 film by Morgan Ingari""",refinement,refinement
628105603,-2,description,Sevilla FC,description,"""Spanish association football club""","""Novita""",property_value_update,property_value_update
2354823577,-2,description,,description,"""literary work""","""1962 essay by Karlheinz Deschner""",refinement,refinement
569785649,-2,description,UTC+03:00,description,"""Identifier for a time offset from UTC of +3""","""Identifier for a time offset from UTC of +03:00""",refinement,textual_change
2035868571,18,Q114937$1F0659EA-05CA-4294-897B-1659CFA99144,Emperor tamarin,image,"""Emperor Tamarin SF ZOO.jpg""","""Black-chinned emperor tamarin (S. i. imperator).jpg""",property_value_update,property_value_update
475264,-2,description,Lausanne,description,"""The capital City of the canton of Vaud (Switzerland)""","""capital city of the Swiss Canton of Vaud""",refinement,"textual_change, refinement"
2190854275,-2,description,Sevilla FC,description,"""Spanish association football club""","""Spanish professional football club based in Seville""",refinement,refinement
1887558440,242,Q200124$2b41b349-41c4-89f0-3b8b-bef0138e9f8f,Vayots Dzor Province,locator map image,"""Vayots Dzor.svg""","""Vayots Dzor in Armenia.svg""",refinement,refinement
72216911,-2,description,Agenvillers,description,"""commune in France""","""commune in Somme, France""",refinement,refinement
1812232989,2070,Q258404$c66e0582-4f42-8d4c-1780-13ce1c7fcaba,Melvyn Greaves,Fellow of the Royal Society ID,"""melvyn-greaves-11539""","""11539""",unrefinement,unrefinement
1953919074,-2,description,Elisabeth Charlotte Gloeden,description,"""German housewife""","""German lawyer""",property_value_update,property_value_update
1590991686,-2,description,Scott M. Fitzpatrick,description,"""researcher (ORCID 0000-0002-7392-6061)""","""American anthroplogist""",refinement,property_value_update
1414627326,-2,description,Algeria–Mexico relations,description,"""Bilateral relations between Algeria and Mexico""","""international diplomacy""",property_value_update,property_value_update
316120543,18,Q441371$ba2248c0-4ba9-0fb3-34d8-0ae5c804fbc0,el señor de la noche,image,"""5sos logo.jpg""","""Nicolas Avellaneda 232.jpg""",property_value_update,property_value_update
1797201414,18,Q455899$41360778-FEB4-42E3-8918-B49F34CA584C,Lucyna Winnicka,image,"""Lucyna Winnicka.JPG""","""Lucyna Winnicka (portret 1).jpg""",refinement,property_value_update
1444711953,742,Q44709$783DCFCE-0B84-4D79-A17D-BA4B3DD1396C,Jean-Jacques Goldman,pseudonym,"""Sam Brewski""","""Sami Brewski""",textual_change,textual_change
1294776951,-2,description,Hans Berger,description,"""German neuroloigst""","""German neurologist""",textual_change,textual_change
205922113,-1,label,Gaston,label,"""Gianstón""","""Gastón""",textual_change,textual_change
2345458318,-2,description,Mehmetali,description,"""village in Kilis, Turkey""","""village in Kilis Merkez, Turkey""",refinement,refinement
1594131115,-2,description,Goldine C. Gleser,description,"""American psychologist (1935-2004)""","""American psychologist (d. 2004)""",unrefinement,unrefinement
1757145166,242,Q132959$ab16c45d-4ed6-3253-ebfc-ee0b95aa2d28,Sub-Saharan Africa,locator map image,"""Sub-Saharan Africa with borders.png""","""Sub-Saharan Africa with borders.svg""",property_value_update,textual_change
147982464,373,q39882$EEFF273B-782D-4C89-B3F9-45228144BA95,Eurocopter EC130,Commons category,"""Eurocopter EC 130""","""Airbus Helicopters EC130 Ecureuil""",refinement,refinement
629999400,-1,label,Sadio Mané,label,"""Albert Mané""","""Sadio Mané""",property_value_update,property_value_update
2021200680,-2,description,call center,description,"""centralised office used for the purpose of receiving or transmitting a large volume of requests by telephone""","""centralized office for receiving or transmitting a large volume of requests by telephone""","textual_change, unrefinement",textual_change
341825964,1015,Q357970$B6B3010C-C67D-41D0-9A90-8A0AEFC39855,Wilbur Smith,NORAF ID,"""x90061293""","""90061293""",unrefinement,unrefinement
341873069,1015,Q434361$E639969B-35BB-4380-ABCB-3214385565A9,Petter Wettre,NORAF ID,"""x97039822""","""97039822""",unrefinement,unrefinement
1752314024,-2,description,Template:Hero Cities of Ukraine,description,"""Wikimedia templat""","""Wikimedia template""",textual_change,textual_change
127273607,-1,label,Cronos,label,"""Chronos (disambiguation)""","""Cronos""","textual_change, unrefinement",property_value_update
5323295,-2,description,True Jesus Church,description,"""non-denominational Christian church that originated in Beijing, China""","""non-denominational Christian church founded in Beijing, China""",refinement,textual_change
2290497373,-1,label,Karen Black,label,"""Karen H. Black""","""Karen Black""",unrefinement,textual_change
1235122816,-2,description,Heinrich Himmler,description,"""Commander of the SS""","""German Nazi politician, leader of the SS and a main architect of the Holocaust (1900-1945)""",refinement,refinement
1047380572,2191,Q379895$0969E815-55A3-4498-8628-EA21FE246CEC,Louis L'Amour,Vegetti Catalog of Fantastic Literature NILF ID,"""NILF12998""","""12998""",unrefinement,textual_change
1238073788,-2,description,Atlantic Forest,description,"""biome in Brazil""","""biome in South America""",unrefinement,unrefinement
2296195531,-2,description,AstraZeneca AG,description,"""company in Zug, Switzerland""","""company in Switzerland""",unrefinement,unrefinement
1684235846,-2,description,Epaminondas,description,"""Theban general and statesman (d 362 BCE)""","""Theban general and statesman (d. 362 BC)""",textual_change,textual_change
1052662475,-2,description,Isabelle Augenstein,description,"""NLP researcher in Copenhagen""","""researcher, natural language processing, University of Copenhagen""",refinement,refinement
157085072,-2,description,Maribor,description,"""Slovenian city""","""city in Slovenia""",refinement,textual_change
312675754,18,q236164$EB6A35F3-A82D-4D97-A8C0-FE4D00BA83EC,Linda Christian,image,"""Actress Linda Christian wearing a sarong and Hawaiin lei while talking with others at Ciros, 1954.jpg""","""Linda Christian and Edmund Purdom 1962 (cropped).jpg""",property_value_update,property_value_update
1961655700,4020,Q245657$7ad9e271-4fdf-fbc3-0a24-4855dfda797a,bore,ISQ dimension,"""\\mathsf{L}^{2}""","""\\mathsf{L}""",unrefinement,unrefinement
5649994,-2,description,Kentucky,description,"""A state in the US Midwest""","""U.S. state in the Midwest""","refinement, textual_change",textual_change
1990246835,-2,description,sex,description,"""trait that determines an individual's sexually reproductive function""","""biological system that determines an individual's sexually reproductive function""",refinement,refinement
1653543940,-1,label,quinolones,label,"""quinolone""","""quinolones""",textual_change,textual_change
1857992032,-2,description,Fang Chengpei,description,"""Qing Dynasty drama writer""","""Drama writer in Qing Dynasty""",refinement,textual_change
452423480,2603,Q19871635$72D70744-D4AA-4E0A-AB51-17FC10EB3DF4,Adult Beginners,Kinopoisk film ID,"""839382""","""807491""",property_value_update,property_value_update
1039715235,2534,Q245102$0eb00e45-45a7-9286-c206-57ce99d0c98e,triangular number,defining formula,"""P_{3,n}={\\frac {1}{2}}n(n+1)+1={\\frac{n^2+n+2}{2}}""","""P_{3,n}={\\frac {n}{2}}(n+1)={\\frac{n(n+1)}{2}}""",property_value_update,property_value_update
2185187829,-2,description,Hélio Gracie,description,"""Brazilian brazilian jiu-jitsu practitioner""","""Brazilian practitioner of Brazilian jiu-jitsu""",refinement,textual_change
1264736233,18,q311641$980C56DC-7287-4BF0-B262-48DF34418F2C,Denílson de Oliveira,image,"""Tulio e Denilson no Treino do Itumbiara.JPG""","""Denílson de Oliveira Araújo 01.jpg""",property_value_update,property_value_update
305896654,-2,description,Stephan Andersen,description,"""Footballer""","""Danish footballer""",refinement,refinement
12807521,-2,description,Raveo,description,"""an italian comune""","""Italian comune""",textual_change,textual_change
49736447,-1,label,displacement,label,"""pisplacement vector""","""displacement vector""",textual_change,textual_change
376633317,-2,description,Switzerland,description,"""federal republic in Central Europe""","""federal republic in Western Europe""",property_value_update,property_value_update
648563838,-2,description,Hebrew Wikipedia,description,"""Hebrew edition of Wikipedia, the free encyclopedia""","""Hebrew edition of Wikipedia""",unrefinement,unrefinement
226937445,-2,description,Tbilisi,description,"""Georgian capital city""","""capital city of Georgia""",refinement,refinement
456191,-1,label,victory,label,"""Tarō Kimura (politician)""","""It's mine, don't touch it, I need to think of something epic""",property_value_update,property_value_update
972888872,-2,description,Americas,description,"""landmass comprising the continents of North America and South America""","""landmass comping the continents of North America and South America""",textual_change,textual_change
923956514,-2,description,Willi Diez,description,"""German university teacher and economist""","""German economist and university teacher""",refinement,textual_change
1752412234,-2,description,Kazuki Takahashi,description,"""Japanese footballer""","""JJapanese association football player""","textual_change, refinement","textual_change, refinement"
888096149,-2,description,Unset,description,"""Unixommand to unset local shell variables""","""Unix command to unset local shell variables""",textual_change,textual_change
476316,-2,description,Reggiolo,description,"""A town in the province of Reggio Emilia, in Italy.""","""a town in the Italian province of Reggio Emilia""",refinement,"textual_change, refinement"
5822249,-2,description,New Jersey,description,"""a state in the East of the USA""","""state in eastern United States""",refinement,"textual_change, refinement"
341760134,1015,Q315728$F76F913C-A7C3-46E9-85C0-77CEB7E1F9C3,John Mills,NORAF ID,"""x13036539""","""13036539""",unrefinement,textual_change
1968376928,4124,Q30349437$3F59C2E3-117F-4BAF-AFA3-0BD0EB6C6DDB,Yannick Haury,Who's Who in France biography ID,"""yannick-haury_80477""","""80477""",unrefinement,textual_change
14403639,-2,description,Apple,description,"""American technology multinational corporation""","""USA technology multinational corporation""",refinement,textual_change
1094062363,-2,description,Americas,description,"""landmass comprising the continents of North America and South America""","""Canciones subidas no se""",property_value_update,property_value_update
264673377,-2,description,Diana Kempff,description,"""human""","""german author and publisher""",refinement,property_value_update
278970622,-2,description,Grace Hopper,description,"""Early United States Computer Scientist""","""American computer scientist and United States Navy officer.""",refinement,refinement
616636714,18,Q437388$753457b5-4e23-9542-26ad-51fd1c653d50,Jonathan Mason,image,"""JonathanMason.jpg""","""Jonathan Mason, Senator from Massachusetts, by American school of the 19th century.jpg""","textual_change, refinement",refinement
1081002468,-2,description,Slayers,description,"""1995 Japanese series of Manga and Anime""","""Japanese light novel series""",unrefinement,unrefinement
1186359438,-2,description,Vitellius,description,"""Emperor of Ancient Rome""","""Roman emperor""",unrefinement,textual_change
7313571,-2,description,Reykjavík,description,"""the capital of Iceland""","""capital and largest city in Iceland""",refinement,refinement
1175439744,-1,label,Joseph C. Wu,label,"""Wu JC""","""Joseph C. Wu""",refinement,refinement
1040580493,-2,description,University of Concepción,description,"""traditional Chilean private university""","""Chilean university""",unrefinement,unrefinement
2216589521,-2,description,Fire and Ice,description,"""1983 animated film directed by Ralph Bakshi""","""1983 animated film by Ralph Bakshi""",unrefinement,textual_change
711637565,-2,description,Americas,description,"""landmass comprising the continents of North America and South America""","""The fourth part of the World, the Western Hemisphere, and the entire continent of the New World.  It named America in 1507 in honor of Amerigo Vespucci by Martin Waldseemuller and Matthias Ringmann. The United States is of America not itself America.""",property_value_update,property_value_update
519090196,-1,label,Elmalı,label,"""Elmalı, Uzunköprü""","""Elmalı""",unrefinement,unrefinement
1743892876,-2,description,Victor Chernomyrdin,description,"""Russian diplomat (1938-2010)""","""Russian diplomat and politician  (1938-2010)""",refinement,refinement
107884161,-2,description,ladle,description,"""ype of spoon having a long handle terminating in a deep bow""","""type of spoon having a long handle terminating in a deep bow""",textual_change,textual_change
1501242912,-2,description,Alexander Hunter Gunn,description,"""-""","""(7 Jul 1884 - certain 1949)""",property_value_update,property_value_update
197706831,-2,description,Almada,description,"""city in Protugal""","""city in Portugal""",textual_change,textual_change
1345728566,-2,description,Parto,description,"""actor Indonesian""","""Indonesian actor""",refinement,textual_change
173502735,-2,description,pizza,description,"""Italian dish made of oven-baked bread with various toppings""","""dish of oven-baked bread with various toppings from Italy""",refinement,textual_change
303377758,-2,description,Memphis Depay,description,"""Dutch football player""","""Dutch footballer""",textual_change,textual_change
1921383457,-2,description,Vranići kod Vižinade,description,"""human settlement""","""settlement in the Municipality of Vižinada, Istria County, Croatia""",refinement,refinement
1501226726,-2,description,Charles Dyer,description,"""-""","""(6 May 1784 - 19 Mar 1872)""",property_value_update,property_value_update
1871724180,-2,description,Inner Mongolia Caoshangfei F.C.,description,"""Chinese professional football club""","""Chinese football club""",unrefinement,unrefinement
388624,-2,description,Zurich,description,"""City in Switzerland and capitalof the canton of Zurich""","""City in Switzerland, capital of the canton of Zurich""",textual_change,textual_change
1249186664,-2,description,Annia Faustina,description,"""third wife of Roman emperor Elagabal""","""third wife of Roman emperor Elagabalus""",textual_change,textual_change
1132791161,-1,label,ezāfe,label,"""Izāfa""","""Ezāfe""",textual_change,textual_change
1208978624,-1,label,wissenschaftlicher Assistent,label,"""scientific assistent""","""scientific assistant""",textual_change,textual_change
379258571,-2,description,in vitro fertilization,description,"""In Vitro Fertilization (IVF) is an assisted reproductive technology procedure (ART) in which a women’s eggs are fertilized by sperm in a laboratory instead of inside the fallopian tube (in –vivo).""","""assisted reproductive technology procedure (ART) in which a women’s eggs are fertilized by sperm in a laboratory instead of inside the fallopian tube (in –vivo)""",unrefinement,textual_change
388446,-2,description,England,description,"""Region in Northern Europe, part of the country of the United Kingdom""","""Nation in Northern Europe, part of the country of the United Kingdom""",unrefinement,refinement
142797845,-2,description,Turkey,description,"""country in Southern Europe and Asia""","""A country in Southern Europe""",unrefinement,unrefinement
1952520520,-2,description,Heinrich Simroth,description,"""German malacologist""","""German zoologist and malacologist""",refinement,refinement
2114867581,-2,description,"William, Prince of Wales",description,"""heir apparent to the throne of the United Kingdom & 14 Commonwealth Realms""","""heir apparent to the throne of the United Kingdom and 14 Commonwealth Realms""",textual_change,textual_change
1873762137,5555,Q2338$87fe23bb-4483-291c-3073-0080d311841a,1st Cavalry Division,schematic,"""1st US Cavalry Division - Organization 2023.png""","""1st US Cavalry Division - Organization 2021-2023.png""",refinement,refinement
1741406010,-1,label,Tarsius pumilus,label,"""Pygmy tarsier""","""Tarsius pumilus""",property_value_update,refinement
503782629,2013,Q30350142$9e6579c5-4df0-1665-7a42-9bb346ab018d,Seasons In Malibu,Facebook username,"""https://www.facebook.com/SeasonsInMalibu/""","""SeasonsInMalibu""",unrefinement,unrefinement
1789674883,-2,description,Aulë,description,"""fictional character from the legendarium of J.R.R. Tolkien""","""fictional character from J.R.R. Tolkien's legendarium""",refinement,textual_change
2127727010,-2,description,Ashok Parashar Pappi,description,"""Indian politician from Punjab""","""Politician from Punjab, India""",refinement,textual_change
1354890313,-1,label,Waltersdorf,label,"""Waltersdorf, Thuringia""","""Waltersdorf""",unrefinement,unrefinement
1621722069,-2,description,garter hook,description,"""in archaeology, type of clothing fastener formerly thought to be used for garters""","""in archaeology, type of triangular clothing fastener formerly thought to be used for garters""",refinement,refinement
786206080,18,Q4491$0BEED003-624E-4749-B532-B4302B0F83A8,Anna Faris,image,"""Anna Faris - Guardians of the Galaxy premiere - July 2014 (cropped tighter).jpg""","""Feed America, Cloudy with a Chance of Meatballs 2, Anna Faris (cropped).jpg""",property_value_update,property_value_update
214375780,-2,description,entry about an individual,description,"""database record about an specific person""","""database record about a specific person""",textual_change,textual_change
187126750,-2,description,Ubbergen,description,"""municipality in the Netherlands""","""village""",property_value_update,unrefinement
313705713,-2,description,Pascale Bussières,description,"""Canadian actor""","""Canadian actress""",property_value_update,property_value_update
388674,-2,description,London,description,"""capital of England and the United Kingdom""","""capital city of the United Kingdom in England""",unrefinement,refinement
1487967507,-2,description,Seva,description,"""term in Hindusiam""","""term in Hinduism""",textual_change,textual_change
1100038424,-2,description,Bloomfield Falls,description,"""waterfall""","""Waterfall in Queensland, Auatralia""",refinement,refinement
1727473886,-2,description,LLC2,description,"""education computer""","""educational computer""",textual_change,textual_change
7219966,-2,description,Ernst Bloch,description,"""Filósofo alemán del siglo XX""","""German philosopher""",property_value_update,property_value_update
388607,-2,description,Airbus,description,"""An aircraft manufacturing company.""","""European aircraft manufacturing company""","textual_change, refinement",refinement
264677259,-2,description,Heinrich Christian Gottfried von Struve,description,"""human""","""german diplomat""",refinement,property_value_update
624230798,-2,description,Claude Boulle,description,"""French officil""","""French official""",textual_change,textual_change
1156238320,-2,description,Catha edulis,description,"""species of plant, chewed by humans""","""species of plant, commonly used by humans for its psychoactive effects""",refinement,refinement
341754280,1015,Q40909$D6FDD90F-8A64-4C9A-A9AB-C5FCBCA9AA81,Virginia Woolf,NORAF ID,"""x90068620""","""90068620""",unrefinement,unrefinement
350125456,-2,description,Kim Chiu,description,"""Chinese Filipino actress""","""Filipino actress from China""",refinement,textual_change
2181749869,-2,description,Open Password,description,"""german weblog and magazin""","""German weblog and magazine""",textual_change,textual_change
588500057,18,Q158083$A5C4154A-A9F5-42B8-A808-BE008263ABE3,Spandau,image,"""SpandauRathaus.jpg""","""Rathaus B-Spandau 07-2017.jpg""",refinement,property_value_update
321014674,-2,description,Mario Benedetti,description,"""Uruguayan journalist, novelist, and poeta""","""Uruguayan journalist, novelist, and poet""",textual_change,textual_change
1132799138,2397,Q19526$e040a11d-11ec-42b0-bdc5-59d164b092dd,Maya Angelou,YouTube channel ID,"""UCowCXhKPULDkFiec3Blckzg""","""gacha kate""",property_value_update,property_value_update
2074359686,-2,description,Myra Beltran and the aesthetics of an independent Filipina woman dancing,description,"""scientific article published on 06 March 2008""","""scientific article published on 6 March 2008""",textual_change,textual_change
187577318,-2,description,Jerusalem,description,"""holy ancient city on a plateau in the Judean Mountains""","""ancient holy city on a plateau in the Judean Mountains""",refinement,refinement
2259728162,6394,Q1124$628CF074-F9BE-485A-862F-FF0A6298D1E7,Bill Clinton,ELNET ID,"""a1114371x""","""1114371x""",unrefinement,unrefinement
2228779381,-2,description,Natalie Merchant,description,"""American singer-songwriter""","""American singer""",unrefinement,unrefinement
750689068,-2,description,Chimaji Appa,description,"""Inidian mililtary commander""","""Indian mililtary commander""",textual_change,textual_change
9517234,-2,description,Los Angeles,description,"""county seat of Las Angeles County, California""","""county seat of Los Angeles County, California""",textual_change,textual_change
1314791835,-2,description,Bose-Einstein statistics,description,"""one of two possible ways in which a collection of non-interacting indistinguishable particles may occupy a set of available discrete energy states, at thermodynamic equilibrium""","""Statistical description for the behaviour of bosons""",property_value_update,property_value_update
2259746851,6394,q86220$f3ba7ee4-406e-963e-69b3-9086bf32b02d,Johannes Frischauf,ELNET ID,"""a11916035""","""11916035""",unrefinement,unrefinement
1461886730,109,Q57065$9726b327-4205-5d52-1ea0-3aedd36b4ccb,Otto Hahn,signature,"""Lise Meitner (1878-1968) and Otto Hahn (1879-1968), Dahlem, Germany, 1913 (4405627945).jpg""","""Otto_Hahn_signature.svg""",unrefinement,property_value_update
1747906018,5260,Q1065$ce538d8e-469a-487d-aa56-74e964285a98,United Nations,App Store developer ID,"""id439971125""","""439971125""",unrefinement,textual_change
108426572,-2,description,Chet,description,"""Chet Aytkins album""","""Chet Atkins album""",textual_change,textual_change
1860897888,-1,label,Agosta,label,"""Agosta, Lazio""","""Agosta""",unrefinement,unrefinement
6887116,-2,description,London,description,"""capital city of the United Kingdom in England""","""capital city of England and the United Kingdom""",refinement,refinement
50995985,-2,description,Chicago,description,"""city in Illinois, U.S.""","""city in Illinois, United States of America""",textual_change,textual_change
175086250,-2,description,Fritz Walter,description,"""Germen football player""","""German football player""",textual_change,textual_change
1523853859,-2,description,Neurosis,description,"""American band""","""American metal band""",unrefinement,refinement
1588992763,-2,description,Medgaz,description,"""company""","""natural gas pipeline between Algeria and Spain""",refinement,property_value_update
2265964550,6706,Q50188$1d9db0b1-4a73-8d77-75be-18c3af93d17b,The Human Comedy,De Agostini ID,"""Commèdia+umana""","""Commèdia+umana+La-""",refinement,textual_change
1289931831,18,Q461192$F1DF0353-8B03-435F-BEB4-B38B9D39B0E9,Prince Feisal bin Al-Hussein of Jordan,image,"""Lamine Diack.jpg""","""Colorado ANG, Jordan, 10 years of brotherhood 140514-F-GO396-047 (cropped).jpg""",property_value_update,property_value_update
2259744028,6394,Q76483$FC00AC6E-0F15-4EF0-BF5C-78424BF3DE57,Rainer Maria Rilke,ELNET ID,"""a11136479""","""11136479""",unrefinement,unrefinement
6542516,-2,description,Flanders,description,"""the northern, Dutch/Flemish speaking region of Belgium""","""the northern, Dutch-speaking community and region of Belgium""",unrefinement,refinement
51980850,-2,description,Hölstein,description,"""municipality of Switzerland""","""municipality in Switzerland""",textual_change,textual_change
985984523,-2,description,Čestereg,description,"""human settlement""","""Village in Žitište municipality, Serbia""",refinement,refinement
1583278598,-1,label,Schöneberg,label,"""Berlin-Schöneberg""","""Schöneberg""",unrefinement,unrefinement
359515631,-2,description,George Washington,description,"""1st President of the United States""","""first President of the United States""",textual_change,textual_change
244569131,-1,label,Margot Drechsel,label,"""Margot Dreschel""","""Margot Drechsel""",textual_change,textual_change
2263730800,-1,label,Cayman Islands men's national football team,label,"""Cayman Islands national football team""","""Cayman Islands men's national football team""",refinement,refinement
2259738699,6394,Q46602$334F7302-E94C-47A8-BD75-4803AF86E094,Ivan Bunin,ELNET ID,"""a11142157""","""11142157""",unrefinement,unrefinement
1935713775,-2,description,Ludwig Schemann,description,"""German anthropologist, librarian, translator and writer""","""German translator and race theorist (1852–1938)""","refinement, unrefinement","refinement, unrefinement"
370311,-1,label,Antwerp International Airport,label,"""Flanders""","""Antwerp International Airport""",property_value_update,property_value_update
2199131463,-2,description,Owen Paterson,description,"""British former politician""","""British politician""",unrefinement,unrefinement
990831856,-2,description,basking shark,description,"""The second largest fish in the world""","""The second largest living fish in the world""",refinement,refinement
2154297472,-2,description,hatchback,description,"""car body configuration with a rear door that swings upward to provide access to a cargo area""","""passenger car body in a 2-box configuration with a rear door that swings upward to provide access to a cargo area""",refinement,refinement
1517816386,18,Q443665$48BB9413-2B47-4A43-A02E-B76555D46300,Daniel Gibson,image,"""Daniel Gibson 2.jpg""","""Daniel Gibson 2 (cropped).jpg""",refinement,textual_change
1280610373,-2,description,Muzaffargarh,description,"""human settlement""","""city in Punjab, Pakistan""",refinement,refinement
667377336,-2,description,Wikimedia Foundation,description,"""American non-profit educational organization""","""American non-profit charitable organization""",property_value_update,property_value_update
42025286,-1,label,etiquette,label,"""etiquette""","""Еtiquette""",textual_change,textual_change
1225544569,-2,description,Atlético de Madrid,description,"""Spanish association football club""","""Forever29""",property_value_update,property_value_update
10177208,-2,description,landmass,description,"""contiguous area of land surrounded by ocean""","""contiguous area of land surrounded by oceanx""",textual_change,textual_change
235907305,-2,description,Jack Bauer,description,"""main character of the television series 24""","""character from the television series 24""",unrefinement,unrefinement
1695491084,-2,description,Daniel M. Fienup,description,"""researcher (ORCID 0000-0002-0593-2929)""","""associate professor of psychology""",refinement,property_value_update
255659380,-1,label,Eduardo Saverin,label,"""Eduardo Saverin""","""Adilson rafael s.""",property_value_update,property_value_update
1932246200,18,Q466508$B2FD890A-6526-4AD8-A43E-12FA66E332E2,Rosemary Clooney,image,"""Nick, Rosemary and Gail Clooney 1957 (cropped).JPG""","""Rosemary Clooney 1954.jpg""",property_value_update,property_value_update
1434440839,-1,label,The Great Wave off Kanagawa,label,"""The Great Wave of Kanagawa""","""The Great Wave off Kanagawa""",textual_change,textual_change
2351022060,-2,description,Denise O'Brien,description,"""Anthropology professor (1930-2008)""","""American anthropology professor (1938-2008)""",refinement,refinement
479681177,-2,description,Real Madrid CF,description,"""Spanish association football club""","""CANADA TEAM""",property_value_update,property_value_update
124260035,-2,description,United Nations Security Council Resolution 1213,description,"""United Nationa Security Council resolution""","""United Nations Security Council resolution""",textual_change,textual_change
1507837277,-2,description,Georges Méliès,description,"""French pioneer filmmaker and illusionist""","""French film maker and illusionist (1861–1938)""",refinement,refinement
1538410414,18,Q107486$0B0F3324-A2DA-424D-B113-8EAC99EB1B1A,8 Flora,image,"""8Flora (Lightcurve Inversion).png""","""8 Flora VLT (2021), deconvolved.pdf""",property_value_update,property_value_update
496446810,-2,description,Lithuania,description,"""republic in Northern Europe""","""republic in Northeastern Europe""",refinement,refinement
1745382255,535,Q312493$812d430b-4b55-8ee9-4ecd-531229c8d221,Zurab Zhvania,Find a Grave memorial ID,"""10423142""","""104""",property_value_update,unrefinement
1352164345,-2,description,Málaga CF,description,"""Spanish association football club""","""CHILEAN FOOTBALL CLUB""",property_value_update,property_value_update
528578263,-2,description,Americas,description,"""landmass comprising the continents of North America and South America""","""Its in spain part of europa""",property_value_update,property_value_update
232313508,-2,description,Boston,description,"""city in Massachusetts, United States of America""","""capital city of the state of  Massachusetts, United States""",refinement,refinement
1828493435,18,Q273210$12BC3D75-C75E-48E7-93DC-A3DA27C81F37,James Baldwin,image,"""James Baldwin 37 Allan Warren (cropped).jpg""","""Monkey eating.jpg""",property_value_update,property_value_update
2025832639,-1,label,Sergej Šoigu,label,"""Sergey Shoygu""","""Sergei Shoigu""",textual_change,textual_change
295708975,-2,description,Aenne Burda,description,"""German maagazine publisher""","""German magazine publisher""",textual_change,textual_change
1388881092,-2,description,Elizabeth I of England,description,"""Queen of England and Ireland (1533-1603)""","""Queen of England and Ireland (1532-1603)""",property_value_update,property_value_update
1651172926,-2,description,Die Zeit,description,"""German weekly newspaper""","""German national weekly newspaper""",refinement,refinement
177346426,-2,description,Russia,description,"""country in both Europe and Asia (this page statements are applied to the period of December 25, 1991-present)""","""transcontinental country in Eastern Europe and Northern Asia (this page statements are applied to the period of December 25, 1991-present)""",refinement,refinement
2248162835,18,Q113333$5ACC38C7-A6A2-40BD-9D2B-5860E026255C,Crow Wing County,image,"""Crow Wing Co. Courthouse.JPG""","""Historic Crow Wing County Court House, Brainerd, Minnesota (41585718562).jpg""",property_value_update,none
264675846,-2,description,Sepp Oerter,description,"""human""","""german politician""",refinement,property_value_update
97561032,-2,description,Chris Carmichael,description,"""American musician and arranger""","""author of romance and women's fiction""",property_value_update,property_value_update
1106921064,-1,label,Hugh Masekela,label,"""Hugh Ramopolo Masekela""","""Hugh Masekela""",unrefinement,unrefinement
688057924,555,Q19868533$01858c72-44af-4afb-cd03-77aa2a8b5d47,Nicolás Kicker,doubles record,"""0–3""","""1–5""",property_value_update,property_value_update
1594125320,-2,description,Gatineau public library,description,"""Donalda-Charrron public library""","""Donalda-Charron public library""",textual_change,textual_change
941314620,-2,description,Clément Cormier,description,"""Canadian academic administraotr and priest""","""Canadian academic administrator and priest""",textual_change,textual_change
726600763,-2,description,Xinjiang,description,"""autonomous region on China""","""autonomous region in China""",textual_change,textual_change
1319298211,-1,label,Marino,label,"""Marino, Lazio""","""Marino""",unrefinement,unrefinement
62536841,-2,description,Circus,description,"""birg genus""","""bird genus""",textual_change,textual_change
467667932,-2,description,Menace,description,"""Ancient Greek colony in Andalucia""","""Ancient Greek colony in Andalusia""",textual_change,textual_change
2079174182,-2,description,cinema of Mongolia,description,"""overview anout the cinema of Mongolia""","""overview about the cinema of Mongolia""",textual_change,textual_change
197088309,242,q262723$ABF6F273-E83F-4747-ABDC-E5561DAF8BB7,arrondissement of Rouen,locator map image,"""Arrondissement de Rouen.PNG""","""Seine-Maritime - Rouen arrondissement.svg""",property_value_update,property_value_update
497198,-2,description,fruit,description,"""A part of the flowering part, often edible""","""an often-edible part of a flowering plant""",refinement,"textual_change, refinement"
2297429658,-2,description,Wake Forest University,description,"""university in Winston-Salem, North Carolina, U.S.""","""university in Winston-Salem, North Carolina, United States""",textual_change,textual_change
483238,-2,description,anime,description,"""Japanese cartoons and computer animations""","""a style of Japanese cartoon and computer animation""",refinement,"textual_change, refinement"
2247299144,18,Q128608$BB13E733-70A5-43EA-9082-A37466A32AFF,Epistle to the Hebrews,image,"""Author Hebrews.jpg""","""Papyrus 13 - British Library Papyrus 1532 - Epistle to the Hebrews - 2.jpg""",property_value_update,property_value_update
388904,-2,description,Thursday,description,"""A day of the week.""","""the fifth day of the week in the Gregorian calendar""",refinement,refinement
1593399424,-2,description,River Forest Golf Club,description,"""demolished clubhouse in River Forest, Illinois""","""demolished golf clubhouse in River Forest, Illinois""",refinement,refinement
2259769662,6394,q366285$afc657bb-428c-893c-0aeb-7f14c4c6c375,Auguste Villiers de l'Isle-Adam,ELNET ID,"""a1118310x""","""1118310x""",unrefinement,unrefinement
154126390,-2,description,Gino De Sanctis,description,"""Italian journalist ansd screenwriter""","""Italian journalist and screenwriter""",textual_change,textual_change
991136630,-2,description,Rochdale A.F.C.,description,"""English association football club""","""association football club in Rochdale, England""",refinement,refinement
140278223,-1,label,Snaggletooth shark,label,"""Hemipristis elongatus""","""Snaggletooth shark""",property_value_update,property_value_update
473762,-2,description,Padua,description,"""A city in Italy""","""Italian city""",refinement,textual_change
682085119,-2,description,20 Fenchurch Street,description,"""tower block""","""commercial skyscraper in London""",property_value_update,refinement
1593635093,-2,description,"Academy of Music, Adelaide",description,"""former theatre in Adelaide, South Austraia""","""former theatre in Adelaide, South Australia""",textual_change,textual_change
766843367,-2,description,Atlético de Madrid,description,"""Spanish association football club""","""Spanish associon fight club""",property_value_update,textual_change
1580547214,-2,description,Valencia CF,description,"""Spanish association football club""","""association football club in Valencia, Spain""",refinement,refinement
1593241635,-2,description,Aston McNeill Cooper Cooper-Key,description,"""Brish Army officer, who served as the UK government's Chief Inspector of Explosives (fl. 1922)""","""British Army officer, who served as the UK government's Chief Inspector of Explosives (1861-1930)""",property_value_update,"textual_change, refinement"
1449698906,-2,description,Super Mario 64,description,"""1996 platform video game developed by Nintendo""","""1996 three-dimensional platform video game developed by Nintendo""",refinement,refinement
754134881,18,Q56229$1fd176e4-4ca6-7966-d3b1-2bc2cd329464,Markus Beckedahl,image,"""CC Birthday Party Berlin.jpg""","""-rpTEN - Tag 1 (26163396634).jpg""",property_value_update,property_value_update
342596231,-2,description,Education,description,"""functional constituency in Hong Kong""","""functional constituency on Hong Kong""",textual_change,textual_change
634175408,-2,description,Brice Charles,description,"""French officia""","""French official""",textual_change,textual_change
1977371243,-1,label,Under 19 Bundesliga,label,"""Under 19 Fußball-Bundesliga""","""Under 19 Bundesliga""",unrefinement,textual_change
1897064066,373,Q365872$F5988E6F-86E0-4E7B-8733-A2551A3EFC1F,"Rotrou III, Count of Perche",Commons category,"""Rotrou III of Perche""","""Rotrou III, Count of Perche""",refinement,refinement
774996386,-1,label,millimetre,label,"""millimetre""","""millimeter""",textual_change,textual_change
864211550,-2,description,Troy Kropog,description,"""Player of American football""","""American football player""",refinement,textual_change
817247902,-2,description,Peter Zoller,description,"""Austrian physicist""","""Austrian theoretical physicist""",refinement,refinement
538880606,3500,Q2982684$128D7AF2-A4B4-43A9-89DB-2039FC7F3E5F,Ministry of Defence of Norway,Ringgold ID,"""5724""","""6285""",property_value_update,property_value_update
1759460647,-2,description,Ying Qing Chen,description,"""researcher""","""American biostatistician""",refinement,refinement
341460433,1015,Q55245$E8CB7838-F0D5-48B8-B6C3-3F463DB60231,Laurence Olivier,NORAF ID,"""x90101696""","""90101696""",unrefinement,unrefinement
483755,-2,description,Puerto Rico,description,"""A US dependent territory""","""a dependent territory of the United States""",refinement,textual_change
1197021750,-2,description,Rhaetian Railway,description,"""Swiss transport company""","""owner/operator of the largest network of private meter-gauge railways in the Swiss canton of Grisons""",refinement,refinement
1665179035,-2,description,Caracalla,description,"""Roman emperor (188-217)""","""Roman emperor from 198 to 217""",property_value_update,refinement
2315171488,-2,description,Andres Tarand,description,"""Prime Minister of Estonia, geographer and climatologist""","""Estonian politician, geographer and climatologist""",unrefinement,"refinement, unrefinement"
1097876482,-2,description,Caroline Guiela Nguyen,description,"""French playright and theatre director""","""French playwright and theatre director""",textual_change,textual_change
1695431380,-2,description,Neptune,description,"""Roman god of water and the sea""","""Roman god of freshwater and the sea""",refinement,refinement
92004283,-2,description,William Monroe / Bill Monroe,description,"""Wikipedia disambiguation page""","""Wikimedia disambiguation page""",textual_change,textual_change
1799783112,10158,Q258495$5c13ffe0-423d-ca04-23b9-200754b7f0e4,Vasile Miriuță,SoccerPunter.com player ID,"""261292-Vasile-Laszlo-Miriuță""","""261292""",unrefinement,unrefinement
1668484181,-2,description,HMS Neptune,description,"""1909 battleship""","""unique dreadnought battleship""","refinement, unrefinement",refinement
1593815228,-2,description,THE BEST OF CHELSY,description,"""Musical best album by Chelsy (Japanese band)""","""Musical compilation album of Chelsy (Japanese band)""",refinement,refinement
1127586502,-2,description,Lawrence Markus,description,"""American mathamtician""","""American mathematician""",textual_change,textual_change
1901125082,-2,description,Tanukichan,description,"""San Francisco based singer-songwriter""","""American singer-songwriter based in San Francisco""",refinement,textual_change
2262441439,-2,description,Jennifer Morrison,description,"""American actress, model, film producer""","""American actress""",unrefinement,unrefinement
1600046412,-2,description,French toast,description,"""bread soaked in beaten or not eggs and then fried""","""bread soaked in beaten eggs and then fried""",unrefinement,textual_change
384505818,-2,description,Niels van Steenis,description,"""Rower""","""Dutch rower""",refinement,refinement
360725462,-2,description,DRG Class 99.73–76,description,"""locomotive class""","""class of 32 German 750mm-gauge 2-10-2T locomotives""",refinement,refinement
991124600,-2,description,Burton Albion F.C.,description,"""English association football club""","""association football club in Burton upon Trent, England""",refinement,refinement
1198690135,-2,description,Vespa velutina,description,"""Vespa Vultina""","""Vespa Velutina""",textual_change,textual_change
878311565,-2,description,Azad Kashmir,description,"""Self-governing polity administered by Pakistan.""","""Administered by Pakistan.""",unrefinement,unrefinement
1111102199,-2,description,heisenbug,description,"""whimsical term for a type of software bug""","""whimsical term for a software bug that seems to disappear or alter its behavior when one attempts to study it""",refinement,refinement
71384131,-2,description,Alos,description,"""commune in France""","""commune in Ariège, France""",refinement,refinement
14293593,-1,label,Naples,label,"""Naples, Florida""","""Naples""",unrefinement,unrefinement
241863582,-2,description,Black Comedy,description,"""play be Peter Shafer""","""play by Peter Shafer""",textual_change,textual_change
483731,-2,description,Michigan,description,"""A state in the US Midwest""","""a state in the Mid-West of the United States""",refinement,refinement
341692568,1015,Q4700$0713787A-01E7-4E12-92FE-D76B44670549,Claude Debussy,NORAF ID,"""x90079353""","""90079353""",unrefinement,unrefinement
180420210,-2,description,FC Barcelona,description,"""Spanish association football club""","""El Mayor Fraude del Fútboo Mundial""",property_value_update,property_value_update
1819841943,-2,description,Louis A. Evans,description,"""American politician – Minnesota -- \""L.A.\"" House 1865 (District 3); Senate 1867 (District 3)""","""American politician (1822–1897) – Minnesota - House 1865 (District 3); Senate 1867 (District 3)""","refinement, unrefinement",refinement
496204746,-2,description,marji',description,"""title""","""highest clerical rank in Usuli Twelver Shia Islam""",refinement,refinement
1599591635,-2,description,Alfonso Toral Moreno,description,"""Mexican short story writer, essayist, and proofreaderr""","""Mexican short story writer, essayist, and proofreader""",textual_change,textual_change
2104724953,-2,description,selsoviet,description,"""type of administrive subdivision in the Soviet Union""","""type of administrative subdivision in the Soviet Union""",textual_change,textual_change
1585189475,268,Q248326$521aed80-45f0-f812-4d25-b7db320abb3c,Nauka,Bibliothèque nationale de France ID,"""cb15386117""","""15386117""",unrefinement,unrefinement
301301175,-2,description,Málaga CF,description,"""Spanish association football club""","""Spanish Football Club""",unrefinement,textual_change
409767909,-1,label,bromouracil,label,"""5-bromouracil""","""bromouracil""",unrefinement,unrefinement
1625735069,-2,description,Akram al-Hawrani,description,"""Syrian politician (1912-1996)""","""Syrian politician (1912–1996)""",textual_change,textual_change
637878197,-2,description,Prime Minister of Israel,description,"""position of the Israeli head of government""","""head of government of Israel""",refinement,textual_change
1593651745,-2,description,Call Russia,description,"""international campaign""","""international telephone campaign""",refinement,refinement
72097792,-2,description,Haute-Vigneulles,description,"""commune in France""","""commune in Moselle, France""",refinement,refinement
2296193469,-2,description,AstraZeneca GmbH,description,"""company in Wedel, Germany""","""company in Germany""",unrefinement,unrefinement
251200460,-2,description,Condylactis parvicornis,description,"""species of corals""","""species of cnidarian""",unrefinement,unrefinement
483698,-2,description,Mercury,description,"""a god of trade, merchants, and travel, in Roman mythology.""","""Ancient Roman mythological god of trade, merchants, and travel""",refinement,refinement
665378791,-2,description,Milstein Family Foundation,description,"""organization""","""Los Angeles, California-based nonprofit foundation""",refinement,refinement
422738,-2,description,April,description,"""The forth month in the Julian and Gregorian calendars.""","""The fourth month in the Julian and Gregorian calendars.""",textual_change,textual_change
992494505,-2,description,Blindspot,description,"""American action crime drama series created by Martin Garo for NBC""","""American action crime drama series created by Martin Gero for NBC""",textual_change,textual_change
1831197693,-2,description,Willard L. Comstock,description,"""American politician – Minnesota -House 1893-94 (District 10)""","""American politician (1861–1927) – Minnesota -House 1893-94 (District 10)""",refinement,refinement
1158573609,-2,description,!!!,description,"""dance-punk band from Sacramento, California""","""dance-punk band from Sacramento, California, United States""",refinement,refinement
176542427,-2,description,FC Barcelona,description,"""Spanish association football club""","""el peor equipo de fut""",property_value_update,property_value_update
624312342,-2,description,Tacquin,description,"""family nae""","""family name""",textual_change,textual_change
1036654795,18,q75853$f4f857fb-4f76-dd17-abb3-1842b5100314,Jorge Rafael Videla,image,"""Tte.Gral. (R) J. Videla.jpg""","""Jorge Rafael Videla 1976.PNG""",property_value_update,property_value_update
476167,-2,description,Samara,description,"""city in Russia.""","""Russian city""","textual_change, refinement",textual_change
1654946141,-2,description,Elizabeth I of England,description,"""Queen of England and Ireland (1533-1603)""","""Queen of England and Ireland from 1558 to 1603""",textual_change,refinement
951188354,-2,description,Americas,description,"""landmass comprising the continents of North America and South America""","""Noseasrancio""",property_value_update,property_value_update
464902120,-1,label,Ferdinand von Lindemann,label,"""Ferdinand von Lindemann""","""Ferdinand vond Lindemann""",textual_change,textual_change
899033531,18,q36204$f8953232-4b2a-2444-637f-5bb936e93818,2011 The Great East (tohoku) earthquake and tsunami,image,"""Map of Sendai Earthquake 2011.jpg""","""US Navy 110318-N-0076O-004 An aerial view of damage to northern Honshu, Japan, after a 9.0 magnitude earthquake and subsequent tsunami devastated t.jpg""",property_value_update,property_value_update
1273963479,-2,description,Cheng Lei,description,"""Chinese elevision personality""","""Chinese television personality""",textual_change,textual_change
266967295,18,Q171255$a966f875-4ad5-5eb8-be8b-a7a286ebef1c,Cutty Sark,image,"""Cutty Sark 2012 landscaping.JPG""","""Cutty Sark (16719233476).jpg""",property_value_update,property_value_update
1825711151,-2,description,Hordafjell,description,"""ship built in 2019""","""stun and bleed vessel launched in 2020""",property_value_update,property_value_update
845398274,-2,description,Sevilla FC,description,"""Spanish association football club""","""Liga Bancomer MX""",property_value_update,property_value_update
2338303817,-2,description,Goodbye Lucille,description,"""Novel by Segun Afolabi""","""2007 novel by S. A. Afolabi""","refinement, unrefinement",refinement
2182688222,-1,label,list of Imperial Japanese Navy full admirals,label,"""list of admirals of the Imperial Japanese Navy""","""list of Imperial Japanese Navy full admirals""",refinement,refinement
1993745943,373,Q15702292$6D23A8E5-6200-44BB-96BB-E6EFC8F437FD,Saint Martin Church,Commons category,"""Saint Martin Church (Roben, Gera)""","""St. Martin (Roben)""","textual_change, unrefinement","textual_change, unrefinement"
1271259438,-2,description,Central Military Hospital Prague,description,"""education organization in Prague, Czech Republic""","""hospital in Prague, Czech Republic""",property_value_update,property_value_update
793942506,-2,description,Tirso Cruz III,description,"""Filipino actor and singer""","""Chinese singer and actor""",property_value_update,property_value_update
114522707,-2,description,Carmen Montejo,description,"""actress from Cuba""","""Mexican actress""",property_value_update,property_value_update
726404952,-2,description,Curve25519,description,"""parameter for elliptic curve cryptography""","""elliptic curve used in Internet cryptography""",property_value_update,property_value_update
2135082065,-2,description,David R. Williams,description,"""sociologist born in 1954 in Aruba""","""Aruban American sociologist and professor of public health""","refinement, unrefinement","refinement, unrefinement"
812036235,-2,description,Bountiful Memorial Park,description,"""Bountiful City Cemetery""","""cemetery in Bountiful, Utah""",refinement,refinement
2291770291,-1,label,woolstores in Fremantle,label,"""Fremantle woolstores""","""woolstores in Fremantle""",refinement,textual_change
409257512,-1,label,nickel ammonium sulfate,label,"""ammonium nickel sulfate""","""nickel ammonium sulfate""",refinement,textual_change
710552616,-2,description,Bač,description,"""given name and surname""","""family name""",unrefinement,unrefinement
2261750151,-2,description,The Heather Cutler Foundation,description,"""Canadian non-profit organization focused on pancreatic cancer.""","""Non-profit focused on improving pancreatic cancer outcomes in Canada.""",refinement,refinement
2276793445,-2,description,Ugbane,description,"""Name in Igala Language""","""Igala given name""",refinement,refinement
888903933,-1,label,1960 Labour Party (UK) deputy leadership election,label,"""Labour Party (UK) deputy leadership election, 1960""","""1960 Labour Party (UK) deputy leadership election""",refinement,textual_change
1552936533,-2,description,Park Studio,description,"""Swedish recording studio""","""recording studio in Sweden""",refinement,textual_change
1028774858,-1,label,"ribosomal protein L46, mitochondrial, putative",label,"""mitochondrial ribosomal protein L46 precursor, putative""","""ribosomal protein L46, mitochondrial, putative""",refinement,textual_change
2259528550,94,Q130493680$68392812-4efc-7f75-72d8-0ff4d0ee1f47,"Filippo Orsini, 18th Duke of Gravina",coat of arms image,"""Arms of the house of Orsini di Bracciano.svg""","""Coat of arms of the house of Orsini (3).svg""",property_value_update,property_value_update
1441662398,-2,description,Miguel Augusto Prince,description,"""former Colombian soccer player and coach""","""ex-footballer and Colombian soccer coach""",refinement,textual_change
85313054,-2,description,Perfect,description,"""Depeche Mode song""","""song by Depeche Mode""",refinement,textual_change
2262522385,-1,label,"Gagnante de la Star Academy, season 12",label,"""Saison 12 de Star Academy (France)""","""Star Academy, season 12""","unrefinement, textual_change",textual_change
493393932,-1,label,"Parks and Recreation, season 5",label,"""fifth season of Parks and Recreation""","""Parks and Recreation, season 5""","textual_change, refinement",textual_change
1404519644,-2,description,Krugly Pond,description,"""reservoir in Russia""","""pond in Moscow, Russia""",refinement,refinement
736388180,-2,description,Vengeance of the Dead,description,"""American silent film from 1917 by Henry King""","""1917 American silent film by Henry King""",refinement,textual_change
2313324949,-2,description,attachment disorder,description,"""mental health disorders caused by abnormal or lack of social contact or good socializing, disability in managing intimidation, bullying, abuse.""","""acquired mental health disorders caused by a failure to form a sufficient attachment relationship with a caregiver during childhood""",property_value_update,property_value_update
663844914,-2,description,Green Boots,description,"""Deceased, unidentified mountain climber""","""Unidentified deceased mountain climber""",refinement,textual_change
1846144087,-1,label,NISSAN Rent a Car,label,"""Nissan Car Rental""","""NISSAN Rent a Car""",refinement,textual_change
513592800,-1,label,fictional species of animal,label,"""animal from a work of fiction""","""fictional species of animal""",refinement,textual_change
558492217,-2,description,Quezon Memorial Circle,description,"""national park and a national shrine located in Quezon City, Philippines""","""national park in Quezon City, Philippines containing the Quezon Memorial Shrine""",refinement,refinement
1728283986,-1,label,Government Regulation of the Republic of Indonesia,label,"""Regulation of the Government of the Republic of Indonesia""","""Government Regulation of the Republic of Indonesia""",refinement,textual_change
496617662,-2,description,Viking paired brooches,description,"""fibula, most commonly oval, worn in pairs connected with strings of beads, associated with women's dress in Northern Europe in the Viking Age""","""fibula, most commonly oval, worn in pairs connected with strings of beads, associated with women's dress in Viking Age Northern Europe""",refinement,textual_change
877239216,-1,label,2015 Indonesian local elections,label,"""Indonesian local elections, 2015""","""2015 Indonesian local elections""",refinement,textual_change
1790579294,-1,label,1980 Indonesian census,label,"""1980 census of Indonesia""","""1980 Indonesian census""",refinement,textual_change
1687482254,-2,description,Papakelan,description,"""village in Minahasa, North Sulawesi Province, Indonesia""","""small town in Minahasa Regency, North Sulawesi, Indonesia""",refinement,"refinement, unrefinement"
1676479897,-2,description,Pasir Panjang,description,"""village in Jambi, Jambi Province, Indonesia""","""urban village in Jambi City, Jambi, Indonesia""",refinement,"refinement, unrefinement"
2281812730,-1,label,Beacon,label,"""Beacon, Newark-on-Trent""","""Beacon""",unrefinement,unrefinement
2281812730,-2,description,Beacon,description,"""suburb and ward of Newark-on-Trent in Nottinghamshire, England""","""ward of Newark and Sherwood in Nottinghamshire, England""","refinement, unrefinement","refinement, unrefinement"
2038442203,-2,description,Xinjie Hui Ethnic Township,description,"""township in Qinghai, People's Republic of China""","""ethnic township in Guide, Qinghai, China""",refinement,refinement
2193846201,18,Q11084548$7965fd8f-4ee0-ac98-1356-78937f3c7262,Xinmaqiao Railway Station,image,"""201806 Tracks at Xinmaqiao Station.jpg""","""Xinmaqiao Railway Station, Jun 27 2024.jpg""",property_value_update,property_value_update
1015852651,-2,description,John Brown,description,"""NZ rugby player""","""New Zealand rugby league footballer""",refinement,refinement
363036376,-2,description,JNR Class ED75,description,"""An electric locomotive type operated in Japan""","""class of 302 Japanese electric locomotives""",refinement,refinement
2260119322,-1,label,"Set of buildings and greenhouses, Choceň Castle",label,"""Choce\u0148 Castle Kitchen garden""","""Set of buildings and greenhouses, Choce\u0148 Castle""",unrefinement,refinement
1809951333,-2,description,Singapore-Malaya Mandarin,description,"""Mandarin spoken in Malay Peninsula""","""common Mandarin variety spoken in Singapore and Malaya""","textual_change, refinement",refinement
1828705248,-2,description,Bai Wenqi,description,"""military personnel""","""Chinese military officer""",refinement,refinement
771636148,-2,description,Geraldton,description,"""former electoral district in Western Australia""","""former Western Australian Legislative Council electoral district""",refinement,refinement
2245264868,-2,description,Rancho Ramos,description,"""human settlement in Mexico""","""locality in Tecate, Mexico""",refinement,refinement
1936776782,-2,description,Christin Meyer,description,"""German association football player""","""German footballer (born 2000)""","refinement, unrefinement",refinement
2245255346,-2,description,El Coyote,description,"""human settlement in Mexico""","""locality in Mulege, Mexico""",refinement,refinement
1772747324,-1,label,beet,label,"""Category:Beets in heraldry""","""Beets in heraldry""",unrefinement,textual_change
2330243436,-2,description,Shatuo,description,"""township in Sichuan, People's Republic of China""","""former township in county Leibo, Liangshan, Sichuan, China""",refinement,refinement
1753742843,-2,description,Kings Lake,description,"""lake of the United States of America""","""lake in Pend Oreille County, Washington, USA""",refinement,refinement
2188951219,-1,label,San Juan del Puerto town hall,label,"""Town Hall of San Juan del Puerto""","""San Juan del Puerto town hall""",refinement,textual_change
737112637,-2,description,uranium compound,description,"""chemical compounds that are classified according to their uranium group""","""any chemical compound having at least one uranium atom""",refinement,refinement
1207785211,-2,description,fleeting relationship,description,"""relationship between two persons that exists for only a short time""","""brief relationship between two or more persons""",refinement,textual_change
1950729846,-2,description,Laguna Larga,description,"""lake in Rio Arriba County, United States of America""","""lake in Rio Arriba County, New Mexico, United States""",refinement,refinement
632140858,-2,description,How the Ghosts Stole Christmas,description,"""X-files episode""","""episode of The X-Files""",refinement,textual_change
1789466013,-2,description,province of Las Californias,description,"""Spanish Empire province""","""province of the Spanish Empire""",refinement,textual_change
1649914055,-2,description,Aktientheater Zürich,description,"""former performing arts building, Canton of Zurich""","""former thaetre building in Zurich, Switzerland""",refinement,"textual_change, refinement"
194242848,564,q374499$A1DE4CE4-8C89-468D-9896-AE3048C78932,Adrian Ungur,singles record,"""11-32""","""11–32""",textual_change,textual_change
1479397516,564,q373522$C12B9495-AB52-447F-8D67-720CD8E46C29,Adrian Mannarino,singles record,"""212-254""","""212–254""",textual_change,textual_change
212673805,564,q374499$A1DE4CE4-8C89-468D-9896-AE3048C78932,Adrian Ungur,singles record,"""11–32""","""13–32""",property_value_update,property_value_update
246109421,564,q377658$4207A818-E75B-4A44-BF54-BAD19CEE2423,Shelby Rogers,singles record,"""140–108""","""144–116""",property_value_update,property_value_update
558185751,564,Q17373391$a837d4be-4c19-5268-a67e-5c27dbabce46,Andrey Rublev,singles record,"""27–27""","""27–28""",property_value_update,property_value_update
588262947,564,q373522$C12B9495-AB52-447F-8D67-720CD8E46C29,Adrian Mannarino,singles record,"""115–151""","""135–162 (45,5%)""",property_value_update,property_value_update
641287369,564,q377658$4207A818-E75B-4A44-BF54-BAD19CEE2423,Shelby Rogers,singles record,"""201–164""","""202–167""",property_value_update,property_value_update
1010750391,564,q373571$E63A81ED-F2DC-491B-9483-4964530EB121,Pablo Andújar,singles record,"""134–190""","""137–191""",property_value_update,property_value_update
1282153221,564,Q17581428$e1053140-4e76-ec3c-2971-f58cd58eda91,Noah Rubin,singles record,"""7–17""","""8–19""",property_value_update,property_value_update
1404760766,564,q377658$4207A818-E75B-4A44-BF54-BAD19CEE2423,Shelby Rogers,singles record,"""252–201""","""254–202""",property_value_update,property_value_update
1505398587,564,q377658$4207A818-E75B-4A44-BF54-BAD19CEE2423,Shelby Rogers,singles record,"""259–212""","""263–215""",property_value_update,property_value_update
1514154051,564,q377658$4207A818-E75B-4A44-BF54-BAD19CEE2423,Shelby Rogers,singles record,"""263–215""","""269–217""",property_value_update,property_value_update
1791908469,564,q373522$C12B9495-AB52-447F-8D67-720CD8E46C29,Adrian Mannarino,singles record,"""242–281""","""245–288""",property_value_update,property_value_update
2231754674,564,Q114402278$b679281e-461d-ac94-ba1d-717e1959953c,Mirra Andreeva,singles record,"""97–28""","""100–29""",property_value_update,property_value_update
2271077357,564,Q19059583$6478e811-4f22-940e-b578-a9f269571a56,Marc Polmans,singles record,"""6–16""","""6–17""",property_value_update,property_value_update
2326451031,564,Q42904647$3d4422d5-4880-10f6-1a9e-77271826796b,Nuria Párrizas Díaz,singles record,"""522–343""","""523–345""",property_value_update,property_value_update
128504867,-2,description,Idoru,description,"""1996 Novel by William Gibson""","""1996 Book by William Gibson""",unrefinement,property_value_update
825078433,-2,description,2002 in television,description,"""television-related events during 2002""","""television-related events during the year of 2002""",refinement,textual_change
241592887,-2,description,Neodolichomitra yunnanensis,description,"""species of plants""","""species of plant""",textual_change,textual_change
71152976,-2,description,spring,description,"""seasons, between winter and summer""","""season, between winter and summer""",textual_change,textual_change
952385868,373,Q40397$1EF53EDE-A7A1-4945-A127-CF649E34DACD,tissue,Commons category,"""Biological tissue""","""Biological tissues""",textual_change,textual_change
6428483,-2,description,Khakassia,description,"""republic, a federal subject of Russia""","""republic, federal subject of Russia""",textual_change,textual_change
1593681340,-2,description,Thomas Jefferson Pool,description,"""swimming pools in Manhattan""","""swimming pool in Manhattan""",textual_change,textual_change
31968623,-2,description,Chūō-ku,description,"""special wards of Tokyo""","""special ward of Tokyo""",textual_change,textual_change
301070,-2,description,George Washington,description,"""A former United States president and commander-in-chief of the Continental Army""","""First President of the United States and commander-in-chief of the Continental Army""",refinement,refinement
276828955,-2,description,Christian d’Elvert,description,"""czech historician""","""czech historian""",textual_change,textual_change
10624209,-2,description,Saint Petersburg,description,"""A Federal city in Russia, the former capital""","""federal city in Russia and the former capital""",refinement,textual_change
239236413,-2,description,Yucca filifera,description,"""species of flowering plants""","""species of flowering plant""",textual_change,textual_change
2219827263,-2,description,Pachyrhynchus yamianus,description,"""species of beetles""","""species of beetle""",textual_change,textual_change
501471,-2,description,Apulia,description,"""A region in Italy""","""region of Italy""",textual_change,textual_change
2219202516,-2,description,Munida caesua,description,"""species of crustaceans""","""species of crustacean""",textual_change,textual_change
242333163,-2,description,Pseudochromis,description,"""genus of fish""","""genus of fishes""",textual_change,textual_change
1597340989,-2,description,blueberry scone,description,"""scones with blueberries""","""scone with blueberries""",textual_change,textual_change
1677225127,-2,description,"The temporal and spatial relationship between tungsten and gold mineralisation in the Otago Schist, New Zealand",description,"""2016 doctoral thesis by Lauren Farmer held at University of Otago""","""2016 doctoral thesis by Lauren Farmer at University of Otago""",unrefinement,textual_change
1750275440,-2,description,Kimi Morev,description,"""friend of Marusya Syroechkovskaya, subject of the 2022 documentary \""How to Save a Dead Friend\""""","""partner of Marusya Syroechkovskaya, subject of her 2022 documentary \""How to Save a Dead Friend\""""",property_value_update,refinement
1925129669,-2,description,Survivor Series (2008),description,"""2008 World Wrestling Entertainment pay-per-view event""","""WWE's 2008 Survivor Series pay-per-view""","textual_change, refinement",refinement
1730661644,-2,description,You Can Win If You Want,description,"""1985 single by Modern Talking""","""song performed by Modern Talking""","refinement, unrefinement",unrefinement
859992119,-2,description,Village Hall of Skansen,description,"""acted as a meeting place for the district for 50 years.""","""It represents a cultural and historical building which served as a meeting place for residents of the district.""",refinement,refinement
1180666511,-2,description,Tunisian General Labour Union,description,"""national trade union center in Tunisia""","""Tunisian trade union""",property_value_update,unrefinement
152680515,-1,label,"Prélude no. 8 in F-sharp minor, op. 28",label,"""Prelude, Op. 28, No. 8""","""Prélude no. 8 in F-sharp minor, op. 28""",refinement,"textual_change, refinement"
2036013989,-2,description,Charter Oak,description,"""unusually large white oak tree growing on Wyllys Hyll in Hartford, Connecticut in the United States""","""Tree in Hartford, Connecticut which was the legendary hiding place of the 1662 Connecticut Charter""",property_value_update,refinement
1672338922,-1,label,Nes Theaterchurch,label,"""Theaterchurch Nes""","""Nes Theaterchurch""",refinement,textual_change
1615247134,-1,label,tennis at the 2008 Summer Olympics – women's doubles,label,"""tennis at the 2008 Summer Olympics – women's doubles""","""2008 tennis at the Summer Olympics – women's doubles""",refinement,textual_change
1550663885,-2,description,Access to Neighbouring Land Act 1992,description,"""United Kingdom Act of Parliament 1992 c. 23""","""Public General Act of Parliament of the United Kingdom""",unrefinement,property_value_update
1377217328,-1,label,World Series Major League Baseball,label,"""Intellivision World Series Baseball""","""World Series Major League Baseball""",refinement,property_value_update
2190236722,-1,label,"Columba Hotel, North Pier and Corran Esplanade, Oban",label,"""Oban, North Pier And Corran Esplanade, Columba Hotel""","""Columba Hotel, North Pier and Corran Esplanade, Oban""",refinement,textual_change
1680403613,373,q6605143$6E3B0F6F-A991-48D2-AC31-D27E94C49A66,Islamic Republic of Iran Air Force aircraft,Commons category,"""Aircraft of the Iranian Air Force""","""Air force aircraft of Iran""",refinement,textual_change
2164791117,-2,description,Brightside railway station,description,"""disused railway station in South Yorkshire, England""","""railway station in South Yorkshire, England, UK, now closed""",refinement,"textual_change, refinement"
1541196084,-2,description,Wood County Courthouse,description,"""courthouse at 100 S. Main St. Quitman, Texas""","""historic place in Quitman, Wood County, Texas""",property_value_update,unrefinement
1788342061,-2,description,narrow track gauge,description,"""rail gauge with rails closer together than standard gauge rails (1435 mm, 4 ft 8½ in)""","""rail track gauge narrower than standard gauge (1435 mm, 4 ft 8 1⁄2 in)""",refinement,"textual_change, refinement"
2352382647,-2,description,second round 1905 Dutch general election in Den Haag II,description,"""election in electoral district in the Netherlands on 1905-06-28""","""voting round in electoral district in the Netherlands""",unrefinement,unrefinement
1777624286,-1,label,Roland Juhász,label,"""Juhász Roland""","""Roland Juhász""",refinement,textual_change
1107405059,-2,description,"W.W. Law Foundation, Inc.",description,"""A research and preservation center where collection materials of the WW Law Foundation are held.""","""nonprofit foundation established to celebrate and continue the work of W. W. Law""",property_value_update,property_value_update
889681542,-1,label,1996 Gibraltar general election,label,"""Gibraltar general election, 1996""","""1996 Gibraltar general election""",refinement,textual_change
2189992396,-1,label,"Manse, Arbirlot",label,"""Arbirlot, Manse""","""Manse, Arbirlot""",refinement,textual_change
1792974716,-2,description,Kawawakechewonk Rapids,description,"""watercourse in Canada""","""rapids in Manitoba, Canada""",refinement,refinement
1796513044,-1,label,Joseph Collins,label,"""Collins, Joseph""","""Joseph Collins""",refinement,textual_change
1399964623,-2,description,Corpataux,description,"""former Swiss municipality""","""former municipality of Switzerland""",refinement,textual_change
2132254324,-2,description,North Screapadal,description,"""deserted village on the Isle of Raasay, Portree, Highland, Scotland""","""village on the Isle of Raasay, Portree, Highland, Scotland, UK, cleared in the 1850s""",refinement,refinement
877286435,-1,label,2014 Portsmouth City Council election,label,"""Portsmouth City Council election, 2014""","""2014 Portsmouth City Council election""",refinement,textual_change
242791830,-2,description,Diphyus pedatus,description,"""species of hymenopterans""","""species of insect""",unrefinement,unrefinement
473933420,-1,label,Jakob Friedrich Schmidt,label,"""Schmidt, Jakob Friedrich 1730 1796""","""Jakob Friedrich Schmidt""",unrefinement,unrefinement
1315836068,-2,description,Perisher Ski Resort,description,"""ski resort in New South Wales, Australia""","""Australian ski resort""",unrefinement,refinement
1581288561,-2,description,Post Office,description,"""Ryde, Isle of Wight, PO33""","""post office in Ryde, Isle of Wight, UK""","refinement, unrefinement",refinement
2123816941,-2,description,Wyn Williams,description,"""British judge""","""Welsh judge (born 1951)""",refinement,refinement
1581288964,-2,description,"27 And 28, Cross Street",description,"""Ryde, Isle of Wight, PO33""","""building in Ryde, Isle of Wight, UK""","refinement, unrefinement",refinement
204625034,-2,description,Lone Survivor,description,"""2013 American war film""","""2013 film directed by Peter Berg""","refinement, unrefinement",refinement
1580403400,-2,description,"24, Charnham Street",description,"""Hungerford, RG17""","""building in Hungerford, UK""","refinement, unrefinement",property_value_update
1861898808,-1,label,Maria da Penha,label,"""Maria da Penha""","""O GRANDE DAVI NERY""",property_value_update,property_value_update
616445943,-2,description,Western Liang dynasty,description,"""dynasty""","""Chinese dynasty (555-587)""",refinement,refinement
658058563,-1,label,Kihnu Rural Municipality,label,"""Kihnu Parish""","""Kihnu Rural Municipality""",property_value_update,property_value_update
2208301026,-2,description,breeches,description,"""article of clothing""","""clothing for legs""",refinement,refinement
1581958867,-2,description,Lorton Farmhouse And Dairy,description,"""Weymouth and Portland, Dorset, DT3""","""thatched farmhouse in Weymouth and Portland, Dorset, UK""","refinement, unrefinement",refinement
2188503556,-2,description,Number 33 Store (Building Number 1/150),description,"""building in City of Portsmouth, Hampshire, UK""","""building in Portsmouth, Hampshire, England, UK""","refinement, unrefinement",refinement
2188503078,-2,description,The Lion Gate,description,"""gate in City of Portsmouth, Hampshire, UK""","""gate in Portsmouth, Hampshire, England, UK""","refinement, unrefinement",refinement
1581361103,-2,description,"14 And 16, High Street",description,"""Seal, Sevenoaks, Kent, TN15""","""building in Seal, Sevenoaks, Kent, UK""","refinement, unrefinement",refinement
383528766,-2,description,GUSBP5,description,"""human gene""","""gene of the species Homo sapiens""",refinement,refinement
954981534,-2,description,Worthing Hospital,description,"""British hospital""","""hospital in London, England""",refinement,refinement
763982335,-2,description,St Andrew's Church,description,"""Grade I listed church in the United Kingdom""","""church in High Ham, Somerset, England""",refinement,refinement
1344774832,-1,label,2 The Drive,label,"""No 2 The Drive, And Linking Walls""","""2 The Drive""",unrefinement,unrefinement
2313280710,-2,description,Panor,description,"""Thai Cinema""","""2025 Thai film""",property_value_update,refinement
1016639024,-2,description,"1-Hydroxycarotenoid 3,4-desaturase",description,"""enzyme""","""class of enzymes""",property_value_update,refinement
1693736579,-2,description,Mike Malloy,description,"""American radio broadcaster""","""American broadcaster and pundit""",refinement,refinement
2339201624,473,Q4267777$38DD582E-3FD0-4BAE-A7E4-154DEEFFE56C,Lubnia,local dialing code,"""2363""","""+375 236""",property_value_update,property_value_update
758078405,-2,description,Onesimos Nesib,description,"""Ethiopian converted Lutheran missionary""","""Ethiopian evangelist, Bible translator, author, and educator""",refinement,refinement
2285312787,-2,description,Smuggling Booze in the Graveyard,description,"""album by Warclouds in the Pacific""","""2002 studio album by Warcloud""","refinement, unrefinement",refinement
2350820583,-2,description,Cherni Vrah (Peak),description,"""summit of Vitosha Mountain in Bulgaria""","""the fourth highest mountain summit in Bulgaria""","refinement, unrefinement",refinement
1537576251,-2,description,Sōichirō Tateoka,description,"""baseball player""","""Japanese baseball player (1990-)""",refinement,refinement
2337696909,-2,description,Milton Regis,description,"""village in United Kingdom""","""village in Kent, England, UK""",refinement,refinement
1677183666,-2,description,Cemeteries and crematoria,description,"""1973 diploma thesis by K. R. Clark held at Lincoln University""","""1973 diploma thesis by K. R. Clark at University of Canterbury""",property_value_update,property_value_update
547667304,-1,label,Mutator protein CBO0653,label,"""Mutator protein CBO0653""","""Mutator mutT protein CLC_0706""",property_value_update,property_value_update
668807567,-1,label,"Peptidase, M16 family CBO2412",label,"""M16 family peptidase CLC_2258""","""Peptidase, M16 family CBO2412""",property_value_update,property_value_update
855919465,-1,label,Chaperone CsaA CBO0622,label,"""Chaperone CsaA CBO0622""","""CsaA protein CLC_0677""",property_value_update,property_value_update
1116022470,-2,description,Mina Municipality,description,"""human settlement in Mexico""","""municipality in Nuevo León State, Mexico""",refinement,refinement
504901051,-1,label,Amino acid ABC transporter permease CBO1412,label,"""His/Glu/Gln/Arg/opine ABC transporter permease CLC_1449""","""Amino acid ABC transporter permease CBO1412""",property_value_update,property_value_update
855953966,-1,label,"Hydrolase, carbon-nitrogen family CBO1821",label,"""Carbon-nitrogen family hydrolase CLC_1763""","""Hydrolase, carbon-nitrogen family CBO1821""",property_value_update,"textual_change, refinement"
1978384746,-2,description,Voorst,description,"""town in the Netherlands""","""village in Voorst, Netherlands""",refinement,refinement
1758050732,-2,description,Verotika,description,"""2019 American anthology horror film""","""2019 film directed by Glenn Danzig""","refinement, unrefinement",property_value_update
930958141,-2,description,Chlorine,description,"""2019 song by Twenty One Pilots""","""Twenty One Pilots song""",unrefinement,unrefinement
896049353,-2,description,military cemeteries Freistadt,description,"""building in Upper Austria, Austria""","""cemetery in Upper Austria, Austria""",property_value_update,property_value_update
2306422591,-2,description,Camillo Cima,description,"""born 1887.12.11; painter""","""Italian painter (born 1887)""","refinement, unrefinement",refinement
2034192479,-2,description,Muscovite-Lithuanian War of 1534-1537,description,"""war between Moscovian State and Grand Duchy of Lithuania""","""1534-1537 part of the Muscovite-Lithuanian Wars""",refinement,property_value_update
2218520349,-2,description,Punctuate! Theatre,description,"""theatre group""","""Canadian theatre arts group""",refinement,refinement
73051988,373,q9076234$B3A3F640-D0D9-4FB2-80E7-89CE6A4086FD,Category:Populated places in Hungary,Commons category,"""Cities in Hungary""","""Populated places in Hungary""",unrefinement,unrefinement
1843459113,154,Q9076554$B70D7A17-4AFC-406F-87E6-F5CBF643F907,SEUR,logo image,"""SEUR logo.svg""","""Logo SEUR y DPDgroup.png""",property_value_update,property_value_update
1335433606,-2,description,Chetamon Mountain,description,"""mountain in Canada""","""Mountain in Jasper NP, Alberta, Canada""",refinement,refinement
1523876279,-2,description,Berta Castañé,description,"""Spanish actress""","""spanish actress and model""",refinement,refinement
399569075,-2,description,The Whole Nine Yards,description,"""film""","""2000 film by Jonathan Lynn""",refinement,refinement
381848287,-2,description,Moscow Central Circle,description,"""urban-metro railway orbital line that encircles historical Moscow""","""urban-metro railway orbital line that operates on Moscow Ring Railway (physical railway line)""",refinement,refinement
2229946665,-1,label,"2024 Summer Olympics men's field hockey, France v Netherlands",label,"""field hockey at the 2024 Summer Olympics – men's tournament – match 9""","""2024 Summer Olympics men's field hockey, France v Netherlands""",refinement,refinement
439917866,-1,label,"Calcium binding protein, spermatid specific 1",label,"""Calcium-binding and spermatid-specific protein 1""","""Calcium binding protein, spermatid specific 1""",textual_change,"textual_change, refinement"
1332655525,-1,label,Radio controlled quadrorotor drone,label,"""Quadrorotor drone""","""Radio controlled quadrorotor drone""",refinement,refinement
2184266401,-2,description,Poshida: Hidden LGBT Pakistan,description,"""film""","""2016 film directed by F. Fiaz""",refinement,refinement
2061689093,-1,label,2019 Tour Cycliste Féminin International de l'Ardèche,label,"""Tour féminin international de l'Ardèche 2019""","""2019 Tour Cycliste Féminin International de l'Ardèche""",refinement,textual_change
2306425877,-1,label,Veggie Burgers & Secret Sauce / Ratatouille,label,"""Banana Bread / Starfruit Parfait""","""Veggie Burgers & Secret Sauce / Ratatouille""",property_value_update,property_value_update
2326772959,-2,description,"Julia, Julia",description,"""Solo musical work of Julia Kugel""","""American musical group""",property_value_update,property_value_update
2326778892,-2,description,Derealization,description,"""Album by Julia, Julia""","""2022 studio album by Julia, Julia""",refinement,refinement
2279116544,-2,description,Hatila Passos,description,"""college basketball player (2007–2008) New Mexico State""","""Brazilian basketball player""",property_value_update,property_value_update
1677375921,-2,description,Comparative analysis of the topographical locations of acupuncture points and Chapman's reflex points,description,"""2007 master's thesis by Ok Bae Kim held at Unitec""","""2007 master's thesis by Ok Bae Kim at Unitec Institute of Technology""",refinement,refinement
1421637203,-2,description,Maryland Route 58,description,"""highway in Maryland""","""State highway in Washington County, Maryland, US""",refinement,refinement
168828366,18,Q31919$78159BF6-06F2-47EB-A874-4DE350C89056,Vitali Klitschko,image,"""Vitali Klitschko 2009 01 27.jpg""","""2014-09-12 - Vitali Klitschko - 9019.jpg""",property_value_update,property_value_update
90353196,-1,label,Swedish Meteorological and Hydrological Institute,,"""SMHI""","""Swedish Meteorological and Hydrological Institute""",refinement,refinement
1579837908,396,Q3836988$143EF4A6-6A30-461C-83E0-668A2E3D151A,Lorenzo Licalzi,SBN author ID,"""IT\\ICCU\\CFIV\\026956""","""CFIV026956""",unrefinement,unrefinement
242655348,-2,description,Arctosippa gracilis,description,"""species of spiders""","""species of arachnid""",unrefinement,unrefinement
888149262,-2,description,Irish people,description,"""good group""","""ethnic group""",property_value_update,property_value_update
2217520566,-1,label,Sonsang River,label,"""Sungai Sonsang""","""Sonsang River""",property_value_update,property_value_update
343824463,-1,label,4930563I02Rik,label,"""RIKEN cDNA 4930563I02 gene""","""4930563I02Rik""",property_value_update,property_value_update
1787053671,5265,Q27033406$6D7C7AD4-278F-45D3-9118-8BCEEAFDB1C7,Self portrait,Dordrechts Museum artwork ID,"""DM-S-57""","""5068""",property_value_update,property_value_update
1677479055,-2,description,list of countries by GDP (PPP) per capita,description,"""Wikimedia list article""","""List of countries and territories by GDP (purchasing power parity) per capita""",property_value_update,property_value_update
1270594552,-1,label,Getreidekasten Adelsberg 15 in Marktl,label,"""part #1 of cultural heritage D-1-71-123-9 in Bavaria, Germany""","""Getreidekasten""",property_value_update,property_value_update
874814684,-2,description,Giulio Pampani,description,"""1701-1800""","""author (18th century)""",property_value_update,property_value_update
2214373590,18,Q2308816$A028A1B2-24EA-41A9-91C0-C611B38943F8,Jožef Školč,image,"""SkoljcJozef.jpg""","""Jožef Školč.jpg""","textual_change, refinement",textual_change
342987603,-1,label,ITC1,label,"""hypertrichosis universalis congenita, Ambras type""","""ITC1""",property_value_update,property_value_update
673048963,3064,Q13428227$B1A57FC7-7A12-4DAA-A820-8C3A97192A34,Acronicta furcifera,LepIndex ID,"""261516.0""","""261516""",unrefinement,textual_change
1605082870,-2,description,Julie Mirpuri,description,"""researcher ORCID ID = 0000-0003-4255-3474""","""neonatologist  researcher""",property_value_update,property_value_update
1354085494,214,Q3604$0A2DD3D3-ADA7-4165-9C4C-C45FBB66F3CF,Djibouti,VIAF cluster ID,"""133508399""","""155608529""",property_value_update,property_value_update
1285821998,18,Q21849799$4F87950D-89A4-4848-9234-D31A6CC69025,Hospital Edgardo Rebagliati Martins,image,"""Violencias trenzadas.mp4 snapshot 01.25 (2019.09.30 20.41.34).png""","""1952 - HOSPITAL DEL SEGURO SOCIAL DEL EMPLEADO.jpg""",property_value_update,property_value_update
1571756567,6744,Q28841496$5B810BD2-4DDE-482C-A845-E6D3D9D29574,,FragDenStaat public body ID,"""finanzamt-hoyerswerda""","""10528""",property_value_update,property_value_update
310836764,555,Q13411134$92901f30-499d-954b-b6cb-c3365ecc2ff7,Sandra Samir,doubles record,"""21–19""","""28–23""",property_value_update,property_value_update
1744138141,6262,Q114396839$B13D80B5-6557-42F0-B14D-1C3FF10292C3,Santa's Toys,Fandom article ID,"""ftb:Santa%27s_Toys""","""ftb:Santa's_Toys""",textual_change,textual_change
384387040,-2,description,Gm16412,description,"""mouse gene""","""gene of the species Mus musculus""",refinement,refinement
501335537,-1,label,Court of Auditors,label,"""Chambre des comptes""","""Court of Finances""",property_value_update,textual_change
1473862471,2013,Q47546093$0f3f00d5-46d2-3fcc-3944-bfcce86e0983,Auri,Facebook username,"""AuriProject""","""AURlband""",property_value_update,property_value_update
2207799258,-1,label,Groenstraat,label,"""Schienweg""","""Groenstraat""",property_value_update,property_value_update
2333177469,13362,Q133794499$69FB136A-FA5D-4741-AB11-F020DC164E00,,Steam group ID,"""spacejazzgames""","""RunServer""",property_value_update,property_value_update
2265378524,-2,description,De Krook,description,"""public building designed by COUSSÉE & GORIS architecten, RCR Arquitectes""","""public library building in Ghent, Belgium""",property_value_update,property_value_update
1531661907,-1,label,Vomb Church,label,"""Vombs kyrka""","""Vomb Church""",property_value_update,textual_change
2031776959,18,Q3383564$501A52A6-2C29-40B0-BA8B-0E2B4BCDBC9C,Pierre-Yves Jeholet,image,"""Herve - Tour de Wallonie, étape 4, 29 juillet 2014, départ (D15) (cropped).JPG""","""Pierre-Yves Jeholet, Minister-President of the Federation Wallonia-Brussels - 2023.jpg""",property_value_update,property_value_update
1443826287,555,Q28758348$389d9c34-4806-36b5-3526-a93234608e22,Martina Trevisan,doubles record,"""23–18""","""23–19""",property_value_update,property_value_update
891835250,-1,label,Smp_161830.1,label,"""hypothetical protein""","""Smp_161830.1""",property_value_update,property_value_update
625671367,-1,label,ocean,label,"""es una mierda""","""ocean""",property_value_update,property_value_update
665726613,-1,label,Barry Llewellyn,label,"""LLEWELLYN BARRY""","""Barry Llewellyn""","textual_change, refinement",textual_change
241620467,-2,description,Pseudoalteromonas antarctica,description,"""species of bacteria""","""species of prokaryote""",unrefinement,unrefinement
2286849328,856,Q5150082$EFE5B322-1E03-464E-BBFE-0AB09EFCAEAE,The Columbus Museum,official website,"""https://columbusmuseum.com/""","""https://comuga.org""",property_value_update,property_value_update
1808821258,-2,description,Muni S. Srivastava,description,"""researcher ORCID ID = 0000-0001-6016-7679""","""Canadian statistician""",refinement,property_value_update
1501235498,-2,description,"Nathaniel Delano, of Dartmouth",description,"""-""","""(1695 - 1770)""",property_value_update,property_value_update
780089106,-2,description,Böblingen station,description,"""railway station in Stuttgart, Germany""","""railway station in Böblingen, Germany""",property_value_update,property_value_update
875833060,2580,Q55105550$BE78F829-1A34-4A69-B8A8-7ED7228E21FC,Paul von Schroeder,Baltisches Biographisches Lexikon digital ID (former scheme),"""Schroeder-Paul-1877-1908""","""GND1014294576""",property_value_update,property_value_update
1437214124,856,Q100166601$6c38c19e-48ec-a972-ec9a-ab61f8b51e6b,516 Arouca,official website,"""https://ponte516arouca.com/""","""https://516arouca.pt/""",property_value_update,property_value_update
1187105359,-1,label,Rsph1,label,"""CG5458""","""Rsph1""",property_value_update,property_value_update
416212419,-1,label,ATP5,label,"""F1F0 ATP synthase subunit 5 YDR298C""","""ATP5""",property_value_update,property_value_update
1518976212,-2,description,A.I. Love You,description,"""work""","""Japanese manga series""",property_value_update,property_value_update
416214935,-1,label,PIC2,label,"""Cu/Pi carrier YER053C""","""PIC2""",property_value_update,property_value_update
1240259071,214,Q95804683$E94CFA45-3B2A-4F30-B571-6A5AA9CEAB71,Frank Gill,VIAF cluster ID,"""311664095""","""108509684""",property_value_update,property_value_update
344311098,-1,label,Hmgb1-ps2,label,"""high mobility group box 1, pseudogene 2""","""Hmgb1-ps2""",textual_change,property_value_update
974433982,244,Q1121599$05f3cae3-47a7-804c-14b2-8fe2a4776d23,Stefan Kaiser,Library of Congress authority ID,"""Deutsche Nationalbibliothek""","""nid=119348500""",property_value_update,property_value_update
1120263694,-2,description,Border of a Shawl,description,"""artwork in the Cleveland Museum of Art's collection""","""textile by unknown artist (1925.474.b)""",property_value_update,property_value_update
2102285846,-2,description,Dave Prichard,description,"""musical artist""","""American guitarist""",refinement,refinement
248684721,-2,description,Serolina delaria,description,"""species of malacostracans""","""species of crustacean""",unrefinement,unrefinement
1510688551,-2,description,Malenga,description,"""human settlement in Belomorsky District, Republic of Karelia, Russia""","""railway station in Belomorsky District, Republic of Karelia, Russia""",property_value_update,property_value_update
1571787433,-2,description,Fuente del paseo Pintor Rosales,description,"""monument in Madrid, Spain""","""fountain in Madrid, Spain""",refinement,property_value_update
668812920,-1,label,CAAX amino terminal protease CBO0541,label,"""CAAX amino terminal protease CLC_0464""","""CAAX amino terminal protease CBO0541""",property_value_update,property_value_update
1729498376,-2,description,Johny Kaligis,description,"""political candidate (from Manado; district Sulut in 2009)""","""Indonesian political candidate""",unrefinement,"refinement, unrefinement"
661015516,3430,Q441440$06A4CD49-A29A-48A1-9E24-22493CDCE613,Judy Chicago,SNAC ARK ID,"""w6bv8229""","""w6w48kc8""",property_value_update,property_value_update
672197155,3064,Q7074689$456278D8-2D75-4337-A828-A51A7F7B42F5,Obeidia gigantearia,LepIndex ID,"""240765.0""","""240765""",unrefinement,unrefinement
68354017,-1,label,municipality of Venezuela,label,"""municipalities of Venezuela""","""municipality of Venezuela""",textual_change,unrefinement
1120553311,-2,description,Decorative Urn,description,"""artwork in the Cleveland Museum of Art's collection""","""print by Jean Le Pautre (French, 1618-1682) (2003.283)""",property_value_update,property_value_update
1578645043,396,Q63248120$8CAC40AF-81B2-4B24-A15D-EECBBDEB926C,Umberto Benassi,SBN author ID,"""IT\\ICCU\\TO0V\\019625""","""TO0V019625""",unrefinement,textual_change
1234552684,856,Q18423512$4720F096-7271-4E2B-899E-5AD6D5AD12C5,,official website,"""http://parafiasarzyna.pl""","""http://sarzyna.przemyska.pl""",property_value_update,property_value_update
973593432,-1,label,"peroxisome assembly protein 22, putative",label,"""PKNH_0945800.1""","""peroxisome assembly protein 22, putative""",property_value_update,property_value_update
1120241972,18,Q45779$71B59500-D98F-474B-B429-F248556E8035,Pécs,image,"""Pecs - Hungary - EU.JPG""","""Pécs Montage.jpg""",property_value_update,textual_change
831727414,-2,description,Boys & Girls Club of Laguna Beach,description,"""http://www.bgclagunabeach.org""","""American nonprofit organization""",property_value_update,property_value_update
1905592174,-1,label,Roblox,label,"""Hamidblox""","""Roblox""",property_value_update,property_value_update
1803614026,-2,description,Ivan Jurković,description,"""Russian historian""","""Croatian historian""",property_value_update,property_value_update
806369922,973,Q20539008$4BFDE92D-9BF0-48F9-8C4F-461E585096AD,Stilhedens sal. Opus I,described at URL,"""http://www.smk.dk/en/explore-the-art/search-smk/#/detail/KMS7946f""","""http://collection.smk.dk/#/en/detail/KMS7946f""",property_value_update,property_value_update
671603760,18,Q390597$8e4fdd21-4315-66ee-5bd6-164588ead6ac,Agares,image,"""Agares.jpg""","""Aguarès.png""",property_value_update,property_value_update
1095208126,214,Q543961$e7bf8f67-4427-0bae-0270-ebd186aae98c,Alexandreis,VIAF cluster ID,"""305992851""","""185118541""",property_value_update,property_value_update
377137596,1663,Q3057539$ff2f1813-458c-f5fb-94f3-701ac5cf1737,Erwann Corbel,ProCyclingStats cyclist ID,"""Erwann_Corbel""","""137782""",property_value_update,property_value_update
1135116145,-2,description,Hercules beetle,description,"""The largest, strongest and most famous species of rhinoceros beetle in the world""","""Subsribe to Atom Whymark for fun content""",property_value_update,property_value_update
1404221298,-2,description,Michael J. Sharkey,description,"""U.S. researcher""","""U.S. entomologist""",refinement,refinement
672699622,3064,Q13531340$6E65C27E-C53F-4909-B740-728DFD71157E,Gnophaela aequinoctialis,LepIndex ID,"""46850.0""","""46850""",unrefinement,textual_change
1579905834,396,Q57907955$9C6D4EFA-ED52-464F-8EF9-1052448FA287,Angelo Donato Tirabassi,SBN author ID,"""IT\\ICCU\\CUBV\\121499""","""CUBV121499""",unrefinement,textual_change
2240199639,-2,description,Bou Gader,description,"""hill in Morocco""","""ridge in Morocco""",property_value_update,property_value_update
1780022197,2369,Q276297$AA1ACB43-4F73-4C0B-8F70-13B36A89BDD1,Takanobu Komiyama,Soccerway player ID,"""takanobu-komiyama/5383""","""-/5383""",unrefinement,property_value_update
2275528306,564,Q85236851$a564584e-4916-0be3-454e-092630a56641,Catherine Harrison,singles record,"""160–125""","""199–151""",property_value_update,property_value_update
1789045316,18,Q115686959$4F429A9A-D934-4A52-9377-9163890DB3B1,,image,"""Historico-Topographica Descriptio. 1. Das Renntambt München 061.jpg""","""Wilhelminum München.png""",property_value_update,property_value_update
1879761799,-2,description,Common Talk Weekly,description,"""Fujian bilingual newspaper""","""Xiamen Daily's English Supplement""",property_value_update,property_value_update
1785744603,-2,description,Giuseppe Annacontini,description,"""ISNI: 0000 0003 6616 7201; LC: no2012010282; http://viaf.org/viaf/230388472/""","""Italian pedagogue (1973-)""",property_value_update,property_value_update
1803470596,-1,label,1-Palmitoleoyl-2-myristoyl-3-homo-g-linolenoyl-glycerol,label,"""[(2S)-3-[(Z)-hexadec-9-enoyl]oxy-2-tetradecanoyloxypropyl] (8Z,11Z,14Z)-icosa-8,11,14-trienoate""","""1-Palmitoleoyl-2-myristoyl-3-homo-g-linolenoyl-glycerol""",property_value_update,property_value_update
1701349875,-2,description,Lac Laperrière,description,"""lake in Abitibi-Témiscamingue, Canada""","""lake in Duhamel-Ouest, Quebec, Canada""",property_value_update,property_value_update
2038516404,14,Q26781598$122d9294-4650-6b6b-dde6-63e34b63f411,State road D959,traffic sign,"""D 959.png""","""D959-TR.svg""",property_value_update,textual_change
251297265,-2,description,Achipteria alpestris,description,"""species of arthropods""","""species of arachnid""",refinement,refinement
250993417,-2,description,Attheyella (Neomrazekiella) trispinosa,description,"""species of arthropods""","""species of crustacean""",refinement,refinement
391042694,-1,label,Harry Potter and the Cursed Child,label,"""very good""","""Harry Potter and the Cursed Child""",property_value_update,property_value_update
353036460,973,Q21679780$8CB71974-D9C8-4331-84DE-AC187B4200B5,Nude with Necklace,described at URL,"""http://mskgent.be/collection/work/id/1954-J""","""http://mskgent.be/collection/work/data/1954-J""",property_value_update,textual_change
2225658670,-1,label,Raspivano Bibinje,label,"""Tarsilla Ana Osti""","""Raspivano Bibinje""",property_value_update,property_value_update
976141699,1265,Q49848331$331f4a31-4d8a-d56a-6563-107d7168fccf,How to Conquer America in One Night,AlloCiné film ID,"""tt0398878""","""94690""",property_value_update,property_value_update
891440765,-1,label,"RAP protein, putative",label,"""RAP protein, putative""","""PRELSG_0920400.1""",property_value_update,property_value_update
2025850275,-1,label,Exit Sign,label,"""Even Some""","""Exit Sign""",property_value_update,property_value_update
1766348641,-1,label,The Hunger Games,label,"""Great movie for 5 year olds""","""The Hunger Games""",property_value_update,property_value_update
1354148536,2397,Q35086816$e022d1e1-44b3-315f-b914-0ca08bac26e1,Yair Netanyahu,YouTube channel ID,"""YairNetanyahuTV""","""UCl9ECrTn0KjBnANt8f9DPsQ""",property_value_update,property_value_update
251320311,-2,description,Setosellina roulei,description,"""species of moss animals""","""species of bryozoan""",refinement,refinement
1792241476,-1,label,legislative body of Cork City Council,label,"""Giga chad""","""legislative body of Cork City Council""",property_value_update,property_value_update
2223829504,-2,description,Batulicin River,description,"""stream in East Java, Indonesia""","""river in East Java, Indonesia""",unrefinement,textual_change
1835228226,227,Q663755$58883cc4-4a34-d620-d49d-aec8d003783b,U1,GND ID,"""982424590""","""7553795-3""",property_value_update,property_value_update
1092346979,-1,label,Gm26072,label,"""LOC115490237""","""Gm26072""",property_value_update,property_value_update
357428859,214,Q13085293$C9971EC3-92E0-446E-9B99-D7B47C7AA0A5,Maurice Braibant,VIAF cluster ID,"""51864243""","""88033293""",property_value_update,property_value_update
2346986343,18,Q1636613$09DDF8EC-0F40-4F10-A237-E184CF0234E8,Pasila,image,"""Elisan linkkitorni, Pasilan asema ja Tripla 2019-12-03.jpg""","""Pasila in Helsinki, Finland, 2023 September.jpg""",property_value_update,property_value_update
1581247168,-1,label,or42a5,label,"""or109-3""","""or42a5""",property_value_update,property_value_update
2006707717,18,Q15462627$F3E7718D-6B0B-4BD3-BA87-658789763777,Hermann Winterhalter,image,"""Winterhalter, Franz Xaver - Self-portrait with artist's brother - Google Art Project.jpg""","""Hermann Winterhalter.jpg""",property_value_update,property_value_update
1242098547,3083,Q93219158$1F8A1795-B37F-4C1E-A046-95F09C719505,1RXS J113701.6-325906,SIMBAD ID,"""1RXS J113701.6-325906""","""* 23 Crt""",property_value_update,property_value_update
1112325524,18,Q12359445$C9BD386B-EC01-45D6-8986-7252548A0A23,Antti Kammiste,image,"""Kammiste.IMG 9868.JPG""","""Antti Kammiste, muusik 87.jpg""",property_value_update,property_value_update
2254331265,3215,Q130382766$0F5DBA6E-A90A-4423-B070-A12AD86433B7,,SIRET number,"""39264009005437""","""39264009004331""",property_value_update,property_value_update
1493978775,-2,description,Fernando García Cadiñanos,description,"""roman-catholic clergyman""","""roman-catholic bishop""",unrefinement,refinement
1649992837,373,Q4185276$c352ccd9-464e-ce19-a878-8575fffd5038,Zalissia,Commons category,"""Zalesye (Simferopol district)""","""Zalesye (Simferopol Raion)""",property_value_update,textual_change
904695629,1237,Q4444030$381b7425-46b5-5100-966f-3048070911ac,Street Racers,Box Office Mojo film ID (former scheme),"""https://www.boxofficemojo.com/movies/intl/?page=&country=LI&id=_fSTRITREYSERY01""","""_fSTRITREYSERY01""",property_value_update,unrefinement
502738586,-1,label,UPF0375 protein ule-4 CELE_C08F11.11,label,"""UPF0375 protein C08F11.11 CELE_C08F11.11""","""UPF0375 protein ule-4 CELE_C08F11.11""",refinement,refinement
1570563617,-2,description,Carleton Jones,description,"""researcher""","""archaeologist""",refinement,property_value_update
1743919072,14,Q3359530$C4207BDC-C57D-46EB-8A16-84D6B9972B71,PA-30,traffic sign,"""PA-30Spain.png""","""Autovía PA-30.svg""",property_value_update,property_value_update
1780079620,2369,Q780276$7b7a299e-4ed9-637e-3e0f-ac54245fe730,Laurent Ugo,Soccerway player ID,"""laurent-ugo/56192""","""-/56192""",unrefinement,unrefinement
674295555,3064,Q14425799$B28D376B-45F8-4BC0-BEBB-2196C23E0024,Syllepte nigralis,LepIndex ID,"""28765.0""","""28765""",unrefinement,textual_change
1591293638,-2,description,Robert H. Rayburn,description,"""born 10/31/1866 ; 1 1913 - 1914 (House)""","""American politician""",property_value_update,property_value_update
1118930552,-2,description,Medal: In Commemoration of the Fortieth Anniversary - The Warner and Swasey Company,description,"""artwork in the Cleveland Museum of Art's collection""","""metalwork by Victor D. Brenner (American, 1871-1924) (1930.299)""",property_value_update,refinement
935761146,-2,description,Solo Cissokho,description,"""Norwegian jazz musician""","""Senegalese jazz musician""",property_value_update,property_value_update
863058538,-2,description,Pseudorhodobacter,description,"""genus of prokaryotes""","""genus of bacteria""",refinement,refinement
516189352,214,q825125$2C955845-0D5F-4B43-A481-FC87F4C593AD,Bernhard Grimminger,VIAF cluster ID,"""25189203""","""313470207""",property_value_update,property_value_update
922529037,-1,label,"conserved protein, unknown function",label,"""PY17X_0914600.1""","""conserved protein, unknown function""",property_value_update,property_value_update
361018429,2611,Q23657193$A9B85B61-E843-440F-9C27-FC2E45CA4E9A,Simon Lewis,TED speaker ID,"""1078""","""simon_lewis""",property_value_update,property_value_update
377681635,856,Q2115673$00F7C098-9431-4D39-9526-6FDDD81A4522,Miroslava Karpovich,official website,"""http://miroslava.at.ua""","""http://blog.mirakar.ru""",property_value_update,property_value_update
2351698930,373,Q41273654$305ee1ca-701b-4dd0-80e7-242d11cfd3d2,,Commons category,"""Friedrich-Ebert-Allee 12 (Bad Reichenhall)""","""Villa Rupertus""",property_value_update,property_value_update
991071902,-1,label,protocadherin 8,label,"""EmuJ_000975900.1""","""protocadherin 8""",property_value_update,property_value_update
1466407370,948,Q813962$85fde23e-4f58-30d1-727f-fc07e74f715e,Bedworth,page banner,"""Liemba Banner.jpg""","""Bedworth Banner.jpg""",property_value_update,property_value_update
2254314865,-2,description,Ki Ageng Selo,description,"""Father of Ki Ageng Ngenis""","""Farmer and spiritual leader""",property_value_update,property_value_update
1269745984,-1,label,Nebengebäude Hauptstraße 76 in Mömlingen,label,"""part #1 of cultural heritage D-6-76-140-5 in Bavaria, Germany""","""Nebengebäude""",property_value_update,property_value_update
1377460743,1566,Q505079$1A5ACEB4-F655-4871-B739-E8B9071CC97E,Markt Taschendorf,GeoNames ID,"""2823968""","""6556913""",property_value_update,property_value_update
1046709027,-1,label,"geranylgeranyl transferase type-2 subunit beta, putative",label,"""PGAL8A_00528900.1""","""geranylgeranyl transferase type-2 subunit beta, putative""",property_value_update,property_value_update
205562495,-1,label,"January 6, 2009",label,"""Portal:Current events/2009 January 6""","""6 January 2009""",property_value_update,property_value_update
1470837002,8286,Q13461780$1cd6492f-41cf-3d5a-5617-da5f0e76a788,Liu Yuchen,Olympedia people ID,"""Liu Yuchen""","""141823""",property_value_update,property_value_update
736676743,2186,Q56378369$57f8d13c-4a07-ee4d-0e9f-b4db7621972b,Monumento ai caduti,Wiki Loves Monuments ID,"""piazzale Vittorio Veneto""","""09D6730001""",property_value_update,property_value_update
1463175970,528,Q107581523$6FB97ED3-22D0-4B96-9017-501D2AC4AB83,Portrait of Krysia Wolszlegier,catalog code,"""I 0000""","""I 01330""",property_value_update,property_value_update
921091732,-1,label,"peptidyl-prolyl cis-trans isomerase, putative",label,"""PKNH_0818800.1""","""peptidyl-prolyl cis-trans isomerase, putative""",property_value_update,property_value_update
1329000203,-1,label,Nostalgic,label,"""IMO 8511952""","""Nostalgic""",property_value_update,property_value_update
494009321,-2,description,ABC transporter substrate-binding protein EAE_12810,description,"""microbial protein found in Enterobacter aerogenes KCTC 2190""","""microbial protein found in Klebsiella aerogenes KCTC 2190""",property_value_update,property_value_update
516820249,564,q11459$6A511EDC-F27D-41E7-B0C6-80E91726197E,Serena Williams,singles record,"""775–129""","""783–130""",property_value_update,property_value_update
2165208880,3984,Q55536517$E33F351B-DA29-4178-949A-8CE55ADC69FA,Onimai: I'm Now Your Sister!,subreddit,"""NoGameNoLifeNSFW""","""OnimaiHentai""",property_value_update,property_value_update
423789256,-1,label,Jagged canonical Notch ligand 1,label,"""Protein jagged-1""","""Jagged 1""","textual_change, unrefinement",refinement
975370503,268,Q175282$218224fc-4e55-d1db-b1cc-6446df97edc0,Samuel Maykapar,Bibliothèque nationale de France ID,"""43126820r""","""164485433""",property_value_update,property_value_update
986364639,-1,label,Has domain(s) with predicted catalytic activity and role in metabolic process,label,"""Afu7g01660-T""","""Has domain(s) with predicted catalytic activity and role in metabolic process""",property_value_update,property_value_update
353091922,973,Q22246236$E92F60A4-9D03-4EAA-8614-565A61141CE3,My Dead Father,described at URL,"""http://mskgent.be/collection/work/id/1998-B-35-2""","""http://mskgent.be/collection/work/data/1998-B-35-2""",property_value_update,property_value_update
242340772,-2,description,Mycetophilidae,description,"""family of flies""","""family of insects""",unrefinement,unrefinement
922021882,-1,label,"glycerophosphodiester phosphodiesterase, putative",label,"""PRELSG_1344500.1""","""glycerophosphodiester phosphodiesterase, putative""",property_value_update,property_value_update
2341342599,-2,description,Birley Hay,description,"""human settlement in England""","""hamlet in Derbyshire, England, UK""",refinement,refinement
2247307014,-1,label,Nowiny,label,"""Nowiny, Kalisz County""","""Nowiny""",unrefinement,unrefinement
1028840175,-1,label,cntA,label,"""An08g10300""","""cntA""",property_value_update,property_value_update
707309697,214,Q15813148$69629f14-41f5-58be-46c4-a3e3d8f80108,Hideo Shinoda,VIAF cluster ID,"""254415319""","""169144898817250290496""",property_value_update,property_value_update
1901164658,3225,Q817123$86D9F63C-EA48-4510-A2B9-3B69F4685D1A,Benesse,Corporate Number (Japan),"""6260001006015""","""1260001011820""",property_value_update,property_value_update
1393608440,-1,label,gray,label,"""gray""","""grey""",textual_change,textual_change
270816419,-2,description,T-lymphocyte activation antigen CD86,description,"""mouse protein""","""human protein""",property_value_update,property_value_update
1462283216,214,Q107074751$b1cddcfb-4099-caf0-7382-2d86640bbaa6,Andries Dykhuysen,VIAF cluster ID,"""282893418""","""123158669810227201621""",property_value_update,property_value_update
1725938837,-2,description,Erik Rikkerink,description,"""researcher""","""plant pathologist""",refinement,refinement
1729372787,373,q452582$2F8CA563-C7A1-4A5E-92F7-4326104C5267,Anna Ryzhykova,Commons category,"""Hanna Yaroshchuk""","""Anna Ryzhykova""",property_value_update,property_value_update
1129424370,-2,description,Margaret Bayley,description,"""born 1784""","""(1784-1825)""",refinement,refinement
2079310823,973,Q112586781$0196fe1b-480a-2ba9-97a7-2942b501dab3,Parish Hall,described at URL,"""https://apps.dynasphere.de/0001/report/rep_OBJEKT_bauinventar_250347.pdf""","""https://www.denkmalpflege.apps.be.ch/de/collection/item/14068/""",property_value_update,property_value_update
2252377931,18,Q23786453$d7cd2773-4f3d-d1d7-9ecf-a5d07959a165,Torwache der Marine-Burg in Muerwik,image,"""Flensburg Marieneschule 0331.jpg""","""Marineschule Mürwik 2024 gate.jpg""",property_value_update,property_value_update
1171945308,1890,Q20533462$de945087-4a38-779b-8847-ee004fd04fae,Marino López Blanco,CCAB ID,"""10000000000000000159630""","""000462610""",property_value_update,property_value_update
2258620733,-2,description,John Harold Mousley,description,"""(died 1959)""","""(1885-1959)""",refinement,refinement
83404400,214,q1676316$A49D91EB-52A9-4860-9F1F-9A04642E1222,J. Edward Day,VIAF cluster ID,"""42638841""","""206628503""",property_value_update,property_value_update
1375802903,214,q2061183$64FF68E0-3FC4-4D10-8EF2-1842AF378919,Paul Massie,VIAF cluster ID,"""163233826""","""464149196565174792658""",property_value_update,property_value_update
1696849560,-1,label,Megalochelys atlas,label,"""Colossochelys atlas""","""Megalochelys atlas""",property_value_update,property_value_update
313705186,-2,description,Cláudia Provedel,description,"""Brazilian actor""","""Brazilian actress""",property_value_update,property_value_update
1009249290,-1,label,ASTM A519/A519M,label,"""Specification for Seamless Carbon and Alloy Steel Mechanical Tubing""","""ASTM A519""",property_value_update,property_value_update
986512973,-1,label,Has domain(s) with predicted catalytic activity and role in metabolic process,label,"""An03g06320-T""","""Has domain(s) with predicted catalytic activity and role in metabolic process""",property_value_update,property_value_update
344214236,-1,label,D5Mit298,label,"""DNA segment, Chr 5, Massachusetts Institute of Technology 298""","""D5Mit298""",property_value_update,property_value_update
415715085,214,Q2350000$11be4334-40ec-7b35-95d6-db0011af1c65,Maurice Orban,VIAF cluster ID,"""281744442""","""90146824858107631285""",property_value_update,property_value_update
242446949,-2,description,Poecilomyia,description,"""genus of flies""","""genus of insects""",unrefinement,unrefinement
604284857,268,q13422886$b53d28c7-4b96-9d99-b5fc-3d0f849b3e00,Ndiouga Moctar Ba,Bibliothèque nationale de France ID,"""38388111h""","""14076141g""",property_value_update,property_value_update
305910948,1421,Q1762206$6D35DB0E-4963-45FE-940E-2425D4C4187F,Cephalotaxus wilsoniana,GRIN URL,"""http://www.ars-grin.gov/cgi-bin/npgs/html/taxon.pl?104667""","""https://npgsweb.ars-grin.gov/gringlobal/taxonomydetail.aspx?id=104667""",property_value_update,textual_change
241715802,-2,description,Hisonotus leucophrys,description,"""species of ray-finned fishes""","""species of fish""",unrefinement,unrefinement
1148829944,281,Q1715175$C4568C23-C322-495B-8A46-190141E63EAC,Jöllenbeck,postal code,"""33739, <small>alt: 4800</small>""","""33739""",unrefinement,unrefinement
1810569383,-1,label,Lillooet 1A,label,"""Lillooet Indian Reserve 1A""","""Lillooet 1A""",unrefinement,unrefinement
2231748831,-2,description,Whites Bluff,description,"""cliff  in Clarke County, Alabama, United States of America""","""cliff in Clarke County, Alabama, United States""",unrefinement,textual_change
240777714,-2,description,Cynanchum rubricoronae,description,"""species of vascular plants""","""species of plant""",unrefinement,unrefinement
2304416156,-2,description,AdventHealth East Orlando,description,"""non-profit hospital in Orlando, Florida, United States""","""hospital in Florida, United States""",unrefinement,unrefinement
243204516,-2,description,Eupithecia robusta,description,"""species of moth""","""species of insect""",unrefinement,unrefinement
1852294186,-2,description,Plant life and evolution,description,"""New York,H. Holt,1911. | University of California Libraries (archive.org) View Book""","""New York, H. Holt, 1911.""",unrefinement,textual_change
241320163,-2,description,Prosthechea farfanii,description,"""species of flowering plants""","""species of plant""",unrefinement,unrefinement
243476431,-2,description,Cladochaeta minuta,description,"""species of flies""","""species of insect""",unrefinement,unrefinement
1811529180,-2,description,Noah Kibet,description,"""Kenyan middle-distance runner""","""Kenyan athletics competitor""",unrefinement,unrefinement
1061952963,-2,description,Rina Franchetti,description,"""Italian actress, born Ester Girgenti""","""Italian actress""",unrefinement,unrefinement
2034436324,-2,description,Prabowo S.,description,"""Indonesian politician (born 1957 in Pontianak)""","""Indonesian politician (born 1957)""",unrefinement,unrefinement
984844801,856,Q2429170$66C9F897-DF97-4BD7-A153-BD06EE7C78AF,Bashkir Nature Reserve,official website,"""http://www.bashzapovednik.ru/""","""https://bashzapoved.ru""",property_value_update,property_value_update
2280425459,2722,Q123109108$4638b8a5-4e5d-ec8b-7b0f-f9a70b6c2da6,Hugo Guezeta,Deezer artist ID,"""54951892?app_id=140685""","""140685""",unrefinement,property_value_update
615446661,373,Q45127293$B0766A5C-76A3-4A3C-AA9A-86E11E0CE96E,,Commons category,"""Cultural heritage monuments in Bremen-Östliche Vorstadt""","""Cultural heritage monuments in Östliche Vorstadt""",unrefinement,unrefinement
609932356,-1,label,Křižíkova,label,"""Category:Křižíkova (Mariánské Lázně)""","""Křižíkova (Mariánské Lázně)""",unrefinement,unrefinement
1110817214,-2,description,Catocala johnsoniana,description,"""species of insect""","""species of moth""",refinement,refinement
1747492373,3901,Q1379330$C477A56B-FB3F-44B8-B154-25ADC6F76936,Eva Mahn,ADAGP artist ID,"""706769""","""eva-mahn-706769""",refinement,property_value_update
2246067493,-1,label,Miguel Cané,label,"""Miguel Cané, La Pampa""","""Miguel Cané""",unrefinement,unrefinement
237956226,-1,label,Category:Halford (band) albums,label,"""Category:Halford albums""","""Category:Halford (band) albums""",refinement,textual_change
1308441431,-1,label,Richard Hughes,label,"""Richard Wethered Morland Hughes""","""Richard Hughes""",unrefinement,unrefinement
241976091,-2,description,Penicillium dupontii,description,"""species of ascomycetes fungi""","""species of fungus""",unrefinement,unrefinement
250720396,-2,description,Menemerus eburnensis,description,"""species of spider in the Salticidae family""","""species of arachnid""",unrefinement,unrefinement
561581696,-1,label,Pottawatomie Township,label,"""Pottawatomie Township, Franklin County, Kansas""","""Pottawatomie Township""",unrefinement,unrefinement
1914043734,4124,Q33281144$70F52102-9CA6-4018-867E-226D74DDAFD3,Christophe Garat,Who's Who in France biography ID,"""christophe-garat_64690""","""64690""",unrefinement,unrefinement
443522350,-2,description,Pretty Little Liars,description,"""American teen drama mystery-thriller television series, locas""","""American teen drama mystery-thriller television series.""",unrefinement,textual_change
2343474960,-2,description,Mary F. Stevens,description,"""Tohono O'odham (Papago) artist (b. 1911)""","""Tohono O'odham artist (b. 1911)""",unrefinement,unrefinement
350337397,-1,label,Napoleon,label,"""Napoleon, Michigan""","""Napoleon""",unrefinement,unrefinement
2252561459,-1,label,Matsubara 2-chōme,label,"""Matsubara 2-chōme, Nagoya""","""Matsubara 2-chōme""",unrefinement,unrefinement
651352140,-1,label,Cheapside,label,"""Cheapside, Berkshire""","""Cheapside""",unrefinement,unrefinement
188983323,-1,label,William C. Morris,label,"""William C. Morris, Buenos Aires""","""William C. Morris""",unrefinement,unrefinement
1317750696,-2,description,LR99ES15,description,"""Research Laboratory in Tunisia""","""laboratory in Tunisia""","textual_change, unrefinement",unrefinement
1470346993,2671,Q107258226$fcb12b05-49a0-2cd9-c0f6-c2c6a606c05e,Shogo Tajima,Google Knowledge Graph ID,"""https://g.co/kgs/X2ft4a""","""/g/kgs/X2ft4a""",unrefinement,textual_change
974891879,2580,Q24352450$CA1B39C8-C244-4642-903D-9E83F408364B,Louis Karl Johann Paul von Baumgarten,Baltisches Biographisches Lexikon digital ID (former scheme),"""Baumgarten-Louis-Karl-Johann-Paul-1853-1931""","""Baumgarten-Louis-K-J-P-1853-1931""",unrefinement,unrefinement
345064708,-1,label,Lincoln Heights,label,"""Lincoln Heights, Ohio""","""Lincoln Heights""",unrefinement,unrefinement
1083277426,973,Q28086572$8C916382-6ACB-4907-A660-2E2061F6637E,,described at URL,"""http://data.collectienederland.nl/resource/aggregation/rce-kunstcollectie/72a58e3b-436f-4906-b869-59adf1b9d115""","""https://data.collectienederland.nl/resource/aggregation/rijkscollectie-rce/C2160""",property_value_update,property_value_update
685529000,3064,Q13229834$0B269EAB-EAD3-40AD-ABF6-8A4D840AF125,Adonisea honesta,LepIndex ID,"""253134.0""","""253134""",unrefinement,unrefinement
472027004,-1,label,H4 clustered histone 13,label,"""Histone cluster 1 H4 family member c""","""Histone cluster 4 H4""",property_value_update,property_value_update
1422091849,4944,Q3421241$AEADFB8C-CAC1-41CC-92D9-027AD5F4D07A,Raymond de Ségur d'Aguesseau,Premiers préfets ID,"""dd1b52e0523e48b95807cffc59f22d048e558aa2""","""d_1092""",property_value_update,property_value_update
2296591108,-2,description,A Coastline with Ships at Sea,description,"""watercolour by anonymous artist or maker""","""watercolor by anonymous artist""",unrefinement,textual_change
242352973,-2,description,Codocera,description,"""genus of beetles""","""genus of insects""",unrefinement,unrefinement
1508222311,-1,label,Shmuel Ginzburg,label,"""Shmuel (Mila) Ginzburg""","""Shmuel Ginzburg""",unrefinement,unrefinement
345308739,-1,label,Standard,label,"""Standard, West Virginia""","""Standard""",unrefinement,unrefinement
2280074313,-1,label,Robert Perry Rodgers,label,"""Robert Rodgers""","""Robert Perry Rodgers""",unrefinement,refinement
1257717406,3393,Q1714356$D2078786-AFB8-405D-803C-941E9215AF46,Tampa Bay Times,LittleSis organization ID,"""172187-Tampa_Bay_Times""","""172187""",unrefinement,unrefinement
2341454360,-1,label,A Dangerous Experiment,label,"""A Dangerous Experiment: A Novel""","""A Dangerous Experiment""",unrefinement,unrefinement
1501662708,1368,Q108615802$3b3ee882-4313-a5b3-14f1-e3672a2d36ee,Juan López Ramón,National Library of Latvia ID,"""LNC10-000124520""","""000124520""",unrefinement,unrefinement
825209585,3995,Q59811873$e09b53c7-40cb-b192-608a-a04065a45b53,Damian Nenow,Filmweb.pl ID,"""474050""","""Damian+Nenow-474050""",refinement,refinement
979493718,856,Q192609$FBC84C8D-1ED0-4D5C-AB9D-2C694ACBC146,Clannad,official website,"""https://web.archive.org/web/20090301055039/http://www.clannad.ie/""","""http://www.clannad.ie/""",unrefinement,unrefinement
647554844,-1,label,Østby,label,"""Østby, Sør-Trøndelag""","""Østby, Trøndelag""",unrefinement,textual_change
673578860,3064,Q5226399$657EFDA9-0064-48A8-91BB-59BE13DC1D3A,Standfussiana,LepIndex ID,"""248930.0""","""248930""",unrefinement,textual_change
369271160,856,Q634227$ACB05ABE-1A44-4EAD-AD77-B75A00D8A892,Beechcraft,official website,"""http://www.hawkerbeechcraft.com/beechcraft/""","""http://beechcraft.txtav.com/en""",property_value_update,property_value_update
121706562,-1,label,Philosophy & Social Action,label,"""Philosophy and Social Action: philosophy, science and society""","""Philosophy & Social Action""","textual_change, unrefinement",unrefinement
2218600718,-2,description,Pupilla iratiana,description,"""species of molluscs""","""species of mollusc""",textual_change,textual_change
238039556,373,q240576$A3D6E284-9AEF-40F5-A04E-3068EC57B86F,Edmondo de Amicis,Commons category,"""Edmundo De Amicis""","""Edmondo De Amicis""",textual_change,textual_change
2108147625,-1,label,Pierre Chabert,label,"""Pierre Machabert""","""Pierre Chabert""",property_value_update,property_value_update
241806311,-2,description,Euripersia inquilina,description,"""species of insects""","""species of insect""",textual_change,unrefinement
944277986,2327,Q47510056$b0f629ed-497a-a183-e233-6dfc2c40ffe1,"2018 Women's Herald Sun Tour, Stage 2",ProCyclingStats race ID,"""180553""","""180552""",property_value_update,property_value_update
1785895960,856,Q635932$2ecb48ce-4c51-f926-285a-85922592df90,Carl de Keyzer,official website,"""http://www.carldekeyzer.com""","""https://www.carldekeyzer.com/""",textual_change,textual_change
1647717118,-2,description,Fangel Kro & Hotel,description,"""hotel in Odense, Denmark""","""hotel near Odense, Denmark""",textual_change,property_value_update
1871022654,1031,Q106409286$77C45CE2-F9DA-45D6-8116-624967A8A74D,Supply Act 1867,legal citation of this text,"""30 & 31 Vic c. 30""","""30 & 31 Vict. c. 30""",textual_change,textual_change
1723176054,-2,description,Thierschingberg,description,"""mountain south-west of Dorfgütingen (Feuchtwangen), Middle Franconia, Germany""","""mountain north-west of Dorfgütingen (Feuchtwangen), Middle Franconia, Germany""",property_value_update,property_value_update
1438879742,7859,Q105982407$825c8158-4fa6-6fe8-676f-47ebb7896142,Hortense Ferne,WorldCat Identities,"""lccn-no200810633""","""lccn-no2008106337""",property_value_update,property_value_update
698870857,-1,label,Ospedaletto Lodigiano railway station,label,"""Ospedaletto Lodigiano railway statino""","""Ospedaletto Lodigiano railway station""",textual_change,textual_change
2049740785,856,Q11357033$CDB35841-0000-49E3-BD92-D72CA28544B0,Mitsubishi Precision,official website,"""http://www.mpcnet.co.jp/""","""https://www.mpcnet.co.jp/""",textual_change,textual_change
205043033,373,q2465016$2AEE17C3-6BB1-40A5-B72A-16D2A0A49511,Saint Sophia Cathedral in Polotsk,Commons category,"""Cathedral of Saint Sophia, Polatsk""","""Cathedral of Saint Sophia in Polack""",textual_change,textual_change
660948105,782,Q2352064$05624E64-0BA5-481B-84DD-385BD3B2E720,Hroubovice,LAU,"""571504""","""CZ571504""",refinement,textual_change
1356840664,856,Q10942907$B4F685B5-77BD-49AC-93A6-D73B39F16954,GOOD TV,official website,"""http://www.goodtv.tv/""","""https://www.goodtv.tv/""",textual_change,textual_change
2218394538,-2,description,Bryobia triloba,description,"""species of arthropods""","""species of arthropod""",textual_change,textual_change
1538763009,856,Q1783171$AACEDC64-5FE7-43CB-A65B-604944A09BFE,Navajo Nation,official website,"""http://www.navajo-nsn.gov/""","""https://www.navajo-nsn.gov/""",textual_change,textual_change
2219110903,-2,description,Loxosceles olivaresi,description,"""species of spiders""","""species of spider""",textual_change,textual_change
2052033840,-1,label,horizontal bar chart,label,"""horizontal bar charts""","""horizontal bar chart""",textual_change,textual_change
1431041926,-1,label,Parul Mukherjee,label,"""Parul Muherjee""","""Parul Mukherjee""",textual_change,textual_change
712282809,-1,label,Santa Jona,label,"""Santo Iona""","""Santa Jona""",textual_change,property_value_update
1254178934,-1,label,Anni Hyvärinen,label,"""Anni Hyvaerinen""","""Anni Hyvärinen""",textual_change,textual_change
1174597467,1709,Q52943$3faf6357-4f8d-4f99-2116-a1bed0ccc218,conversation,equivalent class,"""http://schema.org/Conversation""","""https://schema.org/Conversation""",textual_change,textual_change
820449441,-1,label,Heinz Guderian,label,"""Heinz Guderian""","""Heinz Guderians""",textual_change,textual_change
1525362344,-2,description,,description,"""artwok by Josep Cusachs Cusachs, 1892""","""artwork by Josep Cusachs Cusachs, 1892""",textual_change,textual_change
2141738213,373,Q1436115$0df53528-4a99-27b9-7216-3821d3e32ee0,prophetic biography,Commons category,"""Sira""","""Sirah""",textual_change,textual_change
1689224171,-2,description,Frank Davis,description,"""college basketball player (1969–1972) New Hampshire""","""college basketball player (1968–1972) New Hampshire""",property_value_update,property_value_update
628431846,856,Q2311$EDD6A88F-120B-4584-8570-25DB30A3CF3B,Airbus SE,official website,"""http://www.airbus.com""","""https://www.airbus.com""",textual_change,textual_change
2109920893,-1,label,Cheongdam High School,label,"""Chungdam High School""","""Cheongdam High School""",textual_change,textual_change
240325407,2018,Q75929$9E97FB39-03FD-4324-9008-170EAA1F326E,Johann Gottfried Gruber,Teuchos ID,"""Gruber.Johann.Gottfried""","""P-Gruber.Johann.Gottfried""",refinement,textual_change
2317868793,11753,Q132797058$E82D5BCC-991B-41AE-88B3-ECC6FB2218E7,,Wastewater treatment plant in France ID,"""60984132002""","""060984132002""",refinement,textual_change
1316920154,-2,description,Animated Violence,description,"""deprecated ESRB content descriptor for games that depicts cartoonish or pixilated violence""","""deprecated ESRB content descriptor for games that depicts cartoonish or pixelated violence""",textual_change,textual_change
2292438670,856,Q1918796$44EED908-E95B-4BF9-ACA7-2F023A426D88,Prádena,official website,"""http://www.pradena.rd/""","""http://www.pradena.es/""",property_value_update,property_value_update
1610865135,-1,label,João Cabeleiro,label,"""João Cabeleira""","""João Cabeleiro""",textual_change,textual_change
2044654079,-1,label,Richard K. Morriss,label,"""Richard K. Morris""","""Richard K. Morriss""",textual_change,textual_change
353052716,973,Q22081780$CCCA1452-42FB-4641-BFBA-1D55C3CE9AE4,,described at URL,"""http://mskgent.be/collection/work/id/1914-BF""","""http://mskgent.be/collection/work/data/1914-BF""",property_value_update,property_value_update
1328141939,1566,Q83074$7C4F5306-6054-4B88-9EB1-55A5A86FCF8B,Blaufelden,GeoNames ID,"""655554""","""6555545""",property_value_update,property_value_update
1708393240,10585,Q14016868$44324D60-F4EF-4201-9EF6-F58E2AAAA37B,Proleuroceroides pyrillae,Catalogue of Life ID,"""4MRTB""","""4MRTC""",property_value_update,property_value_update
990487515,-1,label,Syanno District,label,"""Syanno District""","""Sianno District""",textual_change,textual_change
301086190,-1,label,Sørsdal Glacier,label,"""Sorsdal Glacier""","""Sørsdal Glacier""",textual_change,textual_change
361523030,-1,label,Lucius Junius Silanus Torquatus,label,"""Lucius Iunius Silanus Torquatus""","""Lucius Junius Silanus Torquatus""",textual_change,textual_change
532332848,-2,description,Peter Halaj,description,"""Czechoslovakia soccer player""","""Czechoslovak soccer player""",textual_change,textual_change
1215825506,-2,description,Fleury,description,"""Meteorogical Service of Canada's station for Fleury (MSC ID: 7022375), Québec, Canada""","""Meteorological Service of Canada's station for Fleury (MSC ID: 7022375), Québec, Canada""",textual_change,textual_change
240107567,-2,description,Dhofar toad,description,"""species of amphibians""","""species of amphibian""",textual_change,textual_change
477743537,-1,label,mercerizing,label,"""Mercerising""","""Mercerizing""",textual_change,textual_change
1456047708,-2,description,California Virtual Academy at Sutter,description,"""non-profit organisation in the USA""","""non-profit organization in the USA""",textual_change,textual_change
874983566,-1,label,Andrei Hergheligiu,label,"""Andrei Herghelegiu""","""Andrei Hergheligiu""",textual_change,textual_change
250797227,-2,description,Crellomima imparidens,description,"""species of sponges""","""species of sponge""",textual_change,unrefinement
705555067,-1,label,Alzheimer disease 8,label,"""Alzheimer's disease 8""","""Alzheimer disease 8""",textual_change,textual_change
1427738582,-2,description,Wanda Sykes and the 2016 Political Scene,description,"""episode of Chelsea (S01 E05)""","""episode of Chelsea (S1 E5)""",textual_change,textual_change
731656749,856,Q2298302$2F1212F3-5030-469C-B3C8-41A99DBEE2C0,Wasabröd,official website,"""http://www.wasa.com/fr""","""http://www.wasa.com/""",unrefinement,property_value_update
2265131291,-1,label,"In-depth industrial hygiene report of the A. F. Gallun and Son Corporation, Milwaukee, Wisconsin",label,"""In-depth industrial hygiene report of the A. F. Gallum and Son Corporation, Milwaukee, Wisconsin""","""In-depth industrial hygiene report of the A. F. Gallun and Son Corporation, Milwaukee, Wisconsin""",textual_change,textual_change
1895377905,-1,label,Vasilisa Stepanenko,label,"""Vasylysa Stepanenko""","""Vasilisa Stepanenko""",textual_change,textual_change
755368182,-1,label,Uthman Dan Fodio,label,"""Usman dan Fodio""","""Uthman Dan Fodio""",textual_change,textual_change
1166314576,-2,description,Fanny Price,description,"""fictional character in in Jane Austen's 1814 novel, Mansfield Park""","""fictional character in Jane Austen's 1814 novel, Mansfield Park""",textual_change,textual_change
2191067256,-2,description,Barn With Horse-Engine House Attached Approximately 15 Metres South South-East Of Croyde Farmhouse,description,"""thatched barn in Georgeham, North Devon, Devon, UK""","""thatched barn in Georgeham, North Devon, England, UK""",refinement,refinement
737450068,-1,label,Władysław Blin,label,"""Wladyslaw Blin""","""Władysław Blin""",textual_change,textual_change
2174009452,-2,description,Toshio Omata,description,"""Japanese geogrpaher""","""Japanese geographer""",textual_change,textual_change
1791244877,-1,label,Jeff Keelan,label,"""Jeffrey Keelan""","""Jeff Keelan""",property_value_update,textual_change
1189221254,-2,description,Mon Sort,description,"""plantation in Suriname""","""plantation in Surinam""",textual_change,textual_change
964145841,18,Q38485966$a3afd7cf-452a-f8d1-c670-73466a958956,Église Saint-Cirq-et-Sainte-Julitte de Saint-Cirq,image,"""Colayac-Saint-Cirq Saint-Cirq église (2).jpg""","""Colayrac-Saint-Cirq Saint-Cirq église (2).jpg""",textual_change,textual_change
2190693261,-2,description,Church Cottage,description,"""cottage in Woodbury, East Devon, Devon, UK""","""cottage in Woodbury, East Devon, England, UK""",refinement,textual_change
139160949,-1,label,Bugojno Municipality,label,"""Bugojna Municipality""","""Bugojno Municipality""",textual_change,textual_change
2292034443,-2,description,Utnefjord,description,"""car ferry built in 2019""","""car ferry built in 2020""",property_value_update,property_value_update
1297593068,-1,label,Mohamad Hamoud,label,"""Mohamad Hamoud""","""Mohamed Hamoud""",textual_change,textual_change
516973129,-1,label,Chromosome X open reading frame 49B,label,"""Chromosome X open reading frame 49""","""Chromosome X open reading frame 49B""",refinement,refinement
566274544,225,Q15225912$4D1E5485-4938-4523-86D7-B7C2457C3017,Onosma alba,taxon name,"""Onosma album""","""Onosma alba""",textual_change,textual_change
1184993577,-2,description,Category:Deaths from malaria,description,"""Wikimedia category""","""Wikimedia categor""",textual_change,textual_change
2106257357,-1,label,Vadyayevs house,label,"""Vodyayevs house""","""Vadyayevs house""",textual_change,textual_change
594741652,-1,label,Political Constitution of Mexico,label,"""Constitution of Mexico""","""Constitution De Mexico""",textual_change,textual_change
1464956002,-1,label,"2nd US Colored Infantry: Brown, George (Age 38)",label,"""2d US Colored Infantry: Brown, George (Age 38)""","""2nd US Colored Infantry: Brown, George (Age 38)""",textual_change,textual_change
1579095437,-1,label,Kpoko Radio 100.5 FM (Pidgin Broadcast),label,"""Kpoko Radio 100.5 FM, Warri (Pidgi""","""Kpoko Radio 100.5 FM, Warri (Pidg""",textual_change,textual_change
2258612158,-2,description,Pedro Henriquez Urena National University,description,"""public univesity in the Dominican Republic""","""public university in the Dominican Republic""",textual_change,textual_change
492556626,213,Q30093239$bdf3ffd3-4128-e139-390f-243d1f9bb708,Carl Parrini,ISNI,"""0000  0000  4590  256X""","""0000  0000  4590  256""",unrefinement,textual_change
618168952,782,Q1079103$81600AC8-0D6B-41B7-B3BC-DD600863EE00,Tarnyane,LAU,"""73746""","""BG73746""",unrefinement,textual_change
1142958484,-1,label,Championship Manager 93/94,label,"""Championship Manager 93/94""","""Championship Manager '93""",unrefinement,textual_change
2068005770,18,Q6160904$3FF769B6-AEF7-4346-A22D-F7283FB66565,Jarrad Butler,image,"""Jarrad Butler 2014.jpg""","""Jarrad Butler 2020.jpg""",property_value_update,property_value_update
592933308,-1,label,Johnny O,label,"""Johnny Orti""","""Johnny Ortiz""",textual_change,textual_change
1574889346,-2,description,Eija Mustonen,description,"""jewellery designer""","""jewelry designer""",textual_change,textual_change
39360796,373,q3299910$955AB31A-C2CB-48AD-B2E3-B37D5B6B8A69,Matthieu Jost,Commons category,"""Matthieu Jost""","""Mathieu Jost""",textual_change,textual_change
1465553465,-2,description,Brewhouse of the Ulmer Muenster brewery,description,"""Brewhouse of the form Ulmer Muenster brewery in Ulm""","""Brewhouse of the former Ulmer Muenster brewery in Ulm""",textual_change,textual_change
1760145050,-2,description,Simamora Island,description,"""an island in Indonesia""","""an isle in Indonesia""",textual_change,textual_change
578904211,-1,label,Sint-Antoniuskapel,label,"""Chapel of Saint Antony""","""Chapel of Saint Antonius""",textual_change,textual_change
940076562,1258,Q50379842$41AA3855-6BC1-4F90-8DC8-FCBDDF4D5B91,Search Committee (part 1),Rotten Tomatoes ID,"""tv/the_office/s07/e26""","""tv/the_office/s07/e25""",property_value_update,property_value_update
439070038,-2,description,Love and Rockets X,description,"""Graphic novel by Gilberto Hernandez""","""Graphic novel by Gilbert Hernandez""",textual_change,textual_change
291051553,-2,description,Lake Superior,description,"""biggest of the Great Lakes of North America, the biggest freshwater lake on the Earth""","""largest of the Great Lakes of North America""",unrefinement,unrefinement
7203895,-2,description,Hawaii,description,"""U.S. state located in the Pacific""","""state in the United States""",unrefinement,property_value_update
472893711,154,Q308911$08A6AD1F-583A-40E7-8A30-B8C29AD8898C,Avianca,logo image,"""Avianca Logo 2013.png""","""Logo avianca.png""",unrefinement,property_value_update
2280870426,18,Q102918$6D6A5ABD-3E86-437D-B7D7-1955A74A434D,Helene von Nostitz,image,"""Auguste Rodin, Helene von Nostitz.jpg""","""Helene von Nostitz - Auguste Rodin.jpg""","textual_change, refinement",property_value_update
1164182901,-2,description,Tara Strong,description,"""Canadian American actress""","""American-Canadian actress""","textual_change, refinement",textual_change
1270952174,-2,description,Empress Matilda,description,"""daughter of King of England Henry I, wife of Holy Roman Emperor Henry V""","""Anglo-Norman wife of Henry V, Holy Roman Emperor and a claimant to the English throne during the Anarchy (1102-1167)""","refinement, unrefinement",refinement
1193931406,-2,description,Goku,description,"""Fictional character and protagonist in the anime and manga franchise \""DragonBall\"".""","""protagonist of the Dragon Ball franchise""",unrefinement,"textual_change, refinement"
107876225,-2,description,Neo,description,"""fictional character from the Matrix""","""The Matrix character""",unrefinement,"textual_change, refinement"
2343963648,-2,description,Lamis Ammar,description,"""Arab-Israeli actress of Palestinian descent""","""Palestinian actress""",unrefinement,unrefinement
198581778,-2,description,Catholic Church,description,"""the religion led by the Pope and consisting of a Latin Church and 22 Eastern Catholic Churches which are in Communion together.  (Use Q597526 for the Latin or Roman Catholic Church on its own.)""","""Christian community led by the Pope and consisting of a Latin Church and 22 Eastern Catholic Churches""",unrefinement,"textual_change, refinement"
1179835688,-2,description,feces,description,"""solid or semisolid remains of the food that could not be digested in the small intestine""","""solid or semisolid remains of the food that could not be digested, from any animal""","refinement, unrefinement",refinement
1984354618,-1,label,March of the Diversity,label,"""Uruguay March for Diversity""","""March of the Diversity""",unrefinement,textual_change
1561017906,-2,description,Thomas L. James,description,"""brigadier general of the United States Army""","""United States Army general""",unrefinement,textual_change
2176976243,2093,Q26370554$8B171381-8EF0-4FF3-AF67-62CD236DB8CE,Electrolytic stripping cell,author name string,"""Dunning-BW Jr.""","""Beverly W. Dunning, Jr.""","textual_change, refinement",refinement
861965681,-2,description,Julio Alberto Hernández,description,"""Dominican Republic musician""","""Dominican musician, songwriter""","refinement, unrefinement",refinement
1545047058,-2,description,The Afternoon or Landscape with farm carts in a stream,description,"""painting by J. Siberechts""","""painting by Jan Siberechts""",refinement,refinement
1769375441,154,Q5184987$cc606a51-4cc3-7cae-9f97-042a49f9d47b,Cricket Wirelesss,logo image,"""Cricket Wireless Logo.png""","""Cricket Wireless (2014).svg""",property_value_update,property_value_update
1556304958,-2,description,Fjärran han dröjer,description,"""Swedish musical work""","""Finnish folk song with Swedish lyrics""",property_value_update,property_value_update
2295009649,-1,label,Schulgebäude Fürther Straße 354 in Nürnberg,label,"""Schulgebäude Fürther Straße 352 in Nürnberg""","""Schulgebäude Fürther Straße 354 in Nürnberg""",property_value_update,property_value_update
1476682745,-2,description,Kovářský rybník,description,"""pond in Prague""","""pond in Šeberov""",refinement,property_value_update
802833381,18,Q18353558$1202A8EA-8EE1-4B30-B245-4E3F453F940E,Tory Lanez,image,"""Tory Lanez 2500x1669.jpg""","""Tory Lanez August 2017.jpg""",property_value_update,property_value_update
1538196370,154,Q186941$4EB2BF67-4536-4BF7-8468-245F204B03A5,Columbia Pictures,logo image,"""Columbia Pictures logotype.png""","""Columbia Pictures logo.png""",unrefinement,textual_change
313601126,-2,description,Misako Shioyama,description,"""Japanese actor""","""Japanese actress""",property_value_update,property_value_update
991339724,-2,description,"Svenska akademiens ordlista, 11th edition",description,"""1991 edition""","""1986 edition""",property_value_update,property_value_update
1681810275,-2,description,Batu Kucing,description,"""village in Musi Rawas Utara Regency, South Sumatra Province, Indonesia""","""village in North Musi Rawas Regency, South Sumatra, Indonesia""","refinement, unrefinement",property_value_update
1352707383,2002,Q50822580$48840823-49f9-5bea-2205-9af4260d5321,Fortnite Battle Royale,X (Twitter) username,"""FortniteGame""","""Fortnite""",unrefinement,property_value_update
1947795671,18,Q65254688$0D5AD6E5-4D05-42C2-BC14-5617845389D3,45th Street,image,"""347Mad 3106 (9152176542).jpg""","""West 45th Street (Manhattan) from Times Square (May 2023).jpg""",property_value_update,property_value_update
1620702339,-1,label,history of clocks,label,"""history of desserts""","""history of ice cream""",refinement,property_value_update
477644318,-1,label,Category:Arctoteae,label,"""Category:Arctoteae""","""Category:Arctotideae""",textual_change,textual_change
1977995433,973,Q25176041$66a28d03-4d22-a5ee-06f3-c72caef7b0b2,Ronaldo Carletto,described at URL,"""https://www.camara.leg.br/deputados/178861""","""https://www.camara.leg.br/deputados/178861/biografia""",refinement,property_value_update
2084115982,957,Q124636793$3b4c575e-4e2b-ade7-76dd-942f424b5b08,,ISBN-10,"""2-915-410-259""","""2-9154-1025-9""",textual_change,textual_change
2355178213,-2,description,Josep-Lluís Serrano Pentinat,description,"""Spanish Catholic bishop and theologian (1977-)""","""Archbishop of Urgell and Co-Prince of Andorra""",property_value_update,property_value_update
1895789205,6262,Q2918288$355f0bad-46da-90d8-e43d-2c5efcd0b813,The Adventures of Super Mario Bros. 3,Fandom article ID,"""games-wiki:The_Adventures_of_Super_Mario_Bros._3""","""video-games:The_Adventures_of_Super_Mario_Bros._3""",property_value_update,property_value_update
2032493507,94,Q8682$b8a06d0f-c4db-4c5d-b026-e2d2ba088a2a,Real Madrid CF,coat of arms image,"""Escudo real madrid 1941b.png""","""RealMadrid.png""",property_value_update,property_value_update
982282795,373,Q33060639$db712f19-4578-5bb5-81d7-76cbcbd77b9e,Athyma inara inara,Commons category,"""Athyma inara inara""","""Athyma nefte inara""",property_value_update,property_value_update
50309140,-1,label,Euphaedra hewitsoni,label,"""Euphaedra hewitsoni""","""Euphaedra (Xypetana) hewitsoni""",refinement,refinement
1271207216,-1,label,Nebengebäude,label,"""Cultural heritage D-4-74-158-33 in Pinzberg""","""Nebengebäude""",property_value_update,property_value_update
2292780189,5377,Q3591407$6d5d0b62-4f6f-a782-712c-252958cff4b8,Éric Warnauts,Étonnants voyageurs participant ID,"""10970""","""10969""",property_value_update,property_value_update
1901791505,373,q5591408$1EBDF03E-87C1-4605-B147-15458F3421D4,Grace Wilson,Commons category,"""Grace Grace""","""Grace Wilson""",property_value_update,property_value_update
2072742623,-1,label,"Alexander, Crown Prince of Serbia",label,"""Alexander, Crown Prince of Yugoslavia""","""Alexander, Crown Prince of Serbia""",refinement,property_value_update
1182543336,856,Q3364$DE6FB4EC-BBD8-4923-BD2D-9708FCBFD872,Drôme,official website,"""http://www.drome.gouv.fr/""","""https://www.ladrome.fr/""",property_value_update,property_value_update
1582847974,-2,description,Soignies,description,"""city in Hainaut, Belgium""","""city in Wallonia, Belgium""",unrefinement,property_value_update
343310029,-1,label,RNU6-561P,label,"""RNA, U6 small nuclear 561, pseudogene""","""RNU6-561P""",property_value_update,property_value_update
1435615366,4790,Q99206915$d5744df7-4ae7-7a3d-41e2-b0b81e0aba00,Giorgos Mosialos,Basketball Reference international player ID,"""giorgos-mosialos-1""","""george-mosialos-1""",textual_change,textual_change
820902245,18,Q3028017$B989A6DF-FF1B-4452-85BD-9A89CA75DAE3,Enrique Zuazua,image,"""ZUAZUA-2.jpeg""","""Enrique Zuazua (cropped).jpeg""",property_value_update,property_value_update
66176553,-1,label,lemon,label,"""lemon tree""","""Citrus ×limon""",property_value_update,refinement
1296901203,-2,description,hydrographic survey,description,"""Analysis of the topography of bodies of water, providing data for environmental, tidal calculations, maritime navigation and much more.""","""analysis of the topography of bodies of water, providing data for environmental, tidal calculations, maritime navigation, etc.""","textual_change, refinement",textual_change
2245916593,-1,label,Bruce Murray,label,"""Bruce T Murray""","""Bruce Murray""",unrefinement,textual_change
2095547421,-2,description,Portrait Head of Caligula,description,"""Ancient Rome marble sculpture in Getty Museum""","""ancient Roman marble sculpture in the Getty Museum""",textual_change,textual_change
962809967,-2,description,National University of Ireland,description,"""UK parliamentary constituency, 1918-1922""","""Parliamentary constituency in the United Kingdom, 1918-1922""","textual_change, refinement",textual_change
1391125734,-2,description,XI./174/B,description,"""pillbox of Czechoslovak pre-WWII fortification, destroyed in 80s during highway D8 construction""","""pillbox of Czechoslovak pre-WWII fortification, destroyed in 80s during D8 highway construction""",refinement,textual_change
1915382072,-2,description,Brian Epstein,description,"""English personal manager and impresario (1934-1967)""","""English personal manager and impresario (1934–1967)""",textual_change,textual_change
1745457582,373,Q18573848$84933E2D-0BB5-4374-B060-81563F1FE88E,Count Stanislas Potocki and His Two Sons,Commons category,"""Count Stanislas Potocki and His Two Sons - Johann-Baptist Lampi d. Ä. (Louvre RF 1980-49)""","""Count Stanislas Potocki and His Two Sons - Johann-Baptist Lampi the Elder - Louvre RF 1980-49""",property_value_update,textual_change
1791446709,-2,description,Aduman Senior High School,description,"""Mixed sex second cycle institution found in  Aduman in Ashanti Region, precisely Aduman""","""Mixed sex second cycle institution found in  Aduman in Ashanti Region, precisely in Aduman""",textual_change,textual_change
2349851644,6839,Q124734777$6d5ae816-4107-9032-2de5-37988f93f0fc,fanboy,TV Tropes ID,"""Fanboy""","""Main/Fanboy""",refinement,refinement
501154497,-2,description,Stephen P. Long,description,"""Professor of Plant Biology and of Crop Sciences, University of Illinois, Urbana-Champaign""","""Professor of Plant Biology & Crop Sciences at the University of Illinois, Urbana-Champaign""",textual_change,textual_change
1976107000,3782,Q105687869$5264FEEF-00CD-4881-9B48-33A70FB1B898,João Maria Gusmão and Pedro Paiva,Artnet artist ID,"""jo%c3%a3o-maria-gusm%c3%a3o-and-pedro-paiva""","""joão-maria-gusmão-and-pedro-paiva""",textual_change,textual_change
2057979923,1324,Q21155124$8bcc35f0-4e57-daa0-8cce-aa8aa708ea3c,OpenBLAS,source code repository URL,"""https://github.com/OpenMathLib/OpenBLAS.git""","""https://github.com/OpenMathLib/OpenBLAS""",unrefinement,textual_change
1077518491,1329,Q75922211$287A323E-AF03-4319-98FE-8EB8C8411D19,,phone number,"""+886-37-541-143""","""+886-3-754-1143""",textual_change,textual_change
170002080,1562,Q1409564$A823404A-92A0-4522-B6EC-23BF69EC91CD,Red-Headed Woman,AllMovie title ID,"""v40687""","""movie/v40687""",refinement,textual_change
1085511789,1324,Q7534974$4b1f9145-45ec-5257-4f6f-3d4ce5d4c5d1,Skia Graphics Engine,source code repository URL,"""https://github.com/google/skia.git""","""https://github.com/google/skia""",unrefinement,textual_change
213095807,699,Q18553426$E80958DB-DDD0-4F96-9AD9-A69FAFBE9B43,"PHGDH deficiency, infantile/juvenile form",Disease Ontology ID,"""0050722""","""DOID:0050722""",refinement,property_value_update
947962319,18,Q135291$D912CCDC-D828-4C5C-81FE-5ACB57FDE11D,Roman Catholic Diocese of San Benedetto del Tronto-Ripatransone-Montalto,image,"""San Benedetto T Madonna della Marina 01.JPG""","""San Benedetto Madonna della Marina 2018 01.jpg""","textual_change, unrefinement, refinement",textual_change
1304219103,-1,label,Palace of Fine Arts,label,"""Centre for Fine Arts, Brussels""","""Centre for Fine Arts of Brussels""",textual_change,textual_change
2226548064,957,Q112727636$bac1d786-425e-5567-47ae-e65062503117,Kamus Dewan Edisi Keempat,ISBN-10,"""9-836-28339-0""","""983-62-8339-0""",textual_change,property_value_update
170006618,1562,Q15632292$74072DA6-9087-4133-BFCC-777DBB222163,Texas Bad Man,AllMovie title ID,"""v113023""","""movie/v113023""",refinement,property_value_update
532319479,-2,description,Jozef Lukačovič,description,"""czechoslovakia member of Slovak National Council, member of Czechoslovak parliament, member of Czechoslovak national parliament, roman catholic priest, hungary nation politician and slovak nation politician""","""Czechoslovak member of Slovak National Council, member of Czechoslovak parliament, member of Czechoslovak national parliament, roman catholic priest, hungary nation politician and slovak nation politician""",textual_change,textual_change
1282424934,234,Q27110033$FC06A516-9D39-4687-8ED9-BFBCBA0DCE08,dioxygen(.1+),InChI,"""1S/O2/c1-2/q+1""","""InChI=1S/O2/c1-2/q+1""",refinement,textual_change
1282453978,234,Q26207777$8596C8CE-292A-4C0F-9E64-91D55ACB3C72,,InChI,"""1S/3Al.Sc.9H""","""InChI=1S/3Al.Sc.9H""",refinement,textual_change
810204406,-1,label,NADH:quinone oxidoreductase subunit L b2278,label,"""NADH:ubiquinone oxidoreductase, membrane subunit L b2278""","""NADH:quinone oxidoreductase subunit L b2278""",unrefinement,textual_change
1820246928,212,Q116449355$1db627da-4920-2ef3-4240-a2d426373b0f,"Network Flows: Theory, Algorithms and Applications",ISBN-13,"""978-0-136-175-490""","""978-0-13-617549-0""",textual_change,textual_change
2328791370,18,Q24237251$60f97605-42b8-d6bb-6b3c-dd7bf06f74d5,University of Nueva Caceres historical marker,image,"""University of Nueva Caceres Historical Marker.jpg""","""University of Nueva Caceres NHI historical marker.jpg""",refinement,textual_change
1837715597,957,Q116845947$f0899a58-4dbb-db2f-6723-047435f6e797,Bronze Age Mindset,ISBN-10,"""198-309-044-1""","""1-983-09044-1""",textual_change,textual_change
1150570554,3782,Q28803468$CCBFA0C5-D7E6-43C9-9D3A-BF6260CE6E38,Amédée Joyau,Artnet artist ID,"""am%c3%a9d%c3%a9e-joyau""","""amédée-joyau""",textual_change,textual_change
2011492358,-2,description,AniList,description,"""online manga/anime database and social networking service""","""anime and manga database and social networking service""","textual_change, unrefinement",textual_change
2167363426,-1,label,Darya Qoli Sorani,label,"""darya gholi sorani""","""Darya Qoli Sorani""",textual_change,textual_change
1282716131,234,Q82107576$2B16C713-2D61-4890-AFAB-6CFF8BDDBDDB,"4,4,5-trifluorocyclohexene",InChI,"""1S/C6H7F3/c7-5-3-1-2-4-6(5,8)9/h1-2,5H,3-4H2""","""InChI=1S/C6H7F3/c7-5-3-1-2-4-6(5,8)9/h1-2,5H,3-4H2""",refinement,property_value_update
1205599712,-2,description,Black Awareness Day,description,"""Annual celebration on November 20 honouring the black community in Brazil""","""Annual celebration on 20 November honouring the black community in Brazil""",refinement,textual_change
572657038,-1,label,list of national highways in India by state,label,"""list of National Highways in India""","""List of National Highways in India by State""","textual_change, refinement",refinement
946481084,-2,description,sigmoidoscope,description,"""Endoscopes for examining the interior of the sigmoid colon""","""endoscope for examining the interior of the sigmoid colon""",textual_change,textual_change
2194453785,-2,description,Walton Hall,description,"""Grade II* listed house in Walton, Wakefield, West Yorkshire, United Kingdom""","""Grade II* listed house in Walton, Wakefield, West Yorkshire, England, UK""","refinement, unrefinement",textual_change
2250694533,-2,description,Angelina Mendes Costa,description,"""holocaust victim, b. 1872-01-03""","""Holocaust victim (born 1872)""","textual_change, unrefinement","textual_change, unrefinement"
1852944419,-2,description,Biennial report of the State Game and Fish Warden of the State of Montana,description,"""Helena, Mont. :Independent Pub. Co.,[1905?-1912?] | Montana State Library (archive.org) View Book""","""Helena, Mont.: Independent Pub. Co., [1905?-1912?]""",unrefinement,textual_change
1005962853,-2,description,Charles Chester,description,"""English rugby union, and rugby league player""","""English rugby union and rugby league footballer""","textual_change, refinement","textual_change, refinement"
2194434387,-2,description,Rowdeford House,description,"""school building, formerly country house in Rowde, Wiltshire, United Kingdom""","""school building, formerly country house in Rowde, Wiltshire, England, UK""","refinement, unrefinement","textual_change, refinement"
532227475,-2,description,Lukáš Přibyl,description,"""czech sport official and sport publicist""","""Czech sports official and sport publicist""",textual_change,textual_change
393978634,-1,label,Adenosylmethionine--8-amino-7-oxononanoate aminotransferase BioA Pro_1626,label,"""Adenosylmethionine-8-amino-7-oxononanoate aminotransferase    Pro_1626""","""adenosylmethionine--8-amino-7-oxononanoate aminotransferase BioA    Pro_1626""","textual_change, refinement","textual_change, refinement"
143697516,-2,description,Philipp Lahm,description,"""german professional footballer""","""German footballer""","textual_change, unrefinement","textual_change, refinement"
2250902701,-2,description,Karolina Weinrebová,description,"""holocaust victim, b. 1871-07-27""","""Holocaust victim (born 1871)""","textual_change, unrefinement","textual_change, refinement"
606027757,-2,description,"St Werburgh's Church, Birkenhead",description,"""a grade II listed church in the United Kingdom""","""grade II listed church in the United kingdom""",textual_change,textual_change
338336161,-1,label,Short-chain dehydrogenase/reductase family oxidoreductase PP_2881,label,"""short chain dehydrogenase/reductase oxidoreductase PP_2881""","""short-chain dehydrogenase/reductase family oxidoreductase    PP_2881""","textual_change, refinement","textual_change, refinement"
1434815649,-2,description,Prideaux John Selby,description,"""English ornithologist, botanist and artist (1788-1867)""","""English ornithologist, botanist and illustrator (1788–1867)""",refinement,"textual_change, refinement"
2010170244,-2,description,TVG-3600 1/MKII/MKIII,description,"""grandstand Pong console. 4 models: base, 1, MKII and MKIII. Different aspect but same games""","""Grandstand Pong console. Four models: base, 1, MKII and MKIII. Different aspect but same games""",textual_change,textual_change
999632529,-1,label,upper estuary of the Saint Lawrence River,label,"""Upper estuary of the St. Lawrence""","""upper estuary of the Saint Lawrence River""",textual_change,"textual_change, refinement"
606028984,-2,description,Brandlehow Primary School,description,"""a grade II listed community school in the United Kingdom""","""grade II listed community school in the United kingdom""",textual_change,textual_change
2185873882,-2,description,Pan-Turkism,description,"""An ideology based on the unity of the turkish people""","""ideology based on the unity of the Turkish people""",textual_change,textual_change
1693578586,-2,description,Speaker of the United States House of Representatives,description,"""Presiding Officer of the US House of Representatives""","""Presiding officer of the United States House of Representatives""",textual_change,textual_change
2325003946,-2,description,Diane Langton,description,"""English actress, singer and dancer""","""English actress  (1944-2025)""","refinement, unrefinement","refinement, unrefinement"
1852925379,-2,description,Success in market gardening : and vegetable growers' manual,description,"""Boston :Pub. by the author,1887. | University Library, University of Illinois Urbana Champaign View Book""","""Boston: Pub. by the author, 1887.""","textual_change, unrefinement",textual_change
2274929414,-2,description,Ecaterina–Irena Basarabescu—Mohor,description,"""Romanian poet (1881-1947)""","""a Romanian poet (1881.–1947.)""",textual_change,"textual_change, refinement"
337412927,-1,label,transporter PP_1684,label,"""putative Transporter PP_1684""","""transporter    PP_1684""","textual_change, unrefinement",textual_change
308975928,-1,label,protein AmgS PA5199,label,"""protein AmgS  amgS""","""protein AmgS PA5199""",property_value_update,property_value_update
1052667069,-2,description,Yuta Kumamoto,description,"""Japanese footballer""","""Japanese association football player""",refinement,"textual_change, refinement"
1063625014,-2,description,Francis James Twysden,description,"""d. 1854""","""(1803-1854)""",refinement,"textual_change, refinement"
1081246881,-2,description,Sang Dhesian,description,"""village in India""","""village in East Punjab, India""",refinement,refinement
1682120030,-2,description,HMS Moth,description,"""gunboat of the Royal Navy""","""1915 Insect-class gunboat""","refinement, unrefinement",property_value_update
1801691806,-2,description,Dicastery for the Doctrine of the Faith,description,"""Rome Congregation""","""Rome Congregation, promote and safeguard the doctrine on faith and morals in the whole Catholic world; so it has competence in things that touch this matter in any way. (Pastor Bonus, 48)""",refinement,refinement
1115419028,-2,description,Gfallenspitze,description,"""mountain in Italy""","""mountain in the Zillertal Alps at the border Tyrol / South Tyrol""",refinement,refinement
1993332527,-2,description,Tereza Brožová,description,"""researcher""","""Czech applied mathematician and mechanical engineer""",refinement,refinement
483588255,-2,description,RILPL2,description,"""gene of the species Homo sapiens""","""protein-coding gene in the species Homo sapiens""",refinement,refinement
2023611767,-2,description,FOUNTAIN FOREST RESERVE,description,"""weather station in State of South Australia, Australia opened in 1891""","""weather station in State of South Australia, Australia from 1891 to 1928""",refinement,refinement
2023609588,-2,description,MOOMBA (CALLABONNA),description,"""weather station in State of South Australia, Australia opened in 1902""","""weather station in State of South Australia, Australia from 1902 to 1909""",refinement,refinement
1575367969,-2,description,description,description,"""village in China""","""village in China, Chongqing""",refinement,refinement
1333408900,2093,Q73684768$1460C80F-B9E1-4C03-8C4C-5B20B383340F,Capillary electrophoresis of nonprotein and protein amino acids without derivatization,author name string,"""Lee JH""","""Jin Hee Lee""",refinement,refinement
1926818365,-2,description,Title,description,"""extended play (EP) by Meghan Trainor""","""2014 EP by Meghan Trainor""","refinement, unrefinement",refinement
1681186277,-2,description,Fohoeka,description,"""village in Belu, East Nusa Tenggara Province, Indonesia""","""village in Belu Regency, East Nusa Tenggara, Indonesia""","refinement, unrefinement",refinement
1567295474,-2,description,Halasi,description,"""former indian capital of Kadambas in Karnataka""","""town, former Indian capital of Kadambas in Karnataka""",refinement,refinement
745125527,-2,description,Gerda Sprinchorn,description,"""Swedish ceramist (1871-1951)""","""Swedish ceramist, sculptor (1871-1951)""",refinement,refinement
1579920213,-2,description,Cock Inn,description,"""Dereham, Breckland, Norfolk, NR19""","""inn in Dereham, Breckland, Norfolk, UK""","refinement, unrefinement",refinement
676404313,-2,description,Ōmekaidō Station,description,"""Railway station in Kodaira, Tokyo""","""railway station in Kodaira, Tokyo, Japan""","textual_change, refinement",refinement
1753639820,-2,description,G. Peter Jemison,description,"""Native American painter and sculptor""","""Seneca painter and sculptor""",property_value_update,refinement
2339806236,-2,description,Grace Seixas Nathan,description,"""poet, 1752 – 1831""","""American poet (1752–1831)""","textual_change, refinement",refinement
470500597,-2,description,description,description,"""village in China""","""Village in Liaoning province, China""",refinement,refinement
89756831,-1,label,community of Belgium,label,"""communities of Belgium""","""community of Belgium""",textual_change,unrefinement
1315672638,-1,label,Sorlada,label,"""Soralda""","""Sorlada""",textual_change,textual_change
1531619060,-1,label,Aleksandr Yefimov,label,"""Aleksandr Pawłowicz Jefimow""","""Aleksandr Yefimov""","textual_change, unrefinement",textual_change
1300682137,-2,description,Charles Henderson,description,"""US-American conductor, organist and harpsichordist (1917-2001)""","""American conductor, organist and harpsichordist (1917-2001)""",unrefinement,textual_change
532056886,-2,description,Jaroslav Schiebl,description,"""Czech member of Czech council, historian, publicist, writer and statistic""","""Czech member of Czech council, historian, publicist, writer and statistician""",textual_change,textual_change
1266198913,-1,label,Lauren Magee,label,"""Lauren A Magee""","""Lauren Magee""",unrefinement,textual_change
323148317,373,q533143$8F6D2907-4CFB-40F6-B1A9-9B408DE518BD,Caritas Internationalis,Commons category,"""Caritas (organization)poo""","""Caritas (organization)""",unrefinement,textual_change
2345579980,-2,description,Trong Hieu,description,"""Vietnamese-German singer and dancer""","""Vietnamese-German unsinger and undancer""",textual_change,none
1465496318,-2,description,Maria 'Miza' Tavares,description,"""Portuguese artist and art teacher (born 1965""","""Portuguese artist, art teacher (born 1965)""",textual_change,textual_change
1739331560,-2,description,Franciszek Szumiński,description,"""ensign of the Polis Army""","""ensign of the Polish Army""",textual_change,textual_change
713130215,5478,Q3656783$ABA4C4A9-1619-4DC1-A3C5-AB043539640B,Emilia Lanier,RPO poet ID,"""lanyer-émilia""","""lanyer-æmilia""",textual_change,textual_change
947526236,-1,label,Mtss2,label,"""Mtss1l""","""Mtss2""",property_value_update,property_value_update
2290496451,-1,label,Jon Woodhead,label,"""Jon D Woodhead""","""Jon Woodhead""",unrefinement,textual_change
1181935798,-1,label,Parkany,label,"""Parcani""","""Parkany""",textual_change,textual_change
181728287,-1,label,Asteria,label,"""Asterian""","""Asteria""",textual_change,textual_change
710747769,-1,label,Chesley Sullenberger,label,"""Chesley \""Sully\"" Sullenbergerxdxd""","""Chesley \""Sully\"" Sullenberger""",unrefinement,textual_change
761096722,-1,label,Brendan Hunt,label,"""Brendan G Hunt""","""Brendan Hunt""",unrefinement,textual_change
400413820,-1,label,X-linked sideroblastic anemia with ataxia,label,"""X-linked sideroblastic anemia and ataxia""","""X-linked sideroblastic anemia with ataxia""",textual_change,textual_change
2239808217,-1,label,Stephen Williams,label,"""Stephen M Williams""","""Stephen Williams""",unrefinement,unrefinement
1973068438,-2,description,William Penn,description,"""Indian stationary retail chain""","""Indian stationery retail chain""",textual_change,textual_change
1456060113,-2,description,Syrian Islamic Front,description,"""Salafist umbrella organisation of Islamist rebel groups""","""Salafist umbrella organization of Islamist rebel groups""",textual_change,textual_change
1082947096,-1,label,Story of Rinaldo and Armida,label,"""Story of Rinaldo and Armid""","""Story of Rinaldo and Armida""",textual_change,textual_change
2338666665,18,Q133873203$cd043cda-4e81-7c4d-0eab-685383f4de2e,Junghun Choi,image,"""Junghun Choi yido profile.jpg""","""Junghun Choi.jpg""",unrefinement,unrefinement
1443162290,-1,label,Brian Tim Wellesley,label,"""Brian Timothy Wellesley""","""Brian Tim Wellesley""",property_value_update,textual_change
1505406819,-1,label,A Theory of Justice,label,"""A Theory of Just""","""A Theory of Justice""",textual_change,textual_change
468006228,-1,label,Category:People from Yevpatoria,label,"""Category:People of Yevpatoria""","""Category:People from Yevpatoria""",textual_change,textual_change
1459429227,-1,label,Karl Broman,label,"""Karl W Broman""","""Karl Broman""",unrefinement,unrefinement
1197036411,-2,description,South China Sea Islands,description,"""geographic concept consist of multiple islands, atolls, cays, shoals, reefs, and sandbars in the South China Sea""","""geographic concept consisting of multiple islands, atolls, cays, shoals, reefs, and sandbars in the South China Sea""",textual_change,textual_change
1238070306,-1,label,Panagiotis Aravantinos,label,"""Panayiotis Aravantinos""","""Panagiotis Aravantinos""",textual_change,textual_change
2303705485,-1,label,Naberezhnye Chelny Pedagogical College,label,"""Naberezhnye Chelny Pedagogy College""","""Naberezhnye Chelny Pedagogical College""",textual_change,textual_change
1282950824,-2,description,F-CK-1 Ching-kuo,description,"""multirole combat aircraft by the Aerospace Industrial Development Corporation in the Republic of China""","""multirole combat aircraft by the Aerospace Industrial Development Corporation in the taiwan (ROC)""","refinement, unrefinement",textual_change
1491766521,-2,description,Casimir Code,description,"""Codex of Casimir 4, First Slavonic print made in Cracow by Swietopelk Print House in 1491""","""Codex of Casimir 4, first Slavonic print made in Cracow by Świętopełk printing house in 1491""",textual_change,textual_change
1300681215,-2,description,Munroe & Francis,description,"""US-American publisher (c. 1805–1807; c. 1823–1832)""","""American publisher (c. 1805–1807; c. 1823–1832)""",unrefinement,textual_change
288696813,-2,description,Marie Rút Křížková,description,"""czech poet and literature historician""","""Czech poet and literature historian""",textual_change,textual_change
2243369398,-2,description,Josephine Peters,description,"""Karuk (Karok)/Shasta artist (b. 1922)""","""Karuk (Karok) and Shasta artist (b. 1922)""",textual_change,textual_change
1404799611,-2,description,ender pearl,description,"""An Item Dropped By The Enderman in Minecraft""","""an item dropped by endermen in Minecraft""",textual_change,textual_change
2181750524,-2,description,Rym Momtaz,description,"""lebanese polical scientist and journalist""","""Lebanese political scientist and journalist""",textual_change,textual_change
2267681947,-2,description,Opar,description,"""village in Korçë, Albania""","""A village of Korce in Albania""",textual_change,textual_change
1397015332,-2,description,Vitte,description,"""island Barents Sea, Russia, part of Yokaganskie Islands""","""island in Barents Sea, Russia, part of Yokangskie Islands""",textual_change,textual_change
1810721041,-2,description,Pham Hong Thuy Van (Beauty Queen Vietnam),description,"""The 2nd Runner Up Miss Ao dai Vietnam 2014 - 3rd Runner Up Miss International 2015""","""The Second Runner Up Miss Ao dai Vietnam 2014 - 3rd Runner Up Miss International 2015""",textual_change,textual_change
2033480427,-2,description,Sword of Stalingrad,description,"""king George VI's storic sword of the United Kingdom""","""King George VI's historic sword of the United Kingdom""",textual_change,textual_change
1986242271,-2,description,Oskar Cameron Grüner Fonds,description,"""Fonds held at the Osler Library of the History of Medecine, McGill University""","""fonds held at the Osler Library of the History of Medicine, McGill University""",textual_change,textual_change
2180973272,-2,description,Forum Citizen Science 2021,description,"""german web conference, anual convention of the german citizen science community""","""German web conference, annual convention of the German citizen science community""",textual_change,textual_change
2078016154,-2,description,People's Palace,description,"""museum and glasshouse in Glasgow Green, Glasgow, Scotland, UK""","""Museum and glasshouse in Glasgow Green, Glasgow, Scotland, United Kingdom""","textual_change, refinement",textual_change
532088310,-2,description,Joseph Mader,description,"""czech numismatist, lawyer and statistic""","""Czech numismatist, lawyer and statistician""",textual_change,textual_change
1477688922,-2,description,LGBT nightclub,description,"""dance club or disco targeting a Gay, LGBTI & Gay/LGBT friendly audience""","""dance club or disco targeting a gay, LGBTQI and gay/LGBTQ-friendly audience""","textual_change, refinement",textual_change
2186658142,-2,description,Roj Nemenuh Sarton,description,"""fictional charachter from the Foundation-Universe by Isaac Asimov""","""fictional character from the Foundation universe by Isaac Asimov""",textual_change,textual_change
1993144388,3982,Q66569335$eaa3fee7-4192-8fba-3654-5c190cf2a352,annular part of fibrous sheath of digit of foot,TA98 Latin term,"""pars anularis I-V""","""pars anularis I""",unrefinement,unrefinement
182447867,-1,label,Hyperloop Transportation Technologies,label,"""Hyperloop Transportation Technologies, Inc""","""Hyperloop Transportation Technologies""",unrefinement,textual_change
873398272,-1,label,Cheng Xin,label,"""Cheng Xin(4)""","""Cheng Xin""",unrefinement,textual_change
407866965,-1,label,Hypothetical protein BAS0936,label,"""hypothetical protein    BA_1001""","""hypothetical protein    BAS0936""",property_value_update,property_value_update
1974104223,-2,description,Reza Motallebzadeh,description,"""researcher, ORCID id # 0000-0002-5399-9546""","""researcher""",unrefinement,unrefinement
945641327,-1,label,Argelia,label,"""Argelia, Cauca""","""Argelia, Cau""",textual_change,unrefinement
243063633,-2,description,Ablerus amarantus,description,"""species of hymenopterans""","""species of insect""",unrefinement,unrefinement
614244370,-2,description,Hal Roach,description,"""American  film and television producer and director""","""Film producer""",unrefinement,unrefinement
1180833757,-2,description,Caudium,description,"""Town on Appian Way, Montesarchio, Italy""","""human settlement""",unrefinement,unrefinement
841590045,-2,description,Rated R,description,"""fourth studio album by Rihanna""","""2009 album by Rihanna""","refinement, unrefinement",unrefinement
1758643307,-2,description,Pontelambro-Castelmarte railway halt,description,"""railway station in Ponte Lambro, Italy""","""railway halt in Italy""",unrefinement,unrefinement
1126056627,-2,description,Thomas Kirkby,description,"""1775-c.1848 Nationality: British""","""British painter""",property_value_update,"refinement, unrefinement"
2077878043,-2,description,Tangguh Wibowo,description,"""Indonesian politician (born 1995 in Bungku)""","""Indonesian politician (born 1995)""",unrefinement,unrefinement
2294759253,-2,description,Andreas Leidinger,description,"""German lawyer and jurist (b. 1988)""","""German lawyer (b. 1988)""",unrefinement,unrefinement
241920246,-2,description,Coniochaeta ligniaria,description,"""species of ascomycetes fungi""","""species of fungus""",unrefinement,unrefinement
2120151543,-1,label,Olszanka,label,"""Olszanka, Białystok County""","""Olszanka""",unrefinement,unrefinement
4560872,-2,description,Philippeville,description,"""municipality in the province of Namur, Belgium""","""city in Namur, Belgium""",unrefinement,refinement
2252855576,-2,description,Travis Light,description,"""college basketball player (2018–2020) Florida State""","""basketball player""",unrefinement,unrefinement
350411046,-1,label,Saint Anthony Park,label,"""Saint Anthony Park, Saint Paul""","""Saint Anthony Park""",unrefinement,unrefinement
589259933,-2,description,Arsenal Island,description,"""island in St. Clair County, Illinois""","""island in the United States of America""",unrefinement,unrefinement
2207168164,-2,description,Raunolina,description,"""subgenus of insects""","""genus of insects""",unrefinement,refinement
631836753,217,Q27012837$54F3DE7D-8E82-434F-95F5-9657C92E4479,,inventory number,"""10598_A_B""","""10598-A-B""",textual_change,textual_change
671468314,3064,Q13234118$7AC5DD8D-C56D-48DA-8C63-7F9BF3AD4A05,Agonopterix seneciovora,LepIndex ID,"""106391.0""","""106391""",unrefinement,textual_change
1724781545,-2,description,Jan,description,"""(1580 - before 18 Apr 1623)""","""(1580 – before 18 Apr 1623)""",textual_change,textual_change
322755131,281,Q5146666$8374BC45-78D8-420F-A95C-CDB10EF2F3E5,College of Coastal Georgia,postal code,"""31520–3644""","""31520-3644""",textual_change,textual_change
1920034275,281,Q1020077$beb2d2a2-4021-09af-03c4-38e23e25e18c,Yasynuvata,postal code,"""86000–86015""","""286000–286015""",property_value_update,property_value_update
975211988,212,Q60185550$623793C4-B230-4098-B79D-69B9D6AE2B44,Assessing the Validity of the Qualistar Early Learning Quality Rating and Improvement System as a Tool for Improving Child-Care Quality,ISBN-13,"""978-0-83304-495-2""","""978-0-8330-4495-2""",textual_change,property_value_update
2004200876,-2,description,Mack V. Wright,description,"""actor, Film director (1894-1965)""","""actor and film director (1894-1965)""",textual_change,textual_change
1322075671,-1,label,anesthetist,label,"""anaesthetist""","""anesthetist""",textual_change,textual_change
1415223090,6262,Q106712766$4282834e-4d5d-4a0e-0307-940d1401218d,Ilse's Notebook: Notes from a Scout Regiment Member,Fandom article ID,"""attackontitan:Ilse%27s_Notebook:_Notes_from_a_Scout_Regiment_Member""","""attackontitan:Ilse's_Notebook:_Notes_from_a_Scout_Regiment_Member""",textual_change,textual_change
623510376,-2,description,David A. Sinclair,description,"""Australian biologist, geneticist""","""Australian biologist and geneticist""",textual_change,textual_change
1435317629,-2,description,William James Callcott,description,"""British painter (ca. 1843—1890)""","""British painter (ca. 1843-1890)""",textual_change,textual_change
555044227,-1,label,Church of Saint Chrysogonus,label,"""Church of St. Chrysogonus""","""Church of Saint Chrysogonus""",textual_change,textual_change
1373979732,-2,description,Charles Boustany,description,"""Former U.S. Representative from Louisiana""","""Former United States Representative from Louisiana""",textual_change,textual_change
1415257864,-1,label,Georg-Peter Pilz,label,"""Georg-Peter Pilz""","""Georg Peter-Pilz""",textual_change,none
1723761522,-2,description,Pieter Willem van Haps,description,"""Haps, Pieter Willem van, active 1696-1714""","""Haps, Pieter Willem van, active 1696–1714""",textual_change,textual_change
1458258491,856,Q18387727$ACD1AA44-FCFB-4617-A6BD-6036EE239520,Permanent Representative of Luxembourg to the United Nations,official website,"""http://newyork-un.mae.lu/en""","""http://newyork-un.mae.lu/""",unrefinement,textual_change
423718829,-1,label,Hydroxysteroid dehydrogenase like 1,label,"""Inactive hydroxysteroid dehydrogenase-like protein 1""","""Hydroxysteroid dehydrogenase like 1""","refinement, unrefinement",refinement
1912652441,-2,description,Hocheck,description,"""mountain in Carinthia' Austria""","""mountain in Carinthia, Austria""",textual_change,textual_change
2011691064,-2,description,Oku-Ōi Prefectural Nature Park,description,"""nature park in Shizuoka Prefecture, Japan""","""natural park of Shizuoka prefecture, Japan""",textual_change,refinement
425129972,-1,label,"New China Life Insurance Co., Ltd.",label,"""NEW CHINA LIFE INSURANCE COMPANY LTD.""","""New China Life Insurance Co., Ltd.""",textual_change,textual_change
1548745466,-2,description,Sonia Ursu-Kim,description,"""Romanian-South Korean basketball player""","""Romanian–South Korean basketball player""",textual_change,textual_change
1691916859,18,Q73352$452f4a08-4585-49b6-8096-6763c55db010,Roselyn Sánchez,image,"""Roselyn sanchez 2013.jpg""","""Rosalyn Sanchez 2000.jpg""",property_value_update,property_value_update
688645163,-1,label,John Elme,label,"""Sir John ELME""","""John Elme""",unrefinement,unrefinement
1657227930,-2,description,William Muir,description,"""Scottish Orientalist and colonial administrator (1819-1905)""","""Scottish Orientalist and colonial administrator (1819–1905)""",textual_change,textual_change
1307649671,-1,label,Padma Shri in literature and education,label,"""Padma Shri in literature & education""","""Padma Shri in literature and education""",textual_change,textual_change
1288511879,18,Q99227530$BA99EFAD-7BCF-48DC-B8ED-CDA0517D7457,Stolperstein dedicated to Hermann Küster,image,"""Stolperstein Eidelstätter Weg 25 (Hermann Küster) in Hamburg-Eimsbüttel.JPG""","""Stolperstein Eidelstedter Weg 25 (Hermann Küster) in Hamburg-Eimsbüttel.jpg""",textual_change,textual_change
419690286,-2,description,writer,description,"""person who uses written words to communicate ideas, person who produces works of literature""","""person who uses written words to communicate ideas; person who produces works of literature""",textual_change,textual_change
2134223577,9878,Q4115852$9847e913-435f-a3e4-5ce8-27c843a98916,Tashahhud,Encyclopaedia of Islam (first edition) ID,"""SIM_5861""","""SIM-5861""",textual_change,textual_change
1013591646,-1,label,HD+,label,"""HD plus""","""HD+""",textual_change,textual_change
1911665984,212,Q61082533$a92c22c0-443b-632b-27e0-abc8ab50953e,BA29,ISBN-13,"""ISBN 978-1-5956-9347-1""","""ISBN 978-1-595-69347-1""",textual_change,textual_change
1041079893,-1,label,Golden Key of Madrid,label,"""golden key Madrid""","""Golden Key of Madrid""",textual_change,textual_change
802557974,-1,label,Provenge® (Sipuleucel-T) Active Cellular Immunotherapy Treatment of Metastatic Prostate Cancer After Failing Hormone Therapy,label,"""ProvengeÂ® (Sipuleucel-T) Active Cellular Immunotherapy Treatment of Metastatic Prostate Cancer After Failing Hormone Therapy""","""Provenge® (Sipuleucel-T) Active Cellular Immunotherapy Treatment of Metastatic Prostate Cancer After Failing Hormone Therapy""",textual_change,textual_change
1076989647,-2,description,TVG-10,description,"""German Poppy Pong console. pc-50x serie""","""German Poppy Pong console.PC-50x series""",textual_change,textual_change
1912604579,-2,description,Spīnah Tīz̲h̲ah,description,"""mountain in Nangarhar' Afghanistan""","""mountain in Nangarhar, Afghanistan""",textual_change,textual_change
2190203211,-1,label,"Kimmerghame Mains, Kimmerghame House",label,"""Kimmerghame House, Kimmerghame Mains""","""Kimmerghame Mains, Kimmerghame House""",refinement,none
1288124904,-1,label,"HTN1,HTN3 or HTN5 binds the bacterial anionic surface",label,"""HTN1;HTN3 or HTN5 binds the bacterial anionic surface""","""HTN1,HTN3 or HTN5 binds the bacterial anionic surface""",textual_change,textual_change
1912627274,-2,description,Kōh-e Surkh Gil,description,"""mountain in Daykundi' Afghanistan""","""mountain in Daykundi, Afghanistan""",textual_change,textual_change
537718149,345,Q6509272$7043366e-4936-48cb-f20b-c309197737b0,Leahy,IMDb ID,"""nm001559542""","""nm1559542""",property_value_update,property_value_update
2243327157,1329,Q11999254$4bda5604-47a1-c60e-2a18-7f30718a5464,Norwegian Association of Economists,phone number,"""+47-9-086-75-20""","""+47-90-86-75-20""",textual_change,textual_change
2192262627,-2,description,Louis S Stodieck,description,"""Reasearch professor,Aerospace Engineering""","""research professor, Aerospace Engineering""",textual_change,textual_change
1281511064,-2,description,McLaren MCL35,description,"""Formula 1 car built by McLaren""","""Formula One car built by McLaren""",textual_change,textual_change
2190265070,-1,label,"Windmill, Stoneykirk",label,"""Stoneykirk, Windmill""","""Windmill, Stoneykirk""",refinement,textual_change
2202339133,-1,label,D.M.L.C -Death Match Love Comedy-,label,"""D.M.L.C.: Death Match Love Comedy""","""D.M.L.C -Death Match Love Comedy-""",textual_change,textual_change
2347863549,373,Q26511281$22DB0429-207F-4C67-83B6-00D7AFCB6B0B,Church of St Mary,Commons category,"""Saint Mary Church (Westry)""","""St Mary Church, Westry""",textual_change,"textual_change, unrefinement"
1813386098,2070,Q4967849$C7F2AA0B-CC18-4246-83BC-534728C80996,Brigid Hogan,Fellow of the Royal Society ID,"""630""","""30""",property_value_update,property_value_update
2345314040,444,Q125506354$04B4D66E-3BA9-4C58-9D84-9E981F1FD63B,Cultist Simulator: Initiate Edition,review score,"""63/100""","""62/100""",property_value_update,property_value_update
2109393232,-2,description,Paolo Limiti,description,"""Italian songwriter, lyricist, television producer""","""Italian songwriter, lyricist and television producer""",textual_change,textual_change
2154564817,18,Q20830731$AABC4854-3AC1-4559-93AE-6B8536727C4C,Isabela Merced,image,"""Isabela Merced, 2022.png""","""Isabela Merced in 2024 02.jpg""",property_value_update,property_value_update
2306697185,-2,description,African Literature and the Future,description,"""A Book Written By Gbemisola Adeoti.""","""book written By Gbemisola Adeoti""",textual_change,textual_change
807868363,-2,description,,description,"""A literary work by Ilse Aichinger.""","""literary work by Ilse Aichinger""",textual_change,textual_change
1596398655,-1,label,deputy governor,label,"""vice governor""","""Governor""",property_value_update,property_value_update
1824160390,-1,label,tessellation,label,"""Tessellation (computer graphics)""","""tessellation""","textual_change, unrefinement",textual_change
396206544,154,Q7072245$38276554-4f97-0d97-aaab-3564784d6b75,O2,logo image,"""O2 logo.svg""","""O2.svg""",unrefinement,textual_change
1057452757,-2,description,Carlos Amador Marchant,description,"""chilean writter""","""Chilean writer""",textual_change,textual_change
1164305890,-1,label,"Wirrer, Johann (Verweis) (BLKÖ)",label,"""Wirrer, Johann (Verweis) (BKLÖ)""","""Wirrer, Johann (Verweis) (BLKÖ)""",textual_change,textual_change
584126334,-1,label,Diari Catalá,label,"""Diari Català""","""Diari Catalá""",textual_change,textual_change
649377034,373,Q8736307$D18D8741-D020-4096-A77D-190C77965C74,"Category:People from Henderson, Kentucky",Commons category,"""People from Henderson, Kentucky""","""People of Henderson, Kentucky""",textual_change,textual_change
1383192210,-2,description,Teatro dei Nobili,description,"""theatre in Vercelli, Italia""","""theatre in Vercelli, Italy""",textual_change,textual_change
1390829466,-1,label,tank,label,"""Tanks""","""tank""",textual_change,textual_change
564196178,-1,label,Dhank,label,"""Dhaank""","""Dhank""",textual_change,textual_change
1731224709,-2,description,Endre Szemethy,description,"""actor (1903-1958)""","""actor (1903–1958)""",textual_change,textual_change
740683406,-1,label,The utilisation of ¹⁴C labelled substrates by growing plant organs,label,"""The utilisation of û?C labelled substrates by growing plant organs""","""The utilisation of ¹⁴C labelled substrates by growing plant organs""",textual_change,textual_change
1787748605,-2,description,Muhammad Ibrahim Khan,description,"""leader of the armed ⁹ of the Hazara people of Afghanistan in protest against taxes during Zahir Shah's rule.""","""leader of the armed of the Hazara people of Afghanistan in protest against taxes during Zahir Shah's rule.""",textual_change,unrefinement
1785318706,304,Q111689076$630B2354-48E4-41DE-8837-16796B407A13,Blockchain Solutions for Big Data Challenges: A Literature Review,page(s),"""763â€“768""","""763-768""",textual_change,textual_change
1048460972,304,Q62611765$E3842650-7AEB-444E-B6DB-EF74D3446D73,Gaeta,page(s),"""173; 176""","""173, 176""",textual_change,textual_change
2320294477,-2,description,÷,description,"""division sign, obelus, obell (U+00F7), mathematical operator; rating marker sometimes used as a hyphen variant, differentiated in some contexts; old punctuation mark to indicate questionable passages in manuscripts""","""division sign, obelus, obell (U+00F7); mathematical operator; rating marker sometimes used as a hyphen variant, differentiated in some contexts; old punctuation mark to indicate questionable passages in manuscripts""",textual_change,textual_change
1976586811,-1,label,"One Piece, Dressrosa",label,"""One Piece: Dressrosa""","""One Piece, Dressrosa""",textual_change,textual_change
344066368,-1,label,Fbln7,label,"""fibulin 7""","""Fbln7""",textual_change,textual_change
1001022947,-1,label,"Transport of bile salts and organic acids, metal ions and amine compounds",label,"""Transport of bile salts and organic acids; metal ions and amine compounds""","""Transport of bile salts and organic acids, metal ions and amine compounds""",textual_change,textual_change
1520946816,-1,label,Bianchi's warbler,label,"""Bianchi's Warbler""","""Bianchi’s Warbler""",textual_change,textual_change
1436115552,-2,description,Yvette Vickers,description,"""Actress, singer & model (1928-2011)""","""actress, singer and model (1928-2011)""",textual_change,textual_change
154267308,18,Q7335665$9AF87B70-2F87-4A0F-A3F6-F3C7DF488925,Ripon College Cuddesdon,image,"""16th_Pics_Home,_MidSummer%2707_054.jpg""","""16th Pics Home, MidSummer'07 054.jpg""",textual_change,textual_change
2219364301,-2,description,Beatriz Souza,description,"""Brazilian judoka (1998-)""","""Brazilian judoka (1998–)""",textual_change,textual_change
697248052,18,Q2504095$23AC97EE-ADFD-4D0B-8A25-73F40A9132E8,Uwe-Dag Berlin,image,"""Protrait von Uwe Dag Berlin fotografiert von Daniel Josefsohn.jpg""","""Porträt von Uwe Dag Berlin fotografiert von Daniel Josefsohn.jpg""",textual_change,textual_change
1912538757,-2,description,Cerro Casliri,description,"""mountain in Antofagasta Region' Chile""","""mountain in Antofagasta Region, Chile""",textual_change,textual_change
609556862,1030,Q7230493$A76F3DDD-3CDC-4E0C-A1BB-37028C382785,Port Austin Light,light characteristic,"""White, every 6 seconds.""","""W, every 6 seconds.""",textual_change,textual_change
2115798344,8034,Q3149496$a4fb396b-42fb-2a20-0093-693f5dddaaff,IN Group,Vatican Library VcBA ID,"""494_49663""","""494/49663""",textual_change,textual_change
2062566137,213,Q123580585$a40fece7-4481-a930-636b-ddfc281941f5,Célia Sauvage,ISNI,"""0000 0003 5624 3231""","""0000000 3 5624 3231""",textual_change,textual_change
2253069076,4159,Q87084$4194A6BC-7699-43D0-B1CC-4AA5746DCFD6,"Johann Georg, Chevalier de Saxe",WeRelate person ID,"""Johann_Georg%2C_Chevalier_de_Saxe_(1)""","""Johann_Georg,_Chevalier_de_Saxe_(1)""",textual_change,textual_change
305706495,957,Q7775779$04D16A82-206E-4E71-B198-C692C297CDC2,The Word,ISBN-10,"""0-6712-1153-6""","""0-671-21153-6""",textual_change,textual_change
588075935,-2,description,Abbottabad District,description,"""district in Hazara Division ,Khyber Pakhtunkhwa,  Pakistan""","""district in Hazara Division, Khyber Pakhtunkhwa,  Pakistan""",textual_change,textual_change
685705179,18,Q20540312$AE4338B2-BE18-4554-A95E-4EA66B582C7B,Shee-náh-wee,image,"""George Catlin - Shee-nï¿½ï¿½h-wee - 1985.66.245 - Smithsonian American Art Museum.jpg""","""George Catlin - Shee-náh-wee - 1985.66.245 - Smithsonian American Art Museum.jpg""",textual_change,textual_change
1678445583,-1,label,Apolaustus 5–8 (Pauly-Wissowa),label,"""Apolaustus 5-8 (Pauly-Wissowa)""","""Apolaustus 5–8 (Pauly-Wissowa)""",textual_change,textual_change
1483636475,18,Q3412667$fda64a84-3799-4db1-ac6d-2079a47b87fe,quai d'Anjou,image,"""Quai d'Anjou (Paris).jpg""","""Quai d'Anjou, Paris October 2017.jpg""",refinement,refinement
368610398,-1,label,Methods and results of an investigation of egg protein exposure in an egg processing plant,label,"""Methods and results of an investigation of egg protein exposure in an egg processing plant.""","""118. Methods and Results of an Investigation of Egg Protein Exposure in an Egg Processing Plant""","textual_change, refinement",textual_change
1613806282,-2,description,João Baptista de Azevedo Marques Neto,description,"""Person identified in the Museu da Pessoa collection (5980)""","""person identified in the Museu da Pessoa collection""","textual_change, unrefinement",unrefinement
1961841713,-2,description,Lee Miller,description,"""U.S. American photographer and photojournalist (1907-1977)""","""American photographer and photojournalist (1907–1977)""",unrefinement,textual_change
423765096,-1,label,Zona pellucida binding protein,label,"""Zona pellucida-binding protein 1""","""Zona pellucida binding protein""","textual_change, unrefinement",unrefinement
923783738,-2,description,sitocalciferol,description,"""Vitamin D5 - Fat soluble Vitamin""","""fat soluble vitamin""","textual_change, unrefinement",unrefinement
1991940535,-1,label,"Embassy of Thailand, Tel Aviv",label,"""embassy of Thailand in Israel""","""Embassy of Thailand, Tel Aviv""","textual_change, refinement",textual_change
1346325257,-2,description,Bahia Museum of Art,description,"""Art museum in Salvador, Brazil""","""art museum in Salvador, Bahia""","textual_change, refinement",refinement
1671018434,18,Q9015669$E73448AB-9B63-4B53-B727-CB59C681D15E,Joan Josep Laguarda i Fenollera,image,"""Joan Josep Laguarda i Fenollera (1909).jpg""","""Juan José Laguarda y Fenollera.jpg""","textual_change, unrefinement",textual_change
573963524,-2,description,cutaneous candidiasis,description,"""A candidiasis that is characterized by Candida infection located_in the skin.""","""candidiasis that is characterized by Candida infection located in the skin""",textual_change,textual_change
1574896665,-2,description,Pražské komorní divadlo,description,"""a theatre company in the Czech republic""","""theatre company in the Czech Republic""",textual_change,textual_change
304503199,-1,label,Voyage autour du monde exécuté pendant les années 1836 et 1837 sur la Corvette la Bonite,label,"""Voyage Autour du Monde Execute Pendant les Anees 1836 et 1837 sur la Corvette la Bonite""","""Voyage autour du monde exécuté pendant les années 1836 et 1837 sur la Corvette la Bonite""",textual_change,textual_change
1465771768,8419,Q16466659$7cfa96fd-4f93-ff9d-827f-5d79ca9ea4dd,Borderlands: The Pre-Sequel,Archive of Our Own tag,"""Borderlands - Pre-Sequel""","""Borderlands: The Pre-Sequel""",textual_change,textual_change
1786505833,-1,label,wheeled chair,label,"""Wheeled chairs""","""wheeled chair""",textual_change,unrefinement
532318811,-2,description,Ján Langoš,description,"""czechoslovakia member of Slovak National Council, member of Czechoslovak parliament, engineer, politician, minister of interior and slovak nation politician""","""Czechoslovak member of Slovak National Council, member of Czechoslovak parliament, engineer, politician, minister of interior and slovak nation politician""",textual_change,textual_change
559166536,-2,description,penis sarcoma,description,"""A sarcoma and malignant neoplasm of penis that is located_in the penis.""","""sarcoma and malignant neoplasm of penis that is located in the penis""",textual_change,textual_change
2306881279,-2,description,protein localization to nucleus,description,"""A process in which a protein transports or maintains the localization of another protein to the nucleus.""","""process in which a protein transports or maintains the localization of another protein to the nucleus""",textual_change,textual_change
2306856318,-2,description,phosphatidylserine exposure on blood platelet,description,"""A phospholipid scrambling process that results in the appearance of phosphatidylserine on the surface of activated blood platelets, and triggers the clotting system.""","""phospholipid scrambling process that results in the appearance of phosphatidylserine on the surface of activated blood platelets, and triggers the clotting system""",textual_change,textual_change
1009797270,-2,description,Steve Winter,description,"""Computer games designer""","""computer game designer""",textual_change,textual_change
2306694428,-2,description,A Bitter Disapproval,description,"""A Book by Tito Banda""","""book by Tito Banda""",textual_change,textual_change
642407631,373,q1780081$86304C1B-7C04-41AD-983A-10A68E5D2C54,Kommandørgården,Commons category,"""Kommandørgård Museum.""","""Kommandørgården Museum""",textual_change,textual_change
1038340270,-1,label,"Middletown Historical Society, Rhode Island",label,"""Middletown Historical Society State of Rhode Island""","""Middletown Historical Society, Rhode Island""",refinement,textual_change
1420262690,-1,label,legislative district of Pangasinan,label,"""Legislative districts of Pangasinan""","""legislative district of Pangasinan""",textual_change,textual_change
2132489779,2093,Q125522088$0335eb2e-4975-d5fa-4262-ef924692c23f,,author name string,"""Robert Brooks, Matt Burns""","""Robert Brooks et Matt Burns""",textual_change,textual_change
1494504406,-1,label,Biarozna,label,"""Byarozna""","""Biarozna""",textual_change,textual_change
705919348,-1,label,Yablunivka,label,"""Iablunivka""","""Yablunivka""",textual_change,textual_change
92484551,-1,label,Tanishaa,label,"""Tattisha""","""Tanisha""",textual_change,textual_change
1072568579,-2,description,Elena Lieven,description,"""Psychloloigst""","""psycholoigst""",textual_change,textual_change
470444552,1047,Q21553194$B875D921-257D-45D0-B19F-E441D5930112,Roberto Filippini,Catholic Hierarchy person ID,"""bfilipr""","""filipr""",textual_change,textual_change
710785568,-1,label,Azimov,label,"""Asimov""","""Azimov""",textual_change,textual_change
1885097552,-1,label,Fyodor Petrovich Uvarov,label,"""Fiodor Petrovitch Ouvarov""","""Fyodor Petrovich Uvarov""",textual_change,textual_change
1080794909,373,Q715017$CE39C2C3-5F7F-47A6-8CFF-614F36DC3546,Pyiterfolvo,Commons category,"""Pyjterfolvo""","""Pyiterfolvo""",textual_change,textual_change
996799352,-2,description,1975 South Pacific Games,description,"""The fifth edition of the South Pacific Games, held in Guam""","""Fifth edition of the South Pacific Games, held in Guam""",textual_change,textual_change
367023736,-1,label,Th prevalence of coal workers' pneumoconiosis,label,"""The prevalence of coal workers' pneumoconiosis.""","""Th prevalence of coal workers' pneumoconiosis""",textual_change,textual_change
1099705994,-2,description,Bernard Aston,description,"""Agricultural chemist, botanist, photographer""","""agricultural chemist, botanist and photographer""",textual_change,textual_change
1542566228,-2,description,Mark Lowry,description,"""Singer-Songwriter""","""singer and songwriter""",textual_change,textual_change
1657800711,-1,label,Category:Takyehs,label,"""Category:Takyehs""","""Category:Tekiyehs""",textual_change,textual_change
2055904391,2440,Q108505043$43175BAA-C4C6-494D-BB0D-48BB95094887,Xiaoyan,transliteration or transcription,"""Hiu-Yin""","""Siu-Yin""",textual_change,textual_change
1140532246,-1,label,Category:1989 in video gaming,label,"""Category:1989 in video gaming""","""Category:1989 in video games""",textual_change,textual_change
684608391,-1,label,unclean animal,label,"""Unclean animals""","""unclean animal""",textual_change,textual_change
1300949060,-2,description,Palamel Grama Panchayat,description,"""Grama Panchayat in Alappuza district, Kerala, India""","""Gram Panchayat in Alappuzha district of Kerala, India""",textual_change,textual_change
982081971,-1,label,"Louise de Keroual, Duchess of Portsmouth",label,"""Louise de Kérouaille, Duchess of Portsmouth""","""Louise de Keroual, Duchess of Portsmouth""",textual_change,textual_change
1600559151,-1,label,automotive electrician,label,"""Automotive electricians""","""automotive electrician""",textual_change,textual_change
1028914983,-2,description,Sin-Eater (comics),description,"""a villain from Marvel comic franches""","""a villain from Marvel Comics franchise""",textual_change,textual_change
838354203,373,Q41074339$983c3d5b-48f2-1ce8-9c44-acfe122c61f2,Ancient Greek theatre of Maroneia,Commons category,"""Ancient Greek theatre (Maroneia)""","""Ancient Greek theatre of Maroneia""",textual_change,textual_change
2073753220,6262,Q2718678$E66057BF-A769-4B00-9D43-EEA19ED3E09C,1990 in video gaming,Fandom article ID,"""gamicus:1989_in_video_gaming""","""gamicus:1990_in_video_gaming""",property_value_update,property_value_update
1903279345,444,Q93235255$3D7E080A-13F1-46A7-8566-2FAC0DFF102D,The Lord of the Rings: Gollum,review score,"""43/100""","""40/100""",property_value_update,property_value_update
2350261064,2186,Q3671406$f9a87c2e-4536-ea1f-1cec-d51da0097c4a,San Niccolò,Wiki Loves Monuments ID,"""09E960019""","""09E9600019""",property_value_update,property_value_update
1773871980,227,Q63349541$db912363-4c90-842d-5c73-7d761b6d885b,,GND ID,"""126683-9""","""2126683-9""",property_value_update,property_value_update
418842000,-2,description,László Bogdán,description,"""Roma civil law activist, mayor of village Cserdi""","""Roma civil right activist, mayor of village Cserdi""",property_value_update,textual_change
1134134094,18,Q23021088$1f1a517b-4e7b-abd8-e9b4-a5d9fb891b6d,Menarinibus Citymood,image,"""ATAC Menarinibus Citymood (2449).jpg""","""ATAC Menarinibus Citymood (2204).jpg""",property_value_update,property_value_update
1202857257,18,Q456071$E8F1BABA-EF02-4094-B9F5-E596EFB02919,Yip Pui Yin,image,"""TOTAL BWF World Champs 2015 Day 2 Yip Pui Yin.jpg""","""YipPuiYin1.jpg""",property_value_update,property_value_update
314929255,-1,label,"ISDvu2, transposase OrfB DVU2030",label,"""ISDvu2, transposase OrfB    DVU1398""","""ISDvu2, transposase OrfB    DVU0719""",property_value_update,property_value_update
651470668,-1,label,H4 clustered histone 13,label,"""Histone cluster 1 H4 family member d""","""Histone cluster 2 H4 family member b""",property_value_update,property_value_update
1822095961,-2,description,Nelson Camayo,description,"""Mexican director""","""actor""",property_value_update,property_value_update
844152146,18,Q19175282$e126159a-4825-00a8-0159-43451635694f,"Die Gartenlaube, 1888",image,"""Die Gartenlaube (1887) p 001.jpg""","""Die Gartenlaube (1888) b p 001.jpg""",property_value_update,property_value_update
855925157,-1,label,Glycerophosphoryl diester phosphodiesterase CBO2928,label,"""Glycerophosphoryl diester phosphodiesterase CBO2928""","""Glycerophosphoryl diester phosphodiesterase CLC_2822""",property_value_update,property_value_update
1620997297,-2,description,Florence Paterson,description,"""Canadian actor (1927-1995)""","""Canadian-British actor (1927-2011)""",property_value_update,property_value_update
1487102740,3065,Q1150942$54fe8397-4597-42e3-0e5f-7ce278a949af,San Francisco Ballet,RERO ID (legacy),"""01-A011834274""","""02-A011834274""",property_value_update,property_value_update
292925128,18,Q651970$25D0798D-C51D-4D35-8E9C-09B4CE35BCB9,Roger Siffer,image,"""Roger Siffer par Claude Truong-Ngoc novembre 2012.jpg""","""Roger Siffer par Claude Truong-Ngoc sept 2013.jpg""",property_value_update,property_value_update
501495158,-1,label,Insertion sequence element IS600 protein SF0490,label,"""Insertion sequence element IS600 protein SF1059""","""Insertion sequence element IS600 protein SF0895""",property_value_update,property_value_update
476403090,-1,label,H4 clustered histone 13,label,"""Histone cluster 2 H4 family member b""","""Histone cluster 1 H4 family member k""",property_value_update,property_value_update
486498350,-1,label,Histone H2B Dmel_CG33890,label,"""CG33874 gene product from transcript CG33874-RA Dmel_CG33874""","""CG33904 gene product from transcript CG33904-RA Dmel_CG33904""",property_value_update,property_value_update
1812651942,2070,Q16773696$D0101A77-34C4-4668-B02A-149496BD73CC,Julian Parkhill,Fellow of the Royal Society ID,"""12046""","""2046""",property_value_update,property_value_update
1813383050,2070,Q1658488$4BFE6D40-EA04-4BF8-BB26-9AF9A5544956,John Toland,Fellow of the Royal Society ID,"""423""","""23""",property_value_update,property_value_update
2315952625,18,Q132727468$92D4A1F6-8D01-4014-BFAE-6FA1E441055C,,image,"""2025 Warszawa Szkoła Podstawowa nr 231, 1.jpg""","""2025 Warszawa Szkoła Podstawowa nr 406, 1.jpg""",property_value_update,property_value_update
313895594,-1,label,ISlin1 transposase LA_3956,label,"""ISlin1 transposase LA_3983""","""ISlin1 transposase    LA_3956""",property_value_update,property_value_update
549636299,3185,Q16895567$af2c6b15-49cd-2af3-6867-8ae11e50b272,Museum of Soviet Arcade Machines,VK username,"""15kopmsk""","""15kop""",unrefinement,unrefinement
1146926723,1329,Q89076846$72fc23c4-4512-3eb3-c5b0-52e5d3c805d1,Library of Sainte-Marthe-sur-le-Lac,phone number,"""+1-450-472-7310""","""450-472-7310""",unrefinement,unrefinement
974902208,2580,Q12360592$33A715D0-D177-439D-A9B7-F71844899AF5,Christian Barthold Rotermann,Baltisches Biographisches Lexikon digital ID (former scheme),"""Rotermann-Christian-Barthold-Johann-1840-1912""","""Rotermann-Christian-1840-1912""",unrefinement,unrefinement
1300682391,-2,description,Robert G. Moyle,description,"""US-American ornithologist and evolutionary biologist""","""American ornithologist and evolutionary biologist""",unrefinement,textual_change
1223018934,2397,Q96745630$298c4251-4031-f655-e383-a859365b82d7,Walter Ezequiel Matthysse Bianchettin,YouTube channel ID,"""walterezequielmatthyssejr""","""matthyssejr""",unrefinement,unrefinement
1089711592,2081,Q67682459$e9a18071-432c-7bda-6ff3-fbf0f1df1c76,Village church Woltersdorf (Casekow),BLDAM object ID,"""09130757,t""","""09130757""",unrefinement,textual_change
2335217806,-1,label,Enlila,label,"""Geme-Enlila""","""Enlila""",unrefinement,unrefinement
2034945131,-2,description,Radu Alexandru,description,"""Gay romanian blogger and screenwriter""","""Romanian blogger and screenwriter""","textual_change, unrefinement",unrefinement
1999959558,2013,Q7610522$a6ab29ed-4dc0-aa63-7e9a-9df1ea9551db,Stephen Shortridge,Facebook username,"""StephenShortridge.Artist.Author.Actor""","""StephenShortridgeArtist""","textual_change, unrefinement",textual_change
1352032555,18,Q2013833$65BED231-C4EA-4D88-861F-BF7B3684F638,Doganovo,image,"""Doganovo_-_Sofia_Province_02.jpg""","""Doganovo - Sofia Province.jpg""","textual_change, unrefinement",textual_change
748507546,-2,description,Brian Orakpo,description,"""All-American college football player, professional football player, linebacker""","""American football outside linebacker""",unrefinement,unrefinement
1306976081,-1,label,Akinola Folarin,label,"""Akinola Amos Folarin""","""Akinola Folarin""",unrefinement,unrefinement
2276343946,-2,description,Rick Casares,description,"""American football player, fullback, running back (1931-2013)""","""American football player (1931-2013)""",unrefinement,unrefinement
2296860751,-2,description,Kindergarten: The Musical,description,"""American animated broadway music style television series""","""American animated television series""",unrefinement,unrefinement
1738609151,-2,description,Happy Family,description,"""2010 Italian film directed by Gabriele Salvatores""","""2010 film directed by Gabriele Salvatores""",unrefinement,unrefinement
1536268656,-2,description,Eurovision Song Contest 2009,description,"""54th edition of the Eurovision Song Contest, hosted by Russia""","""54th edition of the Eurovision Song Contest""",unrefinement,unrefinement
615458918,-1,label,Albany,label,"""Albany, Prince Edward Island""","""Albany""",unrefinement,unrefinement
301127427,-2,description,Raees Ahmadzai,description,"""Afghan former cricketer""","""Afghan cricketer""",property_value_update,unrefinement
1290048366,-2,description,Carl Reiner,description,"""American actor, film director, producer, writer, and comedian""","""American actor, director, producer, writer, and comedian""",unrefinement,textual_change
1766007819,-1,label,pseudo-scientific explanations of the flood,label,"""A1016. Pseudo-scientific explanations of the flood.""","""Pseudo-scientific explanations of the flood""","textual_change, unrefinement",textual_change
1766039806,-1,label,A2494.12. Miscellaneous enmities of mammals.,label,"""A2494.12. Miscellaneous enmities of mammals.""","""Miscellaneous enmities of mammals""","textual_change, unrefinement",textual_change
726244223,18,Q50365049$b6e01bfc-4971-6d31-f5dd-07d782b493d5,Abiy Ahmed,image,"""Abiy Ahmed next einstein forum.jpg""","""Abiyahmed.jpg""","textual_change, unrefinement",property_value_update
408367235,-2,description,Mercy,description,"""2012 Film directed by Matthias Glasner""","""2012 film by Matthias Glasner""","textual_change, unrefinement",textual_change
2191284795,-1,label,23 Carfrae Street,label,"""23 Gilbert Street""","""23 Carfrae Street""",property_value_update,property_value_update
1582270265,-2,description,Cầm Bá Thước,description,"""A leader of Tai people, who took part in Cần Vương movement in Northwest Vietnam in the late 19th century""","""leader of Tai people, who took part in Cần Vương movement in 19th century""","textual_change, unrefinement",unrefinement
2000458660,-1,label,2026 China Masters,label,"""2026 Fuzhou China Open""","""2026 China Masters""",property_value_update,property_value_update
1002811472,-1,label,Inia,label,"""Inia, Paphos""","""Inia""",unrefinement,unrefinement
1003232529,-1,label,Tom Taus,label,"""Tom Taus, Jr.""","""Tom Taus""",unrefinement,unrefinement
923351449,-1,label,St Mary's Church,label,"""St Mary's Church, Newchurch in Pendle""","""St Mary's Church""",unrefinement,unrefinement
923577028,-1,label,Torvald Klaveness,label,"""Torvald Faye Klaveness""","""Torvald Klaveness""",unrefinement,unrefinement
923584865,-1,label,Holger Fangel,label,"""Holger Christian Gomme Fangel""","""Holger Fangel""",unrefinement,unrefinement
923711796,-1,label,Argentino Auchter,label,"""Argentino Salvador  Auchter""","""Argentino Auchter""",unrefinement,unrefinement
924548609,-1,label,Jerusalem War Cemetery,label,"""Jerusalem British War Cemetery""","""Jerusalem War Cemetery""",unrefinement,unrefinement
925424252,-1,label,John Hoben,label,"""John Grey Hoben""","""John Hoben""",unrefinement,unrefinement
927281880,-1,label,Morita,label,"""Morita, Aomori""","""Morita""",unrefinement,unrefinement
928249843,-1,label,KEXP-FM,label,"""KEXP-FM""","""KEXP""",unrefinement,textual_change
932370872,-1,label,Le disque d’or de Sheila – Volume 1,label,"""SHEILALe disque d’or""","""Le disque d’or""",unrefinement,textual_change
932716726,-1,label,Helen Salas,label,"""Category:Helen Salas""","""Helen Salas""",unrefinement,textual_change
932718361,-1,label,Dương Tú Anh,label,"""Category:Duong Tu Anh""","""Duong Tu Anh""",unrefinement,textual_change
1004791005,-2,description,Notonewtonia,description,"""genus of insects""","""genus of beetles""",refinement,refinement
1024165392,-2,description,Boyfriend,description,"""2010 song performed by Best Coast""","""2010 song by Best Coast""",unrefinement,textual_change
875447608,-1,label,iCarly,label,"""iCarly""","""iCarly.com""",unrefinement,property_value_update
888018889,-2,description,Mühldorf Castle,description,"""building in Feldkirchen an der Donau, Austria""","""building in Upper Austria, Austria""",unrefinement,unrefinement
1024567003,-2,description,Speyeria adiaste,description,"""species of insect""","""species of butterfly""",refinement,refinement
888865774,-2,description,,description,"""building in Hoyerswerda, Bautzen District, Germany""","""building in Hoyerswerda, Germany""",unrefinement,unrefinement
881356085,-1,label,John G. Boules,label,"""John Boules""","""John G. Boules""",refinement,refinement
978016711,-1,label,Richard M. Yager,label,"""Richard Yager""","""Richard M. Yager""",refinement,refinement
978308913,-2,description,Homotropus,description,"""genus of insects""","""genus of wasps""",refinement,refinement
978505704,-1,label,Wólka,label,"""Wólka, Lublin County""","""Wólka""",unrefinement,unrefinement
978602939,-2,description,Teinotarsina aurantiaca,description,"""species of insect""","""species of moth""",refinement,refinement
988594012,-1,label,Punta Salarioli,label,"""Category:Punta Salarioli""","""Punta Salarioli""",unrefinement,textual_change
988644450,-1,label,Bill C. Giessen,label,"""Bill Cormann Giessen""","""Bill C. Giessen""",unrefinement,textual_change
978988557,-1,label,Higham,label,"""Higham, Forest Heath""","""Higham""",unrefinement,unrefinement
979087465,-1,label,Umyot,label,"""Umyot, Tambov Oblast""","""Umyot""",unrefinement,unrefinement
979138550,-1,label,Maria Schinz,label,"""Maria Hirzel-Schinz""","""Maria Schinz""",unrefinement,unrefinement
979483112,856,Q1579932$158499A5-7E72-418B-B6DA-6878AF64F7F9,Mel Fronckowiak,official website,"""https://web.archive.org/web/20120626153753/http://www.melfronckowiak.com.br/""","""http://www.melfronckowiak.com.br/""",unrefinement,textual_change
979483146,856,Q15844708$af3b5bf4-4e85-d026-3aa3-41dd6079c627,Ilaria Borletti Buitoni,official website,"""https://web.archive.org/web/20140517082643/http://ilariaborlettibuitoni.it/""","""http://ilariaborlettibuitoni.it/""",unrefinement,textual_change
989464226,-1,label,Elm Wood School,label,"""Elm Wood Primary School""","""Elm Wood School""",unrefinement,textual_change
1061106292,-1,label,Jets,label,"""Jet / Jets / The Jet(s)""","""Jets""",unrefinement,unrefinement
1001297409,-1,label,Panducot,label,"""Panducot, Bulacan""","""Panducot""",unrefinement,unrefinement
995444360,-1,label,Raffles Place,label,"""Raffles Place, Singapore""","""Raffles Place""",unrefinement,unrefinement
1064593525,-1,label,DL-leucine,label,"""leucine""","""DL-leucine""",unrefinement,refinement
989897970,-2,description,Cherthala Taluk,description,"""Taluk in Alappuzha District, Kerala, India""","""taluk in Kerala, India""","textual_change, unrefinement",unrefinement
997526900,-1,label,tram,label,"""tramcar""","""tram""",unrefinement,textual_change
986853737,-1,label,Fürstenwalde,label,"""Fürstenwalde""","""Fürstenwalde/Spree""",unrefinement,refinement
1024888196,-2,description,Behind Enemy Lines,description,"""Chinese television drama series""","""Chinese television series""",unrefinement,unrefinement
1011830695,-1,label,The Madhouse,label,"""In The Madhouse —A Rake's Progress series""","""The Madhouse""",unrefinement,unrefinement
1036406498,-2,description,Olivier Gay,description,"""French crime writer""","""French writer""",unrefinement,unrefinement
1036447841,-2,description,Greg Persinger,description,"""American (US) male curler""","""American curler""",unrefinement,unrefinement
1036485404,-1,label,Gordon MacLeod Pitts,label,"""Gordon McL. (Gordon McLeod) Pitts""","""Gordon McLeod Pitts""",unrefinement,textual_change
1017367601,-2,description,Anglican church,description,"""church building in Alassio, Italy""","""church in Alassio, Italy""",unrefinement,textual_change
884577715,-2,description,Delvig House,description,"""building of Saint Petersburg, Russia""","""building of Russia""",unrefinement,unrefinement
874076526,-1,label,Baisden,label,"""Baisden, Mingo County, West Virginia""","""Baisden""",unrefinement,unrefinement
1007634268,-2,description,Santo Stefano,description,"""church in Montemilone (PZ), Italy""","""church in Montemilone, Italy""",unrefinement,unrefinement
1008716408,-2,description,EXO,description,"""South Korean-Chinese boy band""","""South Korean boy band""",unrefinement,unrefinement
