file,file_size_mb,num_entities,processed_revisions,avg_revisions_per_entity,file_reading_sec,total_process_time_sec,peak_memory_mb
wikidatawiki-20250601-pages-meta-history20.xml-p45515399p45527040.bz2,129.25434017181396,11623,176402,15.176976684160715,160.33990263938904,162.79349875450134,656.28515625
wikidatawiki-20250601-pages-meta-history27.xml-p124430289p124657562.bz2,404.4321346282959,216171,1462836,6.7670316554949554,331.0590455532074,350.9935636520386,1109.9453125
wikidatawiki-20250601-pages-meta-history9.xml-p12293632p12341782.bz2,472.00114345550537,40257,1499115,37.23861688650421,490.2831976413727,492.51986956596375,772.10546875
wikidatawiki-20250601-pages-meta-history13.xml-p21931611p22017551.bz2,249.23645877838135,49747,1498818,30.128811787645486,225.66554975509644,227.76776385307312,877.703125
wikidatawiki-20250601-pages-meta-history11.xml-p16579272p16613739.bz2,914.121973991394,30138,1464305,48.58666799389475,627.5565044879913,631.2328269481659,2261.765625
wikidatawiki-20250601-pages-meta-history16.xml-p28623900p28672321.bz2,757.669171333313,46577,1469372,31.547158468772142,667.0506691932678,670.8491456508636,1255.8671875
wikidatawiki-20250601-pages-meta-history4.xml-p2358366p2380916.bz2,668.4459991455078,21949,1499860,68.33386486855893,725.6630020141602,727.9771070480347,1250.02734375
wikidatawiki-20250601-pages-meta-history18.xml-p32283583p32378018.bz2,739.6752624511719,80442,1498633,18.62998185027722,777.5625762939453,782.3580303192139,1253.4609375
wikidatawiki-20250601-pages-meta-history21.xml-p50283243p50392010.bz2,438.1871814727783,108577,1498742,13.803494294371736,382.78336238861084,386.48520731925964,1022.0625
wikidatawiki-20250601-pages-meta-history20.xml-p42769929p42824263.bz2,765.973090171814,54094,849142,15.697526527895885,899.7220363616943,901.9060144424438,1480.6484375
wikidatawiki-20250601-pages-meta-history22.xml-p52522438p52586261.bz2,751.5758695602417,63434,927926,14.628211999873885,908.8077754974365,914.9428787231445,1609.24609375
wikidatawiki-20250601-pages-meta-history27.xml-p90550616p90675131.bz2,1181.1103992462158,124141,1440125,11.600720148862987,892.9122738838196,897.5883104801178,6154.82421875
wikidatawiki-20250601-pages-meta-history2.xml-p1050568p1069828.bz2,834.3568048477173,18442,1501160,81.39898058778874,928.2788124084473,930.3289210796356,1337.58984375
wikidatawiki-20250601-pages-meta-history19.xml-p38387920p38413317.bz2,782.7664728164673,25358,575038,22.6767883902516,881.1068720817566,885.2743558883667,3413.7109375
wikidatawiki-20250601-pages-meta-history20.xml-p40258747p40294818.bz2,752.1395101547241,35958,732273,20.364675454697146,904.482358455658,909.622873544693,1072.2421875
wikidatawiki-20250601-pages-meta-history20.xml-p41393906p41421968.bz2,745.7250661849976,27964,695327,24.86507652696324,904.7358868122101,910.1333706378937,1641.2890625
wikidatawiki-20250601-pages-meta-history20.xml-p41773541p41807221.bz2,813.3661117553711,33541,700757,20.89254941713127,918.0773665904999,922.603753566742,3079.375
wikidatawiki-20250601-pages-meta-history14.xml-p23357661p23392626.bz2,306.4966230392456,34530,1497730,43.37474659716189,305.16968297958374,307.21849727630615,863.359375
wikidatawiki-20250601-pages-meta-history19.xml-p36113242p36150694.bz2,816.6772861480713,37434,687769,18.372842870118074,878.929986000061,883.217990398407,1654.87109375
wikidatawiki-20250601-pages-meta-history11.xml-p17259517p17300036.bz2,437.4976100921631,34598,1467083,42.40369385513613,414.09802198410034,415.9421966075897,1350.23828125
wikidatawiki-20250601-pages-meta-history23.xml-p56677115p56677297.bz2,3967.7465686798096,179,24876,138.97206703910615,1041.7991592884064,1193.1903874874115,16293.07421875
wikidatawiki-20250601-pages-meta-history27.xml-p96049923p96132462.bz2,529.6202049255371,75713,1485840,19.624635135313618,479.5371525287628,484.88033843040466,1509.65234375
wikidatawiki-20250601-pages-meta-history21.xml-p48551992p48618669.bz2,837.7697525024414,64674,1194212,18.465101895661316,894.7639453411102,902.1018776893616,1539.1015625
wikidatawiki-20250601-pages-meta-history5.xml-p3200555p3225686.bz2,546.3322458267212,23706,1499582,63.25748755589302,630.1105353832245,632.0955970287323,928.75390625
wikidatawiki-20250601-pages-meta-history22.xml-p53683264p53776068.bz2,776.1015949249268,92415,1141480,12.351674511713467,894.3615136146545,897.9127480983734,1400.765625
wikidatawiki-20250601-pages-meta-history4.xml-p2810943p2839228.bz2,528.1409521102905,27047,1499588,55.44378304433024,600.6118490695953,602.8009676933289,1151.5546875
wikidatawiki-20250601-pages-meta-history7.xml-p6311186p6345068.bz2,431.4043273925781,29013,1498184,51.63836900699686,457.4006199836731,460.3224754333496,18536.39453125
wikidatawiki-20250601-pages-meta-history25.xml-p70705664p70781447.bz2,642.4421138763428,75617,1135053,15.01055318248542,866.3643844127655,871.2200617790222,979.80859375
wikidatawiki-20250601-pages-meta-history19.xml-p38257919p38285890.bz2,836.7106876373291,27942,550565,19.70385083387016,883.9200639724731,887.7574641704559,2239.41015625
wikidatawiki-20250601-pages-meta-history21.xml-p47410474p47471871.bz2,744.7277231216431,61324,860731,14.035793490313743,884.6283488273621,890.5959718227386,1115.40625
wikidatawiki-20250601-pages-meta-history19.xml-p39271636p39327809.bz2,831.5769681930542,55856,1041290,18.642401890575766,911.0424501895905,917.2719712257385,4353.3359375
wikidatawiki-20250601-pages-meta-history19.xml-p38309355p38333186.bz2,794.8498077392578,23792,529336,22.248486886348353,889.8771903514862,894.248780965805,1804.74609375
wikidatawiki-20250601-pages-meta-history26.xml-p86162328p86241875.bz2,1522.7535753250122,79281,1076295,13.575699095621902,963.0053141117096,1060.9822688102722,27196.08984375
wikidatawiki-20250601-pages-meta-history24.xml-p61353766p61434980.bz2,852.3731184005737,80912,1302387,16.096339232746686,904.283638715744,910.7091827392578,1113.65234375
wikidatawiki-20250601-pages-meta-history19.xml-p38285891p38309354.bz2,782.1220970153809,23447,524998,22.390838913293813,847.0222954750061,849.9926776885986,2015.84765625
wikidatawiki-20250601-pages-meta-history25.xml-p69414645p69554097.bz2,699.72057056427,139023,1425123,10.250987246714573,869.1041069030762,872.2939610481262,1169.328125
wikidatawiki-20250601-pages-meta-history27.xml-p101940590p102057976.bz2,2207.57652759552,108218,1452011,13.417462898963205,946.2869169712067,950.6558909416199,10672.98828125
wikidatawiki-20250601-pages-meta-history12.xml-p18924743p18977224.bz2,742.0323295593262,45237,1448335,32.01660145456153,462.9696307182312,469.15204429626465,1966.8359375
wikidatawiki-20250601-pages-meta-history17.xml-p29821891p29870627.bz2,688.4882459640503,46382,1474972,31.80052606614635,476.05213713645935,481.35394954681396,1664.52734375
wikidatawiki-20250601-pages-meta-history18.xml-p35715893p35740196.bz2,755.5207033157349,24277,564144,23.23779709189768,900.5384519100189,904.1423621177673,1830.546875
wikidatawiki-20250601-pages-meta-history22.xml-p52649969p52714177.bz2,898.0228624343872,63545,880560,13.857266504052246,902.5615315437317,907.6500954627991,3453.8828125
wikidatawiki-20250601-pages-meta-history9.xml-p12809017p12857414.bz2,546.3177576065063,43365,1493280,34.435143548945,571.4223742485046,574.8534035682678,4663.84375
wikidatawiki-20250601-pages-meta-history7.xml-p6471843p6520136.bz2,542.916145324707,35522,1494147,42.06258093575812,577.9524743556976,581.4676280021667,1677.7265625
wikidatawiki-20250601-pages-meta-history27.xml-p98831090p98950436.bz2,743.1338329315186,116834,1482259,12.686880531352175,598.9182548522949,606.8104226589203,4714.72265625
wikidatawiki-20250601-pages-meta-history5.xml-p3172852p3200554.bz2,572.2553577423096,25866,1497811,57.90655687002242,628.8277955055237,633.4604451656342,26846.89453125
wikidatawiki-20250601-pages-meta-history25.xml-p66440365p66495937.bz2,620.084547996521,54926,1292280,23.52765539088956,883.9046156406403,888.3022062778473,16899.27734375
wikidatawiki-20250601-pages-meta-history25.xml-p70975255p70989008.bz2,704.2725515365601,13727,447801,32.62191301813943,860.1316106319427,865.32608294487,1226.4375
wikidatawiki-20250601-pages-meta-history17.xml-p30612312p30679197.bz2,885.9751434326172,64780,1469156,22.67916023464032,707.3999915122986,713.1949937343597,3819.28515625
wikidatawiki-20250601-pages-meta-history6.xml-p4934034p4969436.bz2,538.9936542510986,32727,1498958,45.8018761267455,564.4526364803314,567.5330505371094,2036.01953125
wikidatawiki-20250601-pages-meta-history14.xml-p24310806p24351721.bz2,609.3414115905762,40668,1498741,36.85307858758729,747.8664176464081,980.9558775424957,5144.828125
wikidatawiki-20250601-pages-meta-history19.xml-p37772869p37799000.bz2,745.744836807251,26116,584128,22.366671772093735,887.0961616039276,891.2134039402008,1377.1015625
wikidatawiki-20250601-pages-meta-history8.xml-p9704800p9800411.bz2,333.9945297241211,57402,1500110,26.133409985714785,316.89353585243225,319.8747968673706,1594.4765625
wikidatawiki-20250601-pages-meta-history12.xml-p19545351p19567219.bz2,1053.9452409744263,20054,1171314,58.407998404308366,870.4843888282776,875.520024061203,3286.8359375
wikidatawiki-20250601-pages-meta-history7.xml-p7691421p7728218.bz2,456.0188274383545,32706,1498679,45.822754234696994,477.63234400749207,480.3185818195343,26946.80078125
wikidatawiki-20250601-pages-meta-history26.xml-p86471192p86481276.bz2,2173.0231952667236,10076,157659,15.64698292973402,1055.5033490657806,1576.9261856079102,36046.76171875
wikidatawiki-20250601-pages-meta-history3.xml-p1350937p1371693.bz2,853.2757968902588,20302,1499877,73.87828785341345,906.9886598587036,912.9805824756622,1701.33984375
wikidatawiki-20250601-pages-meta-history26.xml-p83418789p83470333.bz2,2166.010277748108,51375,673645,13.112311435523115,1063.00141954422,1692.3185555934906,48413.5703125
wikidatawiki-20250601-pages-meta-history20.xml-p43096836p43151112.bz2,857.7889347076416,52766,1023043,19.38829928362961,889.6151192188263,893.5250129699707,2405.83984375
wikidatawiki-20250601-pages-meta-history26.xml-p82635998p82782580.bz2,883.1825923919678,145736,1481193,10.163535433935335,860.3045942783356,866.7019288539886,4854.8828125
wikidatawiki-20250601-pages-meta-history26.xml-p82915032p83032423.bz2,655.0704517364502,116490,1490596,12.795913812344407,597.0212116241455,608.4310104846954,3013.4140625
wikidatawiki-20250601-pages-meta-history21.xml-p45933291p46009856.bz2,746.1158332824707,76397,1091268,14.284173462308729,925.7861931324005,929.5378913879395,1765.2734375
wikidatawiki-20250601-pages-meta-history1.xml-p5245p7050.bz2,1696.0202732086182,1546,453675,293.4508408796895,934.7089805603027,938.9553010463715,5953.921875
wikidatawiki-20250601-pages-meta-history24.xml-p61951142p61997201.bz2,1254.7972135543823,45829,624700,13.631106941019878,942.6771969795227,947.1547672748566,12439.44140625
wikidatawiki-20250601-pages-meta-history9.xml-p13347007p13418764.bz2,428.34002590179443,60246,1484052,24.633203864156958,376.2293601036072,383.05168437957764,42470.16796875
wikidatawiki-20250601-pages-meta-history5.xml-p3898621p3927129.bz2,616.6183881759644,27122,1466568,54.0730034658211,619.3959429264069,624.3770213127136,27141.4375
wikidatawiki-20250601-pages-meta-history1.xml-p182752p185301.bz2,1404.7812662124634,2492,426150,171.0072231139647,966.5815632343292,1020.9353625774384,7686.48828125
wikidatawiki-20250601-pages-meta-history13.xml-p22740049p22836126.bz2,111.52100276947021,94729,728675,7.69220618817891,112.7124810218811,122.66962385177612,15930.875
wikidatawiki-20250601-pages-meta-history24.xml-p61951101p61951120.bz2,5473.195861816406,20,29344,1467.2,1456.4819848537445,1625.0747168064117,26326.60546875
wikidatawiki-20250601-pages-meta-history26.xml-p81766519p81833343.bz2,467.7620668411255,66343,1470942,22.171773962588368,450.9211082458496,454.4253935813904,1672.0625
wikidatawiki-20250601-pages-meta-history3.xml-p1224149p1246109.bz2,818.1899576187134,21159,1500376,70.90958930006144,906.4430766105652,909.648252248764,1682.75
wikidatawiki-20250601-pages-meta-history18.xml-p36037327p36053267.bz2,450.5501537322998,15881,355188,22.3655941061646,516.3321261405945,519.8938920497894,1928.859375
wikidatawiki-20250601-pages-meta-history23.xml-p57445861p57446472.bz2,3353.136255264282,610,81034,132.84262295081967,1038.4090807437897,1045.6315667629242,2420.55078125
wikidatawiki-20250601-pages-meta-history1.xml-p228914p232900.bz2,1293.2261457443237,3946,561719,142.35149518499748,963.1235542297363,1014.9879488945007,5220.15625
wikidatawiki-20250601-pages-meta-history11.xml-p16495162p16524397.bz2,452.73179054260254,27472,1479972,53.87201514269074,335.3044054508209,338.84526324272156,4377.69921875
wikidatawiki-20250601-pages-meta-history23.xml-p57960133p58073862.bz2,866.4604682922363,112793,1490952,13.218479870204712,799.9117343425751,803.4530122280121,32553.0625
wikidatawiki-20250601-pages-meta-history8.xml-p11318203p11495800.bz2,237.8575210571289,64597,1310271,20.283774788302864,249.84442734718323,255.56968212127686,1359.8515625
wikidatawiki-20250601-pages-meta-history27.xml-p102057977p102144604.bz2,380.7201957702637,78030,1446359,18.53593489683455,393.37763500213623,422.1513841152191,1871.38671875
wikidatawiki-20250601-pages-meta-history26.xml-p81902897p81973835.bz2,461.3730278015137,70906,1499788,21.151778410853808,435.30826807022095,456.37856435775757,1561.66015625
wikidatawiki-20250601-pages-meta-history11.xml-p17213962p17234963.bz2,434.71732234954834,20556,1498088,72.8783810079782,493.58932280540466,499.89672207832336,1952.95703125
wikidatawiki-20250601-pages-meta-history27.xml-p109906252p110079192.bz2,606.6071481704712,166863,1462994,8.767635725115813,578.6249945163727,595.7587854862213,16185.39453125
wikidatawiki-20250601-pages-meta-history7.xml-p7650698p7691420.bz2,487.88436126708984,35444,1459411,41.17512131813565,457.7575957775116,459.96820759773254,2562.62890625
wikidatawiki-20250601-pages-meta-history27.xml-p122782264p123287268.bz2,769.5936574935913,496256,1468496,2.9591501160691256,712.4236266613007,728.194013595581,42959.1171875
wikidatawiki-20250601-pages-meta-history15.xml-p25629915p25692620.bz2,715.680609703064,61161,1475250,24.120763231471035,511.43787837028503,515.9832320213318,33542.83203125
wikidatawiki-20250601-pages-meta-history1.xml-p367p411.bz2,2774.6459760665894,34,58425,1718.3823529411766,950.2470426559448,1026.0444564819336,30698.05078125
wikidatawiki-20250601-pages-meta-history26.xml-p83248598p83360248.bz2,2011.522192955017,111055,1297118,11.679960379991895,1196.6289784908295,1631.1189625263214,34095.0859375
wikidatawiki-20250601-pages-meta-history19.xml-p39471027p39503149.bz2,810.3549289703369,31344,606361,19.345361153649822,879.0414412021637,886.9994072914124,5114.671875
wikidatawiki-20250601-pages-meta-history24.xml-p62020728p62032377.bz2,925.6521100997925,11617,175903,15.141861065679608,927.45090675354,937.1063449382782,27961.140625
wikidatawiki-20250601-pages-meta-history20.xml-p44397525p44466449.bz2,766.0175285339355,68552,1149702,16.771239351149493,917.1446785926819,927.5756928920746,1564.0859375
wikidatawiki-20250601-pages-meta-history27.xml-p96506213p96647492.bz2,653.237135887146,136111,1466915,10.777343491708972,589.5780966281891,607.8650193214417,4954.0234375
wikidatawiki-20250601-pages-meta-history23.xml-p56676451p56676774.bz2,4385.473965644836,276,27872,100.98550724637681,1166.2650735378265,1318.5525295734406,17055.5
wikidatawiki-20250601-pages-meta-history23.xml-p56265145p56313584.bz2,3373.144618034363,45934,633285,13.786846344755519,1091.3404433727264,1251.1489338874817,16231.7578125
wikidatawiki-20250601-pages-meta-history15.xml-p26010421p26069155.bz2,594.0898246765137,54567,1460105,26.758022247878756,423.17732286453247,427.4570436477661,16822.7265625
wikidatawiki-20250601-pages-meta-history22.xml-p51987072p52060314.bz2,870.400315284729,72401,1042614,14.400546953771357,904.6516506671906,920.6465690135956,5443.2890625
wikidatawiki-20250601-pages-meta-history4.xml-p2145333p2168445.bz2,600.1319608688354,22526,1500199,66.59855278345023,648.1594791412354,658.120100736618,2083.37890625
wikidatawiki-20250601-pages-meta-history14.xml-p24559678p24616491.bz2,264.5671901702881,56564,1499454,26.508980977300048,255.32682037353516,321.1432914733887,28182.90625
wikidatawiki-20250601-pages-meta-history5.xml-p4210785p4246269.bz2,503.72927951812744,32288,1499259,46.433938305252724,554.1376478672028,560.7604780197144,42801.609375
wikidatawiki-20250601-pages-meta-history24.xml-p60326257p60415760.bz2,754.0392541885376,87511,1476321,16.87011918501674,591.6313121318817,612.497960805893,66202.8984375
wikidatawiki-20250601-pages-meta-history20.xml-p44320312p44397524.bz2,801.991813659668,76620,1416835,18.491712346645784,906.8710556030273,914.7334213256836,1669.40234375
wikidatawiki-20250601-pages-meta-history27.xml-p102840154p102903239.bz2,326.32341861724854,60066,1476909,24.588103086604736,300.48000288009644,323.26453828811646,2852.34765625
wikidatawiki-20250601-pages-meta-history9.xml-p13418765p13492756.bz2,600.6538486480713,60191,1474216,24.492299513216263,433.8536419868469,443.09589982032776,2614.48828125
wikidatawiki-20250601-pages-meta-history21.xml-p47830903p47879480.bz2,741.8259859085083,48476,1053584,21.734136479907583,947.9309606552124,952.4639353752136,1912.609375
wikidatawiki-20250601-pages-meta-history19.xml-p36546872p36564912.bz2,751.4829988479614,17997,481880,26.7755737067289,885.6195268630981,892.2527546882629,2623.9453125
wikidatawiki-20250601-pages-meta-history7.xml-p7297503p7338817.bz2,443.32689094543457,36640,1499326,40.92046943231441,482.6869697570801,485.6706235408783,4720.3671875
wikidatawiki-20250601-pages-meta-history3.xml-p1651052p1676300.bz2,586.3944978713989,24623,1499697,60.90634772367299,673.3955302238464,677.7673628330231,18354.03515625
wikidatawiki-20250601-pages-meta-history26.xml-p76785159p76910787.bz2,825.0858516693115,125236,1497072,11.95400683509534,777.426342010498,782.7833762168884,5342.13671875
wikidatawiki-20250601-pages-meta-history26.xml-p82405081p82492076.bz2,529.4941787719727,86878,1499330,17.257878864614746,473.97486901283264,481.4950785636902,43066.4296875
wikidatawiki-20250601-pages-meta-history27.xml-p103464675p103567543.bz2,301.48042488098145,91822,1475659,16.070865369954912,265.2659282684326,271.12863659858704,2042.06640625
wikidatawiki-20250601-pages-meta-history2.xml-p477079p485734.bz2,884.8079624176025,8285,1118613,135.0166566083283,969.1940445899963,973.6187098026276,2089.34765625
wikidatawiki-20250601-pages-meta-history17.xml-p31466979p31521350.bz2,415.28238010406494,52537,1476733,28.108437862839523,467.72508239746094,472.2055833339691,2004.28515625
wikidatawiki-20250601-pages-meta-history22.xml-p54813640p54895999.bz2,770.3040380477905,81760,1340714,16.398165362035225,893.202648639679,964.5484466552734,2883.140625
wikidatawiki-20250601-pages-meta-history3.xml-p1566883p1586159.bz2,895.3055744171143,18865,1499918,79.50797773654917,952.6680574417114,957.2746345996857,16750.83984375
wikidatawiki-20250601-pages-meta-history23.xml-p59808593p59921888.bz2,732.2898931503296,112434,1474763,13.116699574861697,626.755452632904,633.5346853733063,66318.8515625
wikidatawiki-20250601-pages-meta-history27.xml-p95369102p95466084.bz2,212.1730785369873,96423,1497260,15.528037916264791,157.1408076286316,164.89426374435425,2061.8046875
wikidatawiki-20250601-pages-meta-history26.xml-p86002052p86097825.bz2,1293.2836065292358,93800,1223311,13.041695095948826,944.1918497085571,1397.0757570266724,56336.41796875
wikidatawiki-20250601-pages-meta-history27.xml-p107198489p107202098.bz2,4092.994972229004,3301,63795,19.32596182974856,1114.319812297821,1196.4674439430237,12309.58203125
wikidatawiki-20250601-pages-meta-history16.xml-p28887912p28896865.bz2,1588.328119277954,8925,579221,64.89871148459383,934.3095831871033,940.8579802513123,29207.6484375
wikidatawiki-20250601-pages-meta-history10.xml-p14958963p15054794.bz2,1982.420641899109,44185,1382550,31.290030553355212,679.5623292922974,685.6325926780701,6705.66015625
wikidatawiki-20250601-pages-meta-history13.xml-p22250062p22319701.bz2,449.637788772583,67761,1498039,22.107687312761026,386.3597803115845,402.5565457344055,2861.84375
wikidatawiki-20250601-pages-meta-history20.xml-p42824264p42865178.bz2,773.1311016082764,40566,812285,20.02378839422176,913.0109212398529,917.5674896240234,3342.3515625
wikidatawiki-20250601-pages-meta-history18.xml-p34749678p34794365.bz2,721.3883075714111,43786,939013,21.445507696524004,902.4400806427002,906.2954292297363,2967.4765625
wikidatawiki-20250601-pages-meta-history25.xml-p66217636p66302190.bz2,778.4793825149536,82968,1279560,15.422331501301707,878.4607536792755,882.3280940055847,2805.57421875
wikidatawiki-20250601-pages-meta-history6.xml-p5808107p5860791.bz2,464.68718433380127,40672,1499573,36.86991050354052,474.7102744579315,478.63578248023987,16753.8125
wikidatawiki-20250601-pages-meta-history21.xml-p49160309p49211382.bz2,755.9493417739868,50862,744820,14.643938500255594,863.1778769493103,872.3598153591156,43118.96875
wikidatawiki-20250601-pages-meta-history2.xml-p494873p504465.bz2,906.2667989730835,9243,1134376,122.72811857621984,941.2143659591675,945.802362203598,18577.078125
wikidatawiki-20250601-pages-meta-history25.xml-p72974730p73100798.bz2,705.8420257568359,125688,1356850,10.795382216281586,866.4976003170013,872.0354523658752,2278.796875
wikidatawiki-20250601-pages-meta-history27.xml-p93254841p93439664.bz2,707.807788848877,184107,1493691,8.113167886066256,655.9568083286285,661.0252873897552,66626.09375
wikidatawiki-20250601-pages-meta-history23.xml-p57454787p57481437.bz2,2214.2774419784546,26434,506415,19.15771355073012,979.946013212204,985.7329149246216,3746.57421875
wikidatawiki-20250601-pages-meta-history4.xml-p2557590p2577726.bz2,731.274169921875,19596,1499841,76.5381200244948,807.7505629062653,814.2252194881439,33407.12109375
wikidatawiki-20250601-pages-meta-history19.xml-p36611313p36633931.bz2,754.2297859191895,22598,520212,23.02026728029029,890.0856511592865,896.0459127426147,2691.68359375
wikidatawiki-20250601-pages-meta-history22.xml-p52113362p52135302.bz2,440.81061363220215,21814,1499024,68.71843770055928,722.76087474823,726.0944128036499,2076.0078125
wikidatawiki-20250601-pages-meta-history24.xml-p62065000p62074105.bz2,902.8111238479614,9096,147849,16.25428759894459,907.35853099823,914.0952241420746,2453.4453125
wikidatawiki-20250601-pages-meta-history27.xml-p112995996p113247226.bz2,572.8714017868042,234322,1484725,6.336259506149657,399.33198380470276,403.12499046325684,2889.4453125
wikidatawiki-20250601-pages-meta-history27.xml-p113733429p113988314.bz2,451.8404932022095,252187,1489818,5.907592381843632,476.6912913322449,481.6869149208069,43652.6796875
wikidatawiki-20250601-pages-meta-history4.xml-p2452435p2475906.bz2,576.6687965393066,22972,1500665,65.32583144697892,643.2021663188934,650.8296413421631,16931.30859375
wikidatawiki-20250601-pages-meta-history27.xml-p90773739p90886587.bz2,825.9142255783081,112594,1175556,10.440662912766221,865.5102307796478,877.0866551399231,3263.23046875
wikidatawiki-20250601-pages-meta-history19.xml-p37906393p37931066.bz2,777.9731588363647,24645,575453,23.349685534591195,890.9006264209747,898.0831077098846,3313.26171875
wikidatawiki-20250601-pages-meta-history24.xml-p63100185p63114129.bz2,3794.175087928772,13586,258743,19.04482555571912,1079.809313774109,1204.9678237438202,36636.390625
wikidatawiki-20250601-pages-meta-history2.xml-p1101747p1114931.bz2,676.4018039703369,12716,1091909,85.86890531613714,730.12562251091,736.2921805381775,66592.2265625
wikidatawiki-20250601-pages-meta-history23.xml-p59921889p60027770.bz2,495.4629249572754,105078,1493900,14.21705780467843,432.0354673862457,483.29407596588135,2489.453125
wikidatawiki-20250601-pages-meta-history23.xml-p55785693p55840079.bz2,560.7090291976929,51826,1462402,28.217535599891946,530.623125076294,541.650027513504,33584.53125
wikidatawiki-20250601-pages-meta-history9.xml-p12970136p13034863.bz2,424.1294803619385,45587,1494481,32.7830521859302,446.88818526268005,456.1327967643738,2389.4375
wikidatawiki-20250601-pages-meta-history4.xml-p2673352p2705769.bz2,506.04381370544434,30712,1497003,48.74325996353217,521.9242122173309,527.7104806900024,3049.22265625
wikidatawiki-20250601-pages-meta-history24.xml-p63114190p63135657.bz2,4775.626086235046,20937,379075,18.105506997182022,1425.5693202018738,1856.0341901779175,28070.7734375
wikidatawiki-20250601-pages-meta-history14.xml-p23649572p23691692.bz2,1860.6359043121338,41164,1368969,33.25646195704985,1031.8055970668793,1178.2320382595062,17466.296875
wikidatawiki-20250601-pages-meta-history10.xml-p15974097p16015042.bz2,346.6573438644409,39364,1488687,37.81848897469769,330.1582000255585,333.0888617038727,3358.14453125
wikidatawiki-20250601-pages-meta-history1.xml-p155p284.bz2,3700.7810344696045,97,156831,1616.8144329896907,1307.8910582065582,1444.409348487854,18111.48828125
wikidatawiki-20250601-pages-meta-history26.xml-p86486532p86574094.bz2,1519.968710899353,86785,1148106,13.229313821512934,978.0997443199158,994.6762068271637,27974.9921875
wikidatawiki-20250601-pages-meta-history21.xml-p48269183p48327138.bz2,921.7578439712524,57695,797134,13.816344570586706,883.0476438999176,888.6249768733978,3254.98046875
wikidatawiki-20250601-pages-meta-history12.xml-p18676671p18727643.bz2,500.7956552505493,45996,1486387,32.315570919210366,390.3352515697479,403.09695196151733,2826.32421875
wikidatawiki-20250601-pages-meta-history23.xml-p56813341p56813590.bz2,4651.168008804321,250,28166,112.664,1236.567979812622,1384.829022884369,24945.578125
wikidatawiki-20250601-pages-meta-history24.xml-p61783230p61864741.bz2,624.7590551376343,78486,1464686,18.6617485921056,435.2169716358185,454.79145216941833,6059.63671875
wikidatawiki-20250601-pages-meta-history3.xml-p1507697p1527229.bz2,842.0855236053467,19148,1500434,78.35982870273658,930.6447796821594,940.1557619571686,43265.7890625
wikidatawiki-20250601-pages-meta-history27.xml-p107440236p107564203.bz2,1630.0953369140625,118201,1461072,12.360910652194145,959.9383335113525,983.5391969680786,21549.46484375
wikidatawiki-20250601-pages-meta-history1.xml-p61950p65142.bz2,1050.2510976791382,3153,666735,211.4605137963844,934.5065524578094,946.3622057437897,3986.01953125
wikidatawiki-20250601-pages-meta-history10.xml-p14133841p14269759.bz2,958.9788637161255,73859,1474876,19.968805426556006,488.2279894351959,517.5173285007477,16805.06640625
wikidatawiki-20250601-pages-meta-history9.xml-p12857415p12906709.bz2,633.15793800354,44949,1497469,33.314845714031456,657.7147839069366,669.4437725543976,15618.703125
wikidatawiki-20250601-pages-meta-history25.xml-p69719967p69852256.bz2,704.9341382980347,131963,1262452,9.566711881360684,854.3116500377655,865.473965883255,66751.3203125
wikidatawiki-20250601-pages-meta-history11.xml-p16766648p16814954.bz2,728.0491628646851,41821,1466823,35.0738385021879,576.6073834896088,581.6054737567902,24696.42578125
wikidatawiki-20250601-pages-meta-history2.xml-p704706p717137.bz2,946.9877080917358,12206,1237595,101.3923480255612,972.838790178299,978.9039244651794,35083.84375
wikidatawiki-20250601-pages-meta-history19.xml-p38071249p38096364.bz2,749.504433631897,25070,582275,23.225967291583565,893.6469967365265,902.1877512931824,33933.6640625
wikidatawiki-20250601-pages-meta-history25.xml-p71447672p71505171.bz2,639.7086734771729,56845,945237,16.62832263171783,873.5084509849548,880.7859795093536,2338.40234375
wikidatawiki-20250601-pages-meta-history12.xml-p18485348p18547989.bz2,696.711145401001,53502,1480307,27.668255392321782,455.50526547431946,465.92303681373596,3293.89453125
wikidatawiki-20250601-pages-meta-history18.xml-p31771583p31835921.bz2,346.04834842681885,62837,1494685,23.786702102264588,422.68611311912537,489.89276218414307,5883.78125
wikidatawiki-20250601-pages-meta-history23.xml-p58631278p58702551.bz2,1334.8193521499634,71020,929939,13.094043931286961,933.0944476127625,1093.4127714633942,11701.96484375
wikidatawiki-20250601-pages-meta-history23.xml-p59452966p59547080.bz2,756.8766393661499,92318,1482401,16.057551073463465,541.2361979484558,596.2989847660065,44565.765625
wikidatawiki-20250601-pages-meta-history17.xml-p30455511p30500014.bz2,996.3757343292236,42141,1460668,34.66144609762464,707.1584672927856,713.135018825531,3665.43359375
wikidatawiki-20250601-pages-meta-history8.xml-p8098851p8133109.bz2,388.7417736053467,31750,1496838,47.144503937007876,446.10662150382996,449.373414516449,15825.42578125
wikidatawiki-20250601-pages-meta-history6.xml-p5327766p5365439.bz2,463.8282308578491,32796,1498496,45.69142578363215,477.1453392505646,482.2063045501709,16946.76953125
wikidatawiki-20250601-pages-meta-history18.xml-p33507658p33646072.bz2,564.9418563842773,131968,1499410,11.361921071774976,552.8334827423096,568.4703273773193,2798.63671875
wikidatawiki-20250601-pages-meta-history22.xml-p54215983p54295175.bz2,761.0040655136108,78212,1119517,14.31387766583133,899.3243844509125,907.9776587486267,18885.7421875
wikidatawiki-20250601-pages-meta-history11.xml-p17151770p17172347.bz2,451.8865795135498,19964,1499589,75.11465638148668,507.24628233909607,515.0153756141663,2493.96875
wikidatawiki-20250601-pages-meta-history18.xml-p35740197p35758130.bz2,566.5845556259155,17881,412482,23.068172920977574,662.0164637565613,671.3734922409058,66935.46484375
wikidatawiki-20250601-pages-meta-history27.xml-p125112144p125341275.bz2,661.5414428710938,196937,1413514,7.177493310043313,489.8261253833771,525.0422248840332,3399.7421875
wikidatawiki-20250601-pages-meta-history11.xml-p16983537p17009173.bz2,417.5156021118164,24197,1500203,61.99954539818986,462.1149392127991,464.15129494667053,5669.9375
wikidatawiki-20250601-pages-meta-history22.xml-p52276321p52364784.bz2,661.8476076126099,88079,1496450,16.98986137444794,748.5237939357758,842.5942442417145,21133.45703125
wikidatawiki-20250601-pages-meta-history14.xml-p24707212p24825048.bz2,319.1672239303589,91959,1494231,16.24888265422634,303.12150049209595,307.9520335197449,16000.9375
wikidatawiki-20250601-pages-meta-history26.xml-p87425939p87505697.bz2,1798.0447998046875,79315,1031657,13.007085671058437,1110.7705354690552,1566.3884193897247,35120.67578125
wikidatawiki-20250601-pages-meta-history27.xml-p92535892p92678222.bz2,706.0995664596558,141443,1495633,10.574104056050848,711.9038183689117,736.5828485488892,34872.421875
wikidatawiki-20250601-pages-meta-history2.xml-p913016p925086.bz2,858.5335073471069,11888,1299490,109.31106998654106,969.7200119495392,976.6560184955597,25311.0703125
wikidatawiki-20250601-pages-meta-history18.xml-p33045188p33146566.bz2,290.8563632965088,101210,1499950,14.820175871949413,318.75506472587585,359.17760825157166,66996.8125
wikidatawiki-20250601-pages-meta-history23.xml-p56687738p56775910.bz2,1319.3035688400269,84318,1462125,17.340603429872626,744.9932074546814,760.4182212352753,7545.66015625
wikidatawiki-20250601-pages-meta-history1.xml-p1331p1461.bz2,2362.218786239624,107,129187,1207.3551401869158,951.4268555641174,962.0759544372559,35154.828125
wikidatawiki-20250601-pages-meta-history7.xml-p6379657p6414427.bz2,567.3967638015747,29170,1494964,51.25005142269455,659.544225692749,667.4469857215881,2707.74609375
wikidatawiki-20250601-pages-meta-history27.xml-p111067837p111078873.bz2,308.32480239868164,10566,1499441,141.91188718531137,586.2618656158447,591.7719008922577,2852.0078125
wikidatawiki-20250601-pages-meta-history22.xml-p55501490p55596316.bz2,683.0872783660889,92205,1471248,15.956271351878966,627.2840867042542,670.044970035553,17464.9921875
wikidatawiki-20250601-pages-meta-history7.xml-p7076209p7111529.bz2,465.4842710494995,31311,1497758,47.834882309731405,489.3237292766571,494.4144697189331,16118.90234375
wikidatawiki-20250601-pages-meta-history15.xml-p26167783p26216928.bz2,640.9863109588623,47524,1485095,31.24936874000505,695.9293558597565,704.0598266124725,3424.91796875
wikidatawiki-20250601-pages-meta-history11.xml-p16236980p16277530.bz2,467.0185794830322,38746,1478087,38.14811851545966,351.80704975128174,356.23417115211487,3950.546875
wikidatawiki-20250601-pages-meta-history27.xml-p104848802p104864619.bz2,1063.5449857711792,15489,505456,32.63322357802311,780.4117023944855,785.4544441699982,20747.796875
wikidatawiki-20250601-pages-meta-history16.xml-p28790559p28850940.bz2,574.9597654342651,57852,1454649,25.144316531839866,416.8900535106659,434.1432394981384,17435.83984375
wikidatawiki-20250601-pages-meta-history21.xml-p48147695p48181271.bz2,825.0983200073242,33244,624812,18.794729876067862,883.284131526947,892.6048150062561,4192.08984375
wikidatawiki-20250601-pages-meta-history23.xml-p56582649p56589183.bz2,4046.110779762268,6236,233581,37.45686337395767,1119.7395260334015,1249.779186964035,48125.79296875
wikidatawiki-20250601-pages-meta-history3.xml-p1313494p1329460.bz2,872.698166847229,15562,1367042,87.84487855031487,947.2713732719421,955.3003537654877,5907.8671875
wikidatawiki-20250601-pages-meta-history26.xml-p78392516p78512002.bz2,736.5566158294678,118680,1496106,12.606218402426693,856.143944978714,861.7884855270386,2802.33984375
wikidatawiki-20250601-pages-meta-history18.xml-p32020452p32042327.bz2,779.2553977966309,21840,547126,25.051556776556776,911.7725627422333,921.2762725353241,34971.6796875
wikidatawiki-20250601-pages-meta-history11.xml-p16718617p16766647.bz2,723.4868240356445,36585,1453568,39.73125597922646,583.8990700244904,596.7033474445343,16288.10546875
wikidatawiki-20250601-pages-meta-history26.xml-p85208000p85343240.bz2,1062.9681043624878,133150,1498741,11.256034547502816,826.122079372406,839.9209551811218,26514.0234375
wikidatawiki-20250601-pages-meta-history23.xml-p56814431p56814650.bz2,4101.129496574402,220,26096,118.61818181818182,1098.2453243732452,1286.1168825626373,25250.7109375
wikidatawiki-20250601-pages-meta-history27.xml-p90082891p90211985.bz2,838.9788589477539,128059,1493498,11.662577405727047,843.8153839111328,858.748551607132,3148.69921875
wikidatawiki-20250601-pages-meta-history16.xml-p29300624p29316327.bz2,833.1687898635864,15110,537591,35.57849106551952,890.1917397975922,939.412556886673,68067.6328125
wikidatawiki-20250601-pages-meta-history16.xml-p29247577p29248695.bz2,730.9793033599854,959,258981,270.0531803962461,893.6446776390076,900.485903263092,34053.71875
wikidatawiki-20250601-pages-meta-history7.xml-p6278398p6311185.bz2,506.9064407348633,28681,1491545,52.00463721627558,572.3897335529327,579.8195343017578,20837.41015625
wikidatawiki-20250601-pages-meta-history22.xml-p51397493p51473469.bz2,754.3549003601074,75733,953381,12.588712978490221,912.1942729949951,1003.8921296596527,3293.34375
wikidatawiki-20250601-pages-meta-history27.xml-p111122044p111221498.bz2,594.5968742370605,91972,1463467,15.912092810855478,550.2661814689636,562.5403890609741,7879.953125
wikidatawiki-20250601-pages-meta-history27.xml-p99983765p100110845.bz2,910.0747528076172,94526,1395196,14.759917906184542,726.0747351646423,755.6397573947906,19969.23828125
wikidatawiki-20250601-pages-meta-history19.xml-p39783297p39830185.bz2,747.9593706130981,46721,897010,19.19928939877143,903.3959896564484,918.9071226119995,3151.58984375
wikidatawiki-20250601-pages-meta-history4.xml-p2097633p2121491.bz2,489.8260889053345,23359,1500572,64.2395650498737,548.2798478603363,557.89475440979,16411.44921875
wikidatawiki-20250601-pages-meta-history16.xml-p28198395p28244864.bz2,531.5612277984619,44411,1449125,32.629866474522075,409.73497319221497,548.2139987945557,26230.7109375
wikidatawiki-20250601-pages-meta-history19.xml-p36676587p36763701.bz2,840.522382736206,86963,1112652,12.794544806411922,901.6038136482239,908.0736613273621,3549.5390625
wikidatawiki-20250601-pages-meta-history27.xml-p92317032p92422170.bz2,771.9258813858032,104431,1497348,14.338156294586856,815.8224654197693,822.281138420105,3128.35546875
wikidatawiki-20250601-pages-meta-history14.xml-p24450628p24504886.bz2,228.7971897125244,54063,1499497,27.736104174759078,255.40971422195435,314.7355396747589,6253.3125
wikidatawiki-20250601-pages-meta-history26.xml-p82261905p82334126.bz2,415.26080417633057,72082,1499578,20.803779029438694,477.7348532676697,567.5795321464539,34615.40234375
wikidatawiki-20250601-pages-meta-history27.xml-p107564204p107683827.bz2,1399.7806377410889,116213,1311830,11.288151927925448,919.8704833984375,957.5560493469238,47062.76171875
wikidatawiki-20250601-pages-meta-history23.xml-p56678030p56678139.bz2,4166.224423408508,109,24907,228.5045871559633,1090.504508972168,1241.4734752178192,16844.05078125
wikidatawiki-20250601-pages-meta-history27.xml-p110079193p110239600.bz2,938.5130920410156,143933,1434550,9.966790103728819,687.6346642971039,731.5728566646576,20114.11328125
wikidatawiki-20250601-pages-meta-history1.xml-p147385p152662.bz2,1112.4153032302856,5215,871000,167.01821668264623,952.7965607643127,959.9764523506165,35307.0078125
wikidatawiki-20250601-pages-meta-history21.xml-p48986757p49046040.bz2,735.9117136001587,59181,829465,14.015731400280496,893.5867533683777,901.790114402771,3183.25
wikidatawiki-20250601-pages-meta-history25.xml-p69938255p70046452.bz2,678.2750177383423,107998,1234958,11.435008055704735,863.6473927497864,870.3462910652161,67233.984375
wikidatawiki-20250601-pages-meta-history18.xml-p35147492p35167829.bz2,743.5517053604126,20323,508326,25.012350538798405,880.9262366294861,890.773853302002,21027.87890625
wikidatawiki-20250601-pages-meta-history6.xml-p4559273p4589615.bz2,485.7936363220215,28212,1498322,53.10938607684673,525.1434750556946,534.4641027450562,26103.484375
wikidatawiki-20250601-pages-meta-history18.xml-p35357914p35380781.bz2,858.1976900100708,22855,505745,22.128418289214615,901.8838958740234,908.0249376296997,6576.53515625
wikidatawiki-20250601-pages-meta-history27.xml-p110593147p110802949.bz2,442.17969608306885,144352,1193688,8.269286189315007,445.47124314308167,460.20158863067627,35405.33203125
wikidatawiki-20250601-pages-meta-history27.xml-p109728294p109906251.bz2,806.2886228561401,160724,1396367,8.687980637614793,514.568519115448,554.2330293655396,20357.625
wikidatawiki-20250601-pages-meta-history26.xml-p83989896p84155081.bz2,818.4704504013062,159325,1460331,9.16573670171034,871.9062330722809,917.5509147644043,18042.125
wikidatawiki-20250601-pages-meta-history16.xml-p29223686p29245514.bz2,995.5259761810303,21422,862435,40.25931285594249,882.423136472702,892.6078190803528,16695.33203125
wikidatawiki-20250601-pages-meta-history21.xml-p49568228p49630248.bz2,847.9746999740601,61717,856464,13.877278545619522,912.5135388374329,924.7052319049835,8365.828125
wikidatawiki-20250601-pages-meta-history27.xml-p123287269p123833447.bz2,842.6851758956909,540570,1475879,2.730227352609283,850.9916503429413,875.279310464859,6948.2421875
wikidatawiki-20250601-pages-meta-history20.xml-p43333034p43380091.bz2,738.6191625595093,46961,827387,17.618598411447795,909.7938945293427,918.1258182525635,3069.6171875
wikidatawiki-20250601-pages-meta-history20.xml-p40811127p40859724.bz2,733.6612243652344,48455,862526,17.800557218037355,904.3577687740326,912.7027494907379,3419.546875
wikidatawiki-20250601-pages-meta-history23.xml-p56415752p56426110.bz2,3943.839626312256,9601,179566,18.702843453806896,1106.075008392334,1184.4779725074768,15324.8984375
wikidatawiki-20250601-pages-meta-history14.xml-p24026462p24076279.bz2,1317.9321117401123,47694,1482130,31.075816664569967,984.5380239486694,1156.341136932373,58283.4765625
wikidatawiki-20250601-pages-meta-history23.xml-p56934206p56934469.bz2,4080.356499671936,260,28347,109.02692307692308,1105.5720789432526,1188.831656217575,47196.24609375
wikidatawiki-20250601-pages-meta-history20.xml-p44827651p44898092.bz2,749.6372032165527,69113,1050057,15.193335551922214,910.1170043945312,916.0400273799896,67087.69921875
wikidatawiki-20250601-pages-meta-history22.xml-p50895781p51002284.bz2,604.3838729858398,105521,1497864,14.1949375005923,580.3906853199005,595.3624975681305,18070.67578125
wikidatawiki-20250601-pages-meta-history27.xml-p100563400p100641063.bz2,479.1091556549072,76005,1493464,19.64954937175186,434.4757080078125,440.8957917690277,3277.61328125
wikidatawiki-20250601-pages-meta-history19.xml-p39052844p39074005.bz2,744.1265459060669,21124,477851,22.621236508237075,908.9045789241791,916.3706750869751,21498.24609375
wikidatawiki-20250601-pages-meta-history27.xml-p95135307p95262471.bz2,996.9665155410767,122401,1471094,12.018643638532366,703.415796995163,712.62193608284,36786.578125
wikidatawiki-20250601-pages-meta-history20.xml-p41437138p41451462.bz2,869.3151388168335,14304,438330,30.643875838926174,932.7896418571472,937.5510802268982,26960.375
wikidatawiki-20250601-pages-meta-history21.xml-p45592897p45633489.bz2,699.5809373855591,39157,843629,21.544781265163316,928.1353006362915,932.0809502601624,3118.61328125
wikidatawiki-20250601-pages-meta-history23.xml-p56827177p56828096.bz2,4014.8244075775146,918,31045,33.81808278867102,1066.3029713630676,1142.8100616931915,8844.3203125
wikidatawiki-20250601-pages-meta-history18.xml-p35525962p35549981.bz2,744.1678409576416,24006,558300,23.256685828542864,906.3488345146179,915.2625687122345,19200.08984375
wikidatawiki-20250601-pages-meta-history9.xml-p11996927p12047067.bz2,352.30807304382324,44092,1495389,33.915200036287764,355.96403670310974,362.5313744544983,21287.28125
wikidatawiki-20250601-pages-meta-history27.xml-p91427721p91529217.bz2,1424.6130418777466,100917,1014843,10.056214512916554,938.7245862483978,951.1394617557526,18894.3671875
wikidatawiki-20250601-pages-meta-history20.xml-p43288039p43333033.bz2,741.3886060714722,44792,739603,16.511944097160207,900.0068123340607,908.4182744026184,3714.54296875
wikidatawiki-20250601-pages-meta-history15.xml-p26530642p26583788.bz2,900.2305021286011,52474,1373663,26.177973853718033,923.8223924636841,930.4830751419067,7327.3203125
wikidatawiki-20250601-pages-meta-history15.xml-p26638304p26672587.bz2,621.844952583313,33197,1484633,44.721902581558574,675.0745253562927,681.7275953292847,43166.953125
wikidatawiki-20250601-pages-meta-history25.xml-p67692118p67804180.bz2,693.2495555877686,111564,1352906,12.126725466996522,870.1330783367157,877.4409368038177,3364.890625
wikidatawiki-20250601-pages-meta-history20.xml-p41467480p41482872.bz2,866.5533571243286,15360,458766,29.867578125,914.5305209159851,927.2287285327911,46850.625
wikidatawiki-20250601-pages-meta-history27.xml-p88185874p88293401.bz2,1117.399209022522,105934,1481585,13.98592519870863,819.8581840991974,835.7903146743774,35828.4140625
wikidatawiki-20250601-pages-meta-history1.xml-p11795p13802.bz2,1289.3985967636108,1813,573372,316.2559293987865,940.0317676067352,965.2148134708405,68478.16796875
wikidatawiki-20250601-pages-meta-history14.xml-p23294060p23323719.bz2,409.1426820755005,29432,1498071,50.89939521609133,434.38544034957886,439.29894399642944,3728.48828125
wikidatawiki-20250601-pages-meta-history25.xml-p73400195p73573729.bz2,785.0877485275269,172903,1495553,8.649664840980202,859.1304564476013,878.9780294895172,26591.0546875
wikidatawiki-20250601-pages-meta-history26.xml-p79511778p79621098.bz2,884.4323692321777,108898,1438398,13.208672335580085,912.4911885261536,923.0149171352386,3415.60546875
wikidatawiki-20250601-pages-meta-history27.xml-p126513583p126868853.bz2,402.41224479675293,348616,1479380,4.243580329072676,365.3355002403259,381.21095728874207,3769.4765625
wikidatawiki-20250601-pages-meta-history22.xml-p54002534p54045751.bz2,1355.5094137191772,39754,559879,14.083589072797706,948.3013272285461,1023.2645156383514,20394.19140625
wikidatawiki-20250601-pages-meta-history27.xml-p111109052p111115590.bz2,279.0877752304077,6329,1499729,236.9614473060515,595.015930891037,598.0336730480194,43224.55078125
wikidatawiki-20250601-pages-meta-history22.xml-p51473470p51539587.bz2,826.8234930038452,65860,907020,13.771940479805648,913.8779809474945,924.7932004928589,19803.7421875
wikidatawiki-20250601-pages-meta-history23.xml-p56820126p56820285.bz2,4001.208833694458,159,24179,152.0691823899371,1059.9981744289398,1211.7739658355713,16380.22265625
wikidatawiki-20250601-pages-meta-history2.xml-p769479p785951.bz2,932.4913301467896,16237,1427504,87.91673338670937,967.756044626236,980.6190521717072,17236.0078125
wikidatawiki-20250601-pages-meta-history11.xml-p16401142p16444231.bz2,291.9296875,41157,1491882,36.24856039069903,301.9362676143646,308.1197340488434,43458.70703125
wikidatawiki-20250601-pages-meta-history26.xml-p86971634p86980139.bz2,1815.1972284317017,8383,145446,17.35011332458547,933.2236616611481,1379.9714241027832,36102.0234375
wikidatawiki-20250601-pages-meta-history23.xml-p56811781p56812000.bz2,3653.6456747055054,220,22401,101.82272727272728,982.9898557662964,1115.0327043533325,28000.6796875
wikidatawiki-20250601-pages-meta-history10.xml-p14579425p14793961.bz2,1659.0348329544067,101146,1451093,14.346518893480711,600.9679753780365,611.5946712493896,6793.2734375
wikidatawiki-20250601-pages-meta-history27.xml-p89633145p89758591.bz2,886.6871538162231,125262,1498045,11.959293321198768,778.5523316860199,787.4811532497406,27361.0390625
wikidatawiki-20250601-pages-meta-history7.xml-p7005596p7043828.bz2,467.2234106063843,32721,1499614,45.8303230341371,521.6909937858582,536.2029333114624,19539.04296875
wikidatawiki-20250601-pages-meta-history22.xml-p54669651p54741179.bz2,769.4991855621338,70710,1093282,15.46149059538962,889.6041114330292,908.1187901496887,46070.33984375
wikidatawiki-20250601-pages-meta-history21.xml-p48209365p48269182.bz2,816.0970697402954,59020,910984,15.435174517112843,869.2218570709229,888.9661493301392,67969.26953125
wikidatawiki-20250601-pages-meta-history25.xml-p70611282p70705663.bz2,650.9879531860352,94119,1197039,12.718356548624614,885.6126651763916,899.1780872344971,35716.25
wikidatawiki-20250601-pages-meta-history26.xml-p83196824p83248597.bz2,1906.9070863723755,51683,544519,10.535746763926243,1002.9588415622711,1317.6090223789215,47883.83203125
wikidatawiki-20250601-pages-meta-history8.xml-p8495716p8552088.bz2,364.1161584854126,41955,1497349,35.689405315218686,430.7698633670807,433.91823625564575,17028.7421875
wikidatawiki-20250601-pages-meta-history17.xml-p30173889p30174917.bz2,661.7208452224731,994,286910,288.6418511066398,870.2099437713623,881.197104215622,3695.29296875
wikidatawiki-20250601-pages-meta-history9.xml-p12906710p12970135.bz2,509.43810272216797,57197,1493614,26.11350245642254,533.417971611023,563.9040634632111,21903.7109375
wikidatawiki-20250601-pages-meta-history23.xml-p56428570p56430249.bz2,3957.982954978943,1419,45335,31.948555320648342,1060.0333814620972,1143.809071779251,9964.1953125
wikidatawiki-20250601-pages-meta-history27.xml-p108300901p108326843.bz2,2728.2271852493286,24021,299276,12.458931768036301,1476.1969020366669,2432.560633659363,69456.6640625
wikidatawiki-20250601-pages-meta-history13.xml-p19955884p20017912.bz2,466.90464878082275,54890,1486822,27.087301876480232,314.51055455207825,343.4165093898773,4559.9296875
wikidatawiki-20250601-pages-meta-history19.xml-p38683986p38708572.bz2,737.9193668365479,24538,570743,23.259556606080366,873.3996524810791,879.7644217014313,3593.28515625
wikidatawiki-20250601-pages-meta-history9.xml-p12594690p12646365.bz2,356.98210430145264,49975,1498204,29.979069534767383,383.20395827293396,442.6548020839691,6876.1640625
wikidatawiki-20250601-pages-meta-history1.xml-p176366p180061.bz2,1238.8987760543823,3655,654166,178.9783857729138,1272.1432647705078,1324.2404952049255,19796.40625
wikidatawiki-20250601-pages-meta-history17.xml-p29912064p29952643.bz2,653.3166170120239,39491,1497284,37.9145628117799,640.3937530517578,646.8574035167694,27072.1015625
wikidatawiki-20250601-pages-meta-history20.xml-p44621528p44692414.bz2,761.1877002716064,70485,1305276,18.518493296446053,941.0957469940186,949.93110704422,43536.4140625
wikidatawiki-20250601-pages-meta-history19.xml-p37799001p37824737.bz2,749.057954788208,25716,565734,21.999300046663556,894.8256425857544,901.8798592090607,4322.2734375
wikidatawiki-20250601-pages-meta-history1.xml-p302025p305489.bz2,1099.2974395751953,3442,652393,189.53893085415456,949.890643119812,954.8147044181824,28646.03515625
wikidatawiki-20250601-pages-meta-history18.xml-p32511834p32598903.bz2,785.7774696350098,83959,1499092,17.855048297383245,889.8327476978302,903.8756370544434,46206.11328125
wikidatawiki-20250601-pages-meta-history27.xml-p90985332p91095593.bz2,877.5298175811768,109937,1151082,10.47037848949853,883.4066050052643,896.4202616214752,36129.640625
wikidatawiki-20250601-pages-meta-history22.xml-p52586262p52649968.bz2,816.616358757019,63292,915553,14.465540668646906,923.3891024589539,940.928555727005,20010.01953125
wikidatawiki-20250601-pages-meta-history19.xml-p36417466p36440987.bz2,754.0173454284668,23468,540887,23.047852394750297,886.3819317817688,897.6417498588562,17402.859375
wikidatawiki-20250601-pages-meta-history19.xml-p39131905p39153773.bz2,785.6082248687744,21669,558749,25.78563846970326,907.9904282093048,915.9383497238159,3975.66796875
wikidatawiki-20250601-pages-meta-history14.xml-p23140490p23159490.bz2,747.9503192901611,18210,784561,43.08407468423943,904.7740941047668,1312.5859570503235,71849.80859375
wikidatawiki-20250601-pages-meta-history9.xml-p12047068p12100537.bz2,359.3230848312378,46492,1494823,32.152262754882564,368.96085023880005,420.4341585636139,35846.5234375
wikidatawiki-20250601-pages-meta-history27.xml-p91792380p91898555.bz2,896.4159717559814,106029,1170621,11.040573805279688,871.7716064453125,891.3750793933868,4219.32421875
wikidatawiki-20250601-pages-meta-history16.xml-p28672322p28682295.bz2,878.7046566009521,9945,646871,65.04484665661137,920.6390197277069,928.0299046039581,3824.77734375
wikidatawiki-20250601-pages-meta-history3.xml-p1371694p1391945.bz2,706.2312107086182,19798,1500298,75.78028083644813,826.179515838623,841.4378321170807,26862.34765625
wikidatawiki-20250601-pages-meta-history27.xml-p97471428p97619733.bz2,1129.8155422210693,145879,1491203,10.222190993905908,1040.2399702072144,1074.908243894577,9151.765625
wikidatawiki-20250601-pages-meta-history20.xml-p43238438p43288038.bz2,756.2690305709839,49453,774048,15.65219501344711,910.117401599884,963.9899954795837,7037.73828125
wikidatawiki-20250601-pages-meta-history23.xml-p56401674p56415751.bz2,3879.7469987869263,13904,144566,10.397439585730725,1082.318029165268,1152.2882025241852,27769.2109375
wikidatawiki-20250601-pages-meta-history26.xml-p85098857p85207999.bz2,1465.7163047790527,107164,1330531,12.415839274383188,983.0919647216797,1083.9014558792114,43624.76953125
wikidatawiki-20250601-pages-meta-history20.xml-p44966549p45032837.bz2,752.1053342819214,66099,1013621,15.334891601990954,916.4599831104279,1015.0374772548676,4151.24609375
wikidatawiki-20250601-pages-meta-history22.xml-p50795523p50895780.bz2,683.2662839889526,98370,1499781,15.246325099115584,692.4652554988861,755.2866051197052,18097.99609375
wikidatawiki-20250601-pages-meta-history27.xml-p106017408p106128470.bz2,376.8259162902832,105631,1473441,13.948944912004999,427.3872594833374,453.6397807598114,36082.03125
wikidatawiki-20250601-pages-meta-history17.xml-p30269608p30291259.bz2,753.4156818389893,21481,807023,37.5691541362134,869.6820907592773,880.5960347652435,19967.02734375
wikidatawiki-20250601-pages-meta-history20.xml-p41482873p41500040.bz2,836.5570392608643,17156,498462,29.054674749358824,932.0458946228027,939.2276384830475,46783.09765625
wikidatawiki-20250601-pages-meta-history12.xml-p18125075p18192158.bz2,387.48566818237305,53391,1497035,28.03908898503493,445.25671648979187,549.6071717739105,3927.83203125
wikidatawiki-20250601-pages-meta-history10.xml-p15577528p15615766.bz2,287.1688461303711,37016,1499982,40.522530797492976,301.0267300605774,305.9245402812958,4191.9140625
wikidatawiki-20250601-pages-meta-history7.xml-p7043829p7076208.bz2,488.99129486083984,27226,1499847,55.08877543524572,563.0672934055328,567.9074945449829,22011.32421875
wikidatawiki-20250601-pages-meta-history24.xml-p61951121p61951141.bz2,4650.430178642273,20,24852,1242.6,1252.2255301475525,1429.6880881786346,46878.35546875
wikidatawiki-20250601-pages-meta-history17.xml-p31364692p31440498.bz2,645.8900461196899,71208,1495741,21.0052381754859,1400.4584662914276,1510.5681269168854,7423.17578125
wikidatawiki-20250601-pages-meta-history25.xml-p72525482p72580880.bz2,630.2124738693237,55281,937944,16.966842133825367,871.4787499904633,874.8331480026245,67878.04296875
wikidatawiki-20250601-pages-meta-history26.xml-p85864909p85961123.bz2,1380.5138177871704,95471,1204056,12.611745975217605,953.1660580635071,963.7592797279358,25735.26953125
wikidatawiki-20250601-pages-meta-history9.xml-p12754297p12809016.bz2,383.96178817749023,53100,1498784,28.22568738229755,361.2550776004791,387.6397819519043,43940.2734375
wikidatawiki-20250601-pages-meta-history23.xml-p56432079p56440170.bz2,3681.85786819458,8074,68924,8.53653703244984,1009.5250940322876,1081.9310159683228,12159.578125
wikidatawiki-20250601-pages-meta-history2.xml-p747420p769478.bz2,901.0966539382935,21516,1500516,69.73954266592304,896.2989232540131,905.1475269794464,18571.30859375
wikidatawiki-20250601-pages-meta-history26.xml-p78286872p78392515.bz2,793.5601568222046,105333,1497218,14.214139918164298,878.1192920207977,885.7228977680206,17576.3046875
wikidatawiki-20250601-pages-meta-history15.xml-p26117957p26167782.bz2,796.2249231338501,49141,1494759,30.417757066400764,1122.0061433315277,1300.8189673423767,9056.67578125
wikidatawiki-20250601-pages-meta-history23.xml-p56567326p56575872.bz2,4539.619585990906,8058,348161,43.20687515512534,1305.9962329864502,1467.686146736145,16219.609375
wikidatawiki-20250601-pages-meta-history27.xml-p91723038p91792379.bz2,1448.9568176269531,69144,741520,10.72428554899919,935.0376365184784,1319.8085205554962,44875.02734375
wikidatawiki-20250601-pages-meta-history17.xml-p29613610p29638281.bz2,691.8288459777832,22656,1458961,64.39623057909604,731.697155714035,740.942932844162,22135.89453125
wikidatawiki-20250601-pages-meta-history2.xml-p471760p477078.bz2,936.9178152084351,5183,898688,173.3914721203936,939.1943426132202,951.3223683834076,46469.64453125
wikidatawiki-20250601-pages-meta-history23.xml-p56856135p56856544.bz2,4010.295120239258,410,24523,59.81219512195122,1044.956862449646,1104.9533019065857,37617.5234375
wikidatawiki-20250601-pages-meta-history26.xml-p84510664p84620763.bz2,820.492600440979,109023,1491263,13.678425653302515,893.1630284786224,902.7180693149567,4156.8359375
wikidatawiki-20250601-pages-meta-history19.xml-p36509328p36531730.bz2,762.5632419586182,22321,504073,22.58290399175664,899.7452795505524,908.4007797241211,4217.60546875
wikidatawiki-20250601-pages-meta-history18.xml-p32811385p32923022.bz2,276.7724142074585,108223,1498373,13.845236225201667,363.9633140563965,405.74197721481323,17767.5
wikidatawiki-20250601-pages-meta-history19.xml-p38975920p38999056.bz2,728.6516132354736,23086,537071,23.263926189032315,903.3637943267822,916.7782123088837,5603.24609375
wikidatawiki-20250601-pages-meta-history23.xml-p56589184p56591005.bz2,4195.105623245239,1474,54921,37.25983717774763,1144.0248687267303,1306.963317155838,25982.8984375
wikidatawiki-20250601-pages-meta-history20.xml-p42541677p42620063.bz2,843.3380794525146,78165,1280586,16.38311264632508,943.6498742103577,954.8264245986938,68011.359375
wikidatawiki-20250601-pages-meta-history27.xml-p102394587p102509321.bz2,1360.1324443817139,100327,1454094,14.493546104239138,582.4796760082245,636.8032686710358,12650.046875
wikidatawiki-20250601-pages-meta-history22.xml-p52364785p52451573.bz2,675.6922664642334,86470,1497321,17.3160749392853,795.8184788227081,947.3540675640106,5083.80859375
wikidatawiki-20250601-pages-meta-history19.xml-p38802242p38831730.bz2,779.6829624176025,29472,651587,22.108679424538543,862.6770966053009,871.4777808189392,44069.66796875
wikidatawiki-20250601-pages-meta-history27.xml-p95563971p95748980.bz2,488.46600437164307,173251,1487902,8.588129361446688,550.7510139942169,588.4250018596649,46788.390625
wikidatawiki-20250601-pages-meta-history5.xml-p4112586p4145565.bz2,499.0974225997925,30638,1498742,48.91774920033945,532.791951417923,538.5577630996704,4160.96875
wikidatawiki-20250601-pages-meta-history18.xml-p35125381p35147491.bz2,750.5823841094971,22091,544544,24.650038477207914,885.5062682628632,896.699999332428,4989.89453125
wikidatawiki-20250601-pages-meta-history12.xml-p19416992p19467894.bz2,376.61585330963135,44145,1494222,33.848046211348965,628.9110572338104,698.2093760967255,37029.609375
wikidatawiki-20250601-pages-meta-history18.xml-p35809328p35836891.bz2,781.2703294754028,26184,577721,22.063893981057134,901.372184753418,911.7658684253693,4249.80078125
wikidatawiki-20250601-pages-meta-history8.xml-p8033203p8065404.bz2,399.727427482605,29248,1498012,51.2175875273523,467.75165152549744,471.1646463871002,67590.67578125
wikidatawiki-20250601-pages-meta-history27.xml-p97335765p97471427.bz2,579.2354936599731,131847,1473991,11.17955660727965,605.6989648342133,653.1276776790619,18174.40625
wikidatawiki-20250601-pages-meta-history6.xml-p5232889p5263690.bz2,479.45276641845703,26851,1498179,55.79602249450672,539.9516353607178,550.7779743671417,20226.8046875
wikidatawiki-20250601-pages-meta-history18.xml-p35573365p35592351.bz2,832.3739919662476,18964,465077,24.524203754482176,894.8253111839294,904.458359003067,23692.62890625
wikidatawiki-20250601-pages-meta-history23.xml-p56925580p56925899.bz2,4043.529121398926,320,26488,82.775,1067.2156286239624,1148.927817583084,21691.69921875
wikidatawiki-20250601-pages-meta-history22.xml-p55596317p55671703.bz2,600.8100595474243,72640,1482837,20.413504955947136,657.6347138881683,688.3243207931519,5421.69140625
wikidatawiki-20250601-pages-meta-history19.xml-p37159949p37192456.bz2,767.966869354248,31998,595982,18.625601600100005,894.1324527263641,905.1290597915649,3929.76953125
wikidatawiki-20250601-pages-meta-history23.xml-p56936380p56966763.bz2,2487.554244995117,30294,541987,17.890902488941705,1008.9484181404114,1102.0303180217743,32414.34765625
wikidatawiki-20250601-pages-meta-history19.xml-p40204525p40222795.bz2,431.243483543396,18226,326580,17.918358389114452,509.81468534469604,524.5233142375946,46746.69921875
wikidatawiki-20250601-pages-meta-history26.xml-p77037247p77184031.bz2,771.295597076416,146276,1496934,10.233626842407503,760.6783168315887,773.0413191318512,4808.00390625
wikidatawiki-20250601-pages-meta-history24.xml-p62014496p62020727.bz2,929.7913198471069,6225,127286,20.447550200803214,901.260080575943,907.6267054080963,7504.51171875
wikidatawiki-20250601-pages-meta-history3.xml-p1989202p2008790.bz2,702.5038213729858,19149,1499934,78.32962556791477,783.2113058567047,796.5024750232697,44277.87890625
wikidatawiki-20250601-pages-meta-history6.xml-p4501190p4530740.bz2,468.6305322647095,27474,1499300,54.57159496251001,523.2282111644745,529.1653413772583,20358.09765625
wikidatawiki-20250601-pages-meta-history26.xml-p82191473p82261904.bz2,416.6090850830078,70376,1499877,21.312336592020007,395.86633133888245,460.1466746330261,4517.125
wikidatawiki-20250601-pages-meta-history23.xml-p60027771p60120016.bz2,737.6293840408325,90754,1481334,16.322520219494457,606.3996546268463,673.1858382225037,7485.16796875
wikidatawiki-20250601-pages-meta-history19.xml-p38893049p38925762.bz2,799.721061706543,32693,652563,19.960327898938612,876.3936684131622,882.6857831478119,4558.91796875
wikidatawiki-20250601-pages-meta-history10.xml-p15655797p15702932.bz2,282.5702600479126,45544,1497744,32.885649042684,276.55603647232056,282.50798439979553,44267.84765625
wikidatawiki-20250601-pages-meta-history25.xml-p67184477p67327477.bz2,761.4786653518677,112978,1423746,12.60197560587017,892.7538976669312,898.2054970264435,5193.55078125
wikidatawiki-20250601-pages-meta-history27.xml-p113517817p113733428.bz2,421.6299066543579,211219,1480905,7.011230050326912,567.5893514156342,588.1946091651917,32656.14453125
wikidatawiki-20250601-pages-meta-history27.xml-p102660215p102767788.bz2,1109.4388961791992,83531,1445909,17.30984903808167,794.3699357509613,809.6654114723206,5716.58203125
wikidatawiki-20250601-pages-meta-history9.xml-p12698348p12754296.bz2,382.0823268890381,54091,1496999,27.67556525115084,363.15279150009155,395.60987639427185,20462.88671875
wikidatawiki-20250601-pages-meta-history26.xml-p87594145p87688784.bz2,1249.4115800857544,94186,1195323,12.691089970908628,964.5590155124664,981.4375278949738,83917.30078125
wikidatawiki-20250601-pages-meta-history20.xml-p44898093p44966548.bz2,733.7968854904175,68249,1032818,15.133086199065188,923.4506549835205,933.3710935115814,18673.5078125
wikidatawiki-20250601-pages-meta-history10.xml-p16113312p16158831.bz2,367.4087619781494,43134,1487567,34.487109936477026,365.07874822616577,370.91121792793274,4455.76953125
wikidatawiki-20250601-pages-meta-history23.xml-p58785088p58868067.bz2,2464.5755472183228,82163,1236620,15.050813626571571,1111.1930096149445,1183.4089243412018,39374.08203125
wikidatawiki-20250601-pages-meta-history23.xml-p56933334p56933533.bz2,4028.4163455963135,200,23737,118.685,1058.9920692443848,1132.150404214859,19434.63671875
wikidatawiki-20250601-pages-meta-history20.xml-p41284127p41303127.bz2,745.4459257125854,18949,640206,33.785740672330995,905.3076033592224,911.3684380054474,47156.21484375
wikidatawiki-20250601-pages-meta-history14.xml-p23691693p23745294.bz2,1927.7829475402832,51247,1423334,27.77399652662595,1106.1991107463837,1193.3536465168,29574.17578125
wikidatawiki-20250601-pages-meta-history27.xml-p104468184p104541789.bz2,1690.1909980773926,68740,1080372,15.716787896421298,881.2631573677063,915.3017535209656,10568.98828125
wikidatawiki-20250601-pages-meta-history20.xml-p42992840p43037303.bz2,756.458550453186,44167,814903,18.450494713247448,918.1309545040131,933.5068981647491,7422.21875
wikidatawiki-20250601-pages-meta-history13.xml-p21626722p21699140.bz2,1237.4783067703247,69101,1476105,21.361557719859338,547.5646228790283,568.4852855205536,6877.5546875
wikidatawiki-20250601-pages-meta-history12.xml-p18977225p19025513.bz2,521.8626766204834,35806,1466787,40.96483829525778,423.71344685554504,467.26947593688965,18816.1875
wikidatawiki-20250601-pages-meta-history13.xml-p21762398p21862658.bz2,330.7100124359131,64354,1493500,23.207570624980576,336.8628234863281,378.8036663532257,47149.5
wikidatawiki-20250601-pages-meta-history27.xml-p90211986p90302853.bz2,1143.1217002868652,90110,1049508,11.646964820774608,978.8844180107117,991.6716506481171,27002.3984375
wikidatawiki-20250601-pages-meta-history7.xml-p7338818p7378935.bz2,471.8974781036377,34403,1499590,43.58893119786065,502.4524476528168,509.2970278263092,18124.57421875
wikidatawiki-20250601-pages-meta-history27.xml-p100110846p100233995.bz2,736.2771215438843,113538,1464597,12.899619510648417,696.5692839622498,728.4607031345367,80439.37109375
wikidatawiki-20250601-pages-meta-history19.xml-p39925808p39970101.bz2,786.065016746521,43987,791901,18.00306908859436,910.3017058372498,923.4819056987762,33170.3203125
wikidatawiki-20250601-pages-meta-history25.xml-p69280127p69414644.bz2,669.691442489624,134241,1498560,11.163206471942253,825.5077245235443,832.2235772609711,5734.64453125
wikidatawiki-20250601-pages-meta-history1.xml-p58468p61949.bz2,1167.0474042892456,3273,651295,198.99022303696916,965.7644720077515,1008.230447769165,45135.30078125
wikidatawiki-20250601-pages-meta-history18.xml-p31710877p31771582.bz2,956.2060480117798,57368,1444237,25.174958164830567,650.0283269882202,684.9567065238953,37876.34375
wikidatawiki-20250601-pages-meta-history14.xml-p24018296p24026461.bz2,1353.732946395874,7842,437795,55.82695740882428,1065.4181156158447,1170.0565557479858,17881.3984375
wikidatawiki-20250601-pages-meta-history3.xml-p2008791p2031260.bz2,641.5576076507568,21957,1500268,68.32754930090631,692.4110498428345,700.0776398181915,22819.02734375
wikidatawiki-20250601-pages-meta-history21.xml-p46163340p46238144.bz2,745.1306781768799,74403,1144024,15.376046664785022,951.4977593421936,1034.5330710411072,20820.609375
wikidatawiki-20250601-pages-meta-history22.xml-p54374955p54455411.bz2,773.7127275466919,78337,1137643,14.522422354698291,909.1265573501587,988.1275680065155,5354.61328125
wikidatawiki-20250601-pages-meta-history14.xml-p23323720p23357660.bz2,607.7929315567017,31971,1479606,46.279628413249505,527.9969503879547,534.8172340393066,47361.44921875
wikidatawiki-20250601-pages-meta-history27.xml-p111980751p112157236.bz2,443.17626953125,166053,1448208,8.721360047695615,387.8542730808258,409.4170889854431,79889.48046875
wikidatawiki-20250601-pages-meta-history10.xml-p16186844p16214569.bz2,361.47124004364014,26501,1480661,55.87189162673106,357.04649925231934,363.7395992279053,16032.8203125
wikidatawiki-20250601-pages-meta-history25.xml-p70903764p70952438.bz2,687.8935356140137,48553,676100,13.924989187073919,859.1361901760101,868.4496021270752,7679.99609375
wikidatawiki-20250601-pages-meta-history20.xml-p41733233p41773540.bz2,759.8036394119263,40221,823394,20.471743616518733,887.4177601337433,891.3489286899567,5918.48828125
wikidatawiki-20250601-pages-meta-history7.xml-p6634377p6676281.bz2,499.8541269302368,33119,1496317,45.18001751260606,484.3651776313782,495.76723194122314,44546.18359375
wikidatawiki-20250601-pages-meta-history2.xml-p598521p608368.bz2,943.93994140625,9482,1112964,117.37650284750053,951.695990562439,957.9771409034729,7990.5703125
wikidatawiki-20250601-pages-meta-history25.xml-p65727058p65900513.bz2,357.6090602874756,172182,1482368,8.609308754689804,327.0499722957611,341.18826627731323,80001.9453125
wikidatawiki-20250601-pages-meta-history19.xml-p36463441p36486748.bz2,748.3759603500366,23278,513735,22.069550648681158,855.3064975738525,863.5419602394104,18325.18359375
wikidatawiki-20250601-pages-meta-history27.xml-p103734227p103830361.bz2,441.7766389846802,76422,1475671,19.30950511632776,385.97747230529785,393.1446752548218,16417.30859375
wikidatawiki-20250601-pages-meta-history18.xml-p35549982p35573364.bz2,742.887978553772,23377,553248,23.666338708987467,852.4151825904846,857.5190825462341,32580.6796875
wikidatawiki-20250601-pages-meta-history22.xml-p55088361p55145996.bz2,1326.2290134429932,57079,996861,17.46458417281312,923.1742730140686,1093.4529356956482,33489.4921875
wikidatawiki-20250601-pages-meta-history22.xml-p51616597p51690586.bz2,976.7852602005005,73650,1309747,17.78339443312967,958.3650929927826,986.1252455711365,7517.125
wikidatawiki-20250601-pages-meta-history27.xml-p101102899p101203759.bz2,377.177321434021,95271,1471936,15.449990028445173,308.85262179374695,313.3651292324066,1507.31640625
wikidatawiki-20250601-pages-meta-history27.xml-p103135939p103274545.bz2,361.55591106414795,136231,1491703,10.949805844484736,340.25499510765076,347.2416920661926,766.65625
wikidatawiki-20250601-pages-meta-history23.xml-p57531066p57575707.bz2,2861.8963108062744,44116,664579,15.06435306918125,1015.2312297821045,1086.324024438858,21906.70703125
wikidatawiki-20250601-pages-meta-history19.xml-p39970102p40004126.bz2,771.3883380889893,33976,719193,21.167677183894515,863.2322919368744,871.2368297576904,5034.046875
wikidatawiki-20250601-pages-meta-history26.xml-p86899934p86904520.bz2,2518.965209007263,4567,85750,18.776001751696956,1294.4592261314392,1712.029321193695,40373.13671875
wikidatawiki-20250601-pages-meta-history27.xml-p112592443p112758345.bz2,1030.640995979309,143781,1452416,10.101585049484981,512.4890303611755,532.3596472740173,6755.08984375
wikidatawiki-20250601-pages-meta-history23.xml-p56775911p56798519.bz2,4239.097546577454,20098,385060,19.159120310478656,1185.5611186027527,1342.8129608631134,17526.76953125
wikidatawiki-20250601-pages-meta-history27.xml-p107198068p107198488.bz2,4240.431646347046,418,27932,66.82296650717703,1095.985814332962,1181.9971063137054,14261.93359375
wikidatawiki-20250601-pages-meta-history16.xml-p27137229p27203461.bz2,309.1125068664551,62169,1497829,24.092859785423602,299.8155195713043,307.67987966537476,677.40625
wikidatawiki-20250601-pages-meta-history19.xml-p36226619p36298945.bz2,829.2144441604614,70685,1049036,14.840998797481785,879.7080504894257,895.1110742092133,1156.44140625
wikidatawiki-20250601-pages-meta-history3.xml-p1209391p1224148.bz2,871.1943082809448,14428,1180230,81.80135846964237,939.7666802406311,950.6856837272644,17149.203125
wikidatawiki-20250601-pages-meta-history1.xml-p362637p369831.bz2,1124.0778121948242,7056,870209,123.32893990929705,945.5711498260498,955.1544909477234,4508.828125
wikidatawiki-20250601-pages-meta-history27.xml-p94879922p95007341.bz2,959.12073802948,124853,1473231,11.799724475983757,665.353235244751,750.3529369831085,7073.50390625
wikidatawiki-20250601-pages-meta-history22.xml-p51690587p51727335.bz2,1265.782579421997,36558,645074,17.645221292193227,938.785341501236,965.3019528388977,33724.109375
wikidatawiki-20250601-pages-meta-history5.xml-p3369787p3398832.bz2,566.0622215270996,27330,1498389,54.8257958287596,598.0577394962311,606.887065410614,1371.88671875
wikidatawiki-20250601-pages-meta-history18.xml-p33795012p33990229.bz2,355.3377103805542,173606,1496763,8.621608700160133,394.0019648075104,399.37820386886597,719.79296875
wikidatawiki-20250601-pages-meta-history16.xml-p28447455p28536316.bz2,313.28793239593506,88802,1499988,16.891376320353146,485.5081105232239,543.5156242847443,6039.421875
wikidatawiki-20250601-pages-meta-history21.xml-p47879481p47927478.bz2,740.1721458435059,47956,1046798,21.828300942530653,929.1647553443909,939.0847690105438,20814.2265625
wikidatawiki-20250601-pages-meta-history6.xml-p4589616p4626719.bz2,521.7703142166138,33651,1498385,44.52720572939883,488.4691686630249,496.462171792984,2173.44921875
wikidatawiki-20250601-pages-meta-history5.xml-p3098447p3126390.bz2,556.8766613006592,26286,1494820,56.86753404854295,601.271656036377,605.3580083847046,945.0390625
wikidatawiki-20250601-pages-meta-history23.xml-p56426111p56426773.bz2,3972.658281326294,639,28260,44.225352112676056,1042.4332616329193,1108.5456433296204,7149.015625
wikidatawiki-20250601-pages-meta-history18.xml-p34324730p34489838.bz2,354.6863784790039,147002,1481925,10.080985292717106,380.07238388061523,387.2082064151764,946.78515625
wikidatawiki-20250601-pages-meta-history25.xml-p68136655p68275663.bz2,741.2949666976929,138664,1498974,10.810116540702706,806.9518041610718,813.1256215572357,16729.96484375
wikidatawiki-20250601-pages-meta-history21.xml-p46314831p46395192.bz2,764.5909357070923,80119,1192916,14.88930216303249,880.1598193645477,890.321272611618,1011.60546875
wikidatawiki-20250601-pages-meta-history19.xml-p36945689p36961971.bz2,794.2482299804688,16266,453464,27.8780277880241,875.870011806488,884.3116540908813,2684.91796875
wikidatawiki-20250601-pages-meta-history11.xml-p17550003p17598314.bz2,1258.3831434249878,43543,1447514,33.24332269251085,644.2668006420135,653.0250070095062,2185.171875
wikidatawiki-20250601-pages-meta-history13.xml-p21440340p21526641.bz2,506.1349115371704,80560,1470473,18.253140516385304,398.00284934043884,424.4570412635803,2120.16796875
wikidatawiki-20250601-pages-meta-history19.xml-p39503150p39532937.bz2,1014.9222173690796,29697,610667,20.56325554769842,877.0561375617981,1092.5530135631561,17840.89453125
wikidatawiki-20250601-pages-meta-history25.xml-p67592497p67692117.bz2,670.8810749053955,96677,1258819,13.020873630749817,865.2639937400818,872.1110544204712,2247.6796875
wikidatawiki-20250601-pages-meta-history23.xml-p59639885p59710013.bz2,2958.5023050308228,69284,1185309,17.107975867444143,1212.7066674232483,1365.861252784729,13437.1484375
wikidatawiki-20250601-pages-meta-history26.xml-p86795024p86817131.bz2,1258.969045639038,21932,445331,20.305079336129857,912.9677748680115,1129.6781809329987,29198.69140625
wikidatawiki-20250601-pages-meta-history16.xml-p28336991p28391545.bz2,274.2445287704468,54194,1490979,27.51188323430638,301.2490077018738,378.9959328174591,1272.203125
wikidatawiki-20250601-pages-meta-history27.xml-p103830362p103925510.bz2,377.18054962158203,78425,1479747,18.868307299968123,312.4642813205719,318.691782951355,1661.421875
wikidatawiki-20250601-pages-meta-history27.xml-p88441317p88495913.bz2,1774.5033121109009,54204,734511,13.550863404914766,1094.720005273819,1514.5106973648071,30734.21484375
wikidatawiki-20250601-pages-meta-history9.xml-p13765446p13859445.bz2,372.71012783050537,64404,1489174,23.1223837028756,350.42509031295776,358.36450958251953,1234.29296875
wikidatawiki-20250601-pages-meta-history9.xml-p11903330p11928699.bz2,452.00398540496826,23998,1489095,62.050795899658304,389.69063353538513,395.13315773010254,1959.15625
wikidatawiki-20250601-pages-meta-history9.xml-p11802733p11837626.bz2,373.31721687316895,31711,1499727,47.29358897543439,396.49930787086487,405.0656509399414,930.234375
wikidatawiki-20250601-pages-meta-history11.xml-p17334502p17375738.bz2,1369.1897583007812,34786,1394195,40.07919852814351,668.4090309143066,674.7205483913422,3414.53515625
wikidatawiki-20250601-pages-meta-history17.xml-p31583305p31655552.bz2,582.2886638641357,69738,1462537,20.97188046689036,530.248140335083,588.5879163742065,1416.171875
wikidatawiki-20250601-pages-meta-history4.xml-p2839229p2870717.bz2,537.470516204834,30134,1500404,49.79106656932369,571.0352113246918,579.997932434082,1107.5078125
wikidatawiki-20250601-pages-meta-history27.xml-p104781464p104848801.bz2,646.0432710647583,65310,1490358,22.819751952227836,623.4953126907349,627.3801853656769,1999.36328125
wikidatawiki-20250601-pages-meta-history25.xml-p68969911p69045251.bz2,514.4167680740356,75096,1493774,19.891525514008734,623.266444683075,632.6967289447784,17722.1328125
wikidatawiki-20250601-pages-meta-history14.xml-p24269365p24310805.bz2,698.2547225952148,40065,1491953,37.23831274179459,784.7738754749298,1093.1498272418976,7057.87890625
wikidatawiki-20250601-pages-meta-history27.xml-p105264252p105362055.bz2,844.4683990478516,91341,1458263,15.965043080325374,495.2659795284271,525.9529643058777,9054.97265625
wikidatawiki-20250601-pages-meta-history19.xml-p38754316p38778781.bz2,713.1641321182251,24446,582081,23.810889307044096,841.9521949291229,849.86585521698,1406.1484375
wikidatawiki-20250601-pages-meta-history18.xml-p31892104p31912773.bz2,1751.9477739334106,20627,261563,12.680612789062879,946.4936275482178,1416.4261212348938,47885.7578125
wikidatawiki-20250601-pages-meta-history19.xml-p39186886p39228707.bz2,810.9215230941772,41460,889864,21.46319343945972,890.0247025489807,929.7224814891815,2562.32421875
wikidatawiki-20250601-pages-meta-history27.xml-p92014797p92106357.bz2,1436.472999572754,91244,1119894,12.273617991319977,910.9052488803864,940.0627655982971,30709.73046875
wikidatawiki-20250601-pages-meta-history9.xml-p11605702p11662703.bz2,562.4466524124146,45076,1497620,33.22433223888544,458.80861163139343,510.7937653064728,6185.17578125
wikidatawiki-20250601-pages-meta-history18.xml-p35167830p35189152.bz2,748.1909742355347,21302,508811,23.885597596469815,855.8248209953308,868.4793269634247,33962.4296875
wikidatawiki-20250601-pages-meta-history27.xml-p95007342p95135306.bz2,929.1088809967041,124551,1476909,11.85786545270612,800.9180657863617,863.4614794254303,11734.29296875
wikidatawiki-20250601-pages-meta-history27.xml-p89954985p90082890.bz2,1054.238935470581,127306,1430336,11.235417026691593,861.4668304920197,893.858402967453,3739.921875
wikidatawiki-20250601-pages-meta-history27.xml-p95748981p95900026.bz2,937.2702445983887,144348,1482419,10.269757807520714,598.4247851371765,664.6130633354187,6773.3125
wikidatawiki-20250601-pages-meta-history8.xml-p9229452p9302766.bz2,486.4612455368042,51565,1498899,29.068146998933386,453.91170144081116,472.92732095718384,6492.18359375
wikidatawiki-20250601-pages-meta-history26.xml-p83611333p83736142.bz2,799.4871711730957,123818,1494405,12.069367943271576,718.0854134559631,793.8575091362,1755.0
wikidatawiki-20250601-pages-meta-history19.xml-p38462755p38488459.bz2,744.7423801422119,25666,558229,21.749746746668745,840.9061543941498,860.3845429420471,1397.1171875
wikidatawiki-20250601-pages-meta-history21.xml-p47136601p47216573.bz2,775.2020196914673,79827,990509,12.408195222167938,1124.4026691913605,1338.8732130527496,2261.078125
wikidatawiki-20250601-pages-meta-history27.xml-p97619734p97839776.bz2,577.9603090286255,175375,1480722,8.443176051318604,704.4252133369446,804.2348294258118,18678.4296875
wikidatawiki-20250601-pages-meta-history3.xml-p1246110p1266861.bz2,859.1091833114624,20088,1500391,74.69090999601752,908.8706362247467,922.7132215499878,5755.0859375
wikidatawiki-20250601-pages-meta-history6.xml-p4862044p4895627.bz2,464.64776039123535,30380,1496328,49.25371955233707,478.1238660812378,584.547315120697,30204.375
wikidatawiki-20250601-pages-meta-history6.xml-p5365440p5398162.bz2,531.0690841674805,29110,1497636,51.447475094469254,563.0325992107391,578.1033284664154,1719.26171875
wikidatawiki-20250601-pages-meta-history9.xml-p13208321p13253429.bz2,546.7501487731934,32108,1498876,46.682322162700885,662.3303663730621,668.1241104602814,6684.56640625
wikidatawiki-20250601-pages-meta-history27.xml-p119199438p119452562.bz2,594.2633829116821,243029,1460511,6.009616136345868,717.6571607589722,747.5254018306732,8248.69921875
wikidatawiki-20250601-pages-meta-history4.xml-p2519284p2536670.bz2,755.8492231369019,17040,1499808,88.0169014084507,867.6548058986664,875.4189715385437,1704.078125
wikidatawiki-20250601-pages-meta-history1.xml-p338979p347702.bz2,986.9057340621948,8598,975905,113.50372179576645,936.0771930217743,942.8141753673553,2171.64453125
wikidatawiki-20250601-pages-meta-history20.xml-p40442970p40470651.bz2,741.8082895278931,27443,822508,29.971504573115183,881.4247205257416,895.1410620212555,34748.1328125
wikidatawiki-20250601-pages-meta-history2.xml-p677429p685058.bz2,944.4945707321167,7503,983495,131.08023457283753,918.9100632667542,927.1584603786469,8755.15625
wikidatawiki-20250601-pages-meta-history27.xml-p118965734p119199437.bz2,439.102463722229,224488,1465073,6.5262864830191365,599.8229839801788,641.2376842498779,30379.5703125
wikidatawiki-20250601-pages-meta-history1.xml-p111632p118889.bz2,961.5594205856323,7169,1026849,143.2346212860929,922.8757126331329,933.0870966911316,1636.625
wikidatawiki-20250601-pages-meta-history6.xml-p6013177p6046948.bz2,499.22178649902344,28605,1500006,52.43859465128474,538.1353859901428,542.1315376758575,2604.3984375
wikidatawiki-20250601-pages-meta-history15.xml-p25212340p25294197.bz2,514.4532203674316,81792,1499704,18.335582942097027,1851.3535375595093,2118.32767868042,4638.578125
wikidatawiki-20250601-pages-meta-history7.xml-p7407543p7476434.bz2,463.1209306716919,35217,1499693,42.5843484680694,496.6723265647888,513.8697822093964,1941.03515625
wikidatawiki-20250601-pages-meta-history26.xml-p82492077p82635997.bz2,890.250864982605,143369,1455723,10.153680363258445,1137.3832263946533,1213.667498588562,2385.25
wikidatawiki-20250601-pages-meta-history3.xml-p1527230p1546531.bz2,653.4987297058105,18950,1500450,79.17941952506597,725.6637258529663,729.5206611156464,6956.1875
wikidatawiki-20250601-pages-meta-history21.xml-p46849244p46937797.bz2,678.9333667755127,88338,1497868,16.956100432429984,1176.6444957256317,1342.4606573581696,2717.8828125
wikidatawiki-20250601-pages-meta-history23.xml-p56677760p56677859.bz2,4048.192048072815,99,23367,236.03030303030303,1032.8524105548859,1186.6392583847046,13352.0546875
wikidatawiki-20250601-pages-meta-history3.xml-p1546532p1566882.bz2,793.8856515884399,19924,1500872,75.32985344308372,869.1563487052917,873.8670904636383,1781.44921875
wikidatawiki-20250601-pages-meta-history26.xml-p87311608p87327858.bz2,1883.012095451355,15672,217653,13.888016845329249,895.1847276687622,1348.2360410690308,35967.1171875
wikidatawiki-20250601-pages-meta-history22.xml-p53518944p53583296.bz2,741.1746788024902,63933,1038403,16.24205027137785,998.5786588191986,1144.153159379959,2652.18359375
wikidatawiki-20250601-pages-meta-history21.xml-p47285258p47355263.bz2,751.2369012832642,69862,963379,13.789742635481378,1166.4203264713287,1349.0278944969177,18856.1171875
wikidatawiki-20250601-pages-meta-history25.xml-p67804181p67917874.bz2,733.3251419067383,112701,1334904,11.844650890409136,850.7628762722015,858.6997928619385,34327.00390625
wikidatawiki-20250601-pages-meta-history14.xml-p23971696p24018295.bz2,791.1792917251587,46057,1354758,29.414812080682633,893.7804503440857,1355.8145155906677,9263.7109375
wikidatawiki-20250601-pages-meta-history17.xml-p30314786p30371982.bz2,814.8310642242432,54728,1489930,27.224272767139308,764.4043278694153,891.9068784713745,7861.28515625
wikidatawiki-20250601-pages-meta-history3.xml-p1630734p1651051.bz2,646.667628288269,19916,1500040,75.31833701546495,737.6944758892059,754.4109854698181,2095.71875
wikidatawiki-20250601-pages-meta-history2.xml-p796121p808198.bz2,888.5806360244751,11647,1218468,104.61646775993817,940.719756603241,952.0555865764618,3156.9140625
wikidatawiki-20250601-pages-meta-history27.xml-p127232701p127714211.bz2,664.2348537445068,447121,1433862,3.2068768856752423,604.7238917350769,652.8016004562378,4023.3359375
wikidatawiki-20250601-pages-meta-history10.xml-p14269760p14476438.bz2,1331.7577123641968,106761,1475554,13.821095718473975,537.2970831394196,591.3114295005798,5450.125
wikidatawiki-20250601-pages-meta-history1.xml-p384302p393013.bz2,1649.1343870162964,8585,754589,87.89621432731508,957.722163438797,997.5253522396088,7302.28515625
wikidatawiki-20250601-pages-meta-history4.xml-p2536671p2557589.bz2,603.3610067367554,20423,1500796,73.4855799833521,676.5383009910583,706.0058026313782,2623.30078125
wikidatawiki-20250601-pages-meta-history3.xml-p1329461p1350936.bz2,785.8219985961914,20888,1498754,71.75191497510532,837.2905321121216,843.9894642829895,7203.515625
wikidatawiki-20250601-pages-meta-history7.xml-p6052572p6089610.bz2,481.68663597106934,31327,1499563,47.86806907779232,507.6604607105255,511.411363363266,5692.65234375
wikidatawiki-20250601-pages-meta-history6.xml-p5486900p5534955.bz2,470.76826000213623,39661,1500274,37.82743753309296,487.48159980773926,623.9432642459869,34639.60546875
wikidatawiki-20250601-pages-meta-history22.xml-p53896328p53948565.bz2,983.4607725143433,51375,652254,12.695941605839415,968.2836470603943,1171.5002715587616,3995.01953125
wikidatawiki-20250601-pages-meta-history5.xml-p3927130p3958121.bz2,655.8702726364136,28489,1493349,52.418442205763625,582.3706192970276,660.7688274383545,20348.8046875
wikidatawiki-20250601-pages-meta-history23.xml-p56828097p56828956.bz2,4140.2395277023315,859,29599,34.457508731082655,1053.5073516368866,1127.596670627594,6993.28515625
wikidatawiki-20250601-pages-meta-history22.xml-p52714178p52781401.bz2,785.8263883590698,66622,946583,14.20826453723995,1092.4208889007568,1307.7505300045013,31414.375
wikidatawiki-20250601-pages-meta-history26.xml-p80685241p80809717.bz2,868.844316482544,124018,1492724,12.036349562160332,852.651008605957,873.4481446743011,2513.58984375
wikidatawiki-20250601-pages-meta-history27.xml-p102767789p102840153.bz2,321.37101459503174,69518,1488377,21.409951379498835,364.7130513191223,436.37437772750854,3414.17578125
wikidatawiki-20250601-pages-meta-history10.xml-p16158832p16186843.bz2,522.5967702865601,26577,1478178,55.61869285472401,394.8801407814026,408.67848443984985,3123.2578125
wikidatawiki-20250601-pages-meta-history27.xml-p100335665p100414261.bz2,450.70276260375977,77974,1494542,19.167183933105907,738.2796397209167,853.9744272232056,7642.37890625
wikidatawiki-20250601-pages-meta-history19.xml-p38558781p38583038.bz2,739.005352973938,24232,550645,22.723877517332454,857.2578880786896,890.6208648681641,2263.46484375
wikidatawiki-20250601-pages-meta-history20.xml-p43561844p43631945.bz2,924.2332057952881,67997,1362793,20.041957733429417,1085.3028628826141,1296.8016488552094,3415.25
wikidatawiki-20250601-pages-meta-history1.xml-p3494p5244.bz2,1400.8783264160156,1645,576885,350.6899696048632,948.0587868690491,959.4951086044312,4056.640625
wikidatawiki-20250601-pages-meta-history19.xml-p39669253p39705800.bz2,737.8825273513794,36494,811210,22.228585520907547,858.7660193443298,1050.911649942398,2256.28125
wikidatawiki-20250601-pages-meta-history8.xml-p8172798p8214308.bz2,402.49023723602295,34225,1499083,43.80081811541271,444.1907148361206,451.78915071487427,2647.8671875
wikidatawiki-20250601-pages-meta-history24.xml-p60777358p60885750.bz2,557.3922033309937,103621,1496157,14.438743111917468,744.0234935283661,793.8138852119446,30833.54296875
wikidatawiki-20250601-pages-meta-history26.xml-p86844944p86888675.bz2,1280.2204608917236,43454,652242,15.00994154738344,719.7743458747864,901.3341362476349,28744.7421875
wikidatawiki-20250601-pages-meta-history26.xml-p79775437p79905241.bz2,801.0178880691528,129539,1497210,11.557986397918773,880.0110695362091,904.1364688873291,20303.1796875
wikidatawiki-20250601-pages-meta-history13.xml-p20107809p20141949.bz2,709.3325824737549,32239,1462852,45.375228760197274,461.2447290420532,518.2867131233215,7781.4296875
wikidatawiki-20250601-pages-meta-history24.xml-p61684558p61783229.bz2,537.5953674316406,96090,1473266,15.332146945571859,1109.731292963028,1249.0801672935486,2789.12109375
wikidatawiki-20250601-pages-meta-history5.xml-p4340234p4399348.bz2,378.4104347229004,53864,1495200,27.758799940591118,457.5623562335968,531.5058522224426,2751.48828125
wikidatawiki-20250601-pages-meta-history26.xml-p86363342p86423149.bz2,1215.7883138656616,59573,869875,14.601833045171471,726.4594321250916,1150.3106174468994,23987.96875
wikidatawiki-20250601-pages-meta-history21.xml-p46238145p46314830.bz2,778.7653827667236,76340,1105123,14.476329578202778,1484.7819590568542,1702.3582882881165,7953.7265625
wikidatawiki-20250601-pages-meta-history1.xml-p260256p263109.bz2,1232.1642236709595,2824,530947,188.0123937677054,922.7924189567566,934.7559819221497,6663.6796875
wikidatawiki-20250601-pages-meta-history15.xml-p25528586p25578809.bz2,815.6118822097778,49870,1478914,29.65538399839583,1455.844688653946,1822.071223974228,7273.41796875
wikidatawiki-20250601-pages-meta-history3.xml-p1839621p1860290.bz2,659.1534805297852,20216,1497350,74.06757024139296,728.451239824295,736.6827244758606,6015.96484375
wikidatawiki-20250601-pages-meta-history27.xml-p93828697p93943785.bz2,486.5434923171997,113821,1491052,13.099972764252643,735.2665348052979,764.8879325389862,3282.45703125
wikidatawiki-20250601-pages-meta-history15.xml-p26069156p26117956.bz2,669.18212890625,48038,1494175,31.104021816062286,1229.2437574863434,1643.1750464439392,37422.42578125
wikidatawiki-20250601-pages-meta-history25.xml-p66302191p66440364.bz2,481.2464962005615,111831,1136029,10.158444438483068,644.8432631492615,663.032285451889,2897.6875
wikidatawiki-20250601-pages-meta-history19.xml-p38955149p38975919.bz2,753.6948862075806,20255,508003,25.08037521599605,847.2749361991882,859.3308346271515,3582.36328125
wikidatawiki-20250601-pages-meta-history25.xml-p66537832p66581367.bz2,622.6665658950806,42786,1008055,23.560393586687233,843.4578778743744,850.5510010719299,30587.63671875
wikidatawiki-20250601-pages-meta-history1.xml-p10216p11794.bz2,1548.4480457305908,1482,490093,330.6970310391363,906.2869875431061,913.6749222278595,20943.80078125
wikidatawiki-20250601-pages-meta-history15.xml-p25578810p25629914.bz2,673.9818572998047,50891,1495239,29.38120689316382,1475.6244566440582,1750.9223062992096,5819.2421875
wikidatawiki-20250601-pages-meta-history21.xml-p48797276p48862461.bz2,761.467794418335,65043,878457,13.505788478391219,1486.7198917865753,1725.410926103592,3685.92578125
wikidatawiki-20250601-pages-meta-history2.xml-p685059p694352.bz2,901.6000375747681,9008,1120372,124.37522202486679,930.5771007537842,939.5148899555206,3062.6875
wikidatawiki-20250601-pages-meta-history22.xml-p53336542p53406837.bz2,788.0351657867432,69646,1043985,14.989877379892599,1072.5675208568573,1332.0881555080414,5105.73828125
wikidatawiki-20250601-pages-meta-history26.xml-p78512003p78594842.bz2,793.5352001190186,82585,1277684,15.471138826663438,861.2770705223083,874.8047969341278,2323.90625
wikidatawiki-20250601-pages-meta-history16.xml-p27795487p27885969.bz2,641.6197757720947,84718,1480457,17.47511744847612,396.13650941848755,411.5657751560211,30801.62890625
wikidatawiki-20250601-pages-meta-history20.xml-p43842079p43896073.bz2,755.239616394043,53758,947262,17.620856430670784,948.9066634178162,1161.0946884155273,8325.44140625
wikidatawiki-20250601-pages-meta-history27.xml-p127714212p128185421.bz2,1197.89280128479,459417,1460840,3.179769142195435,767.8530144691467,789.1076679229736,6632.95703125
wikidatawiki-20250601-pages-meta-history18.xml-p35210355p35234721.bz2,762.1841678619385,24238,506146,20.88233352586847,856.2747497558594,870.8445222377777,3186.8359375
wikidatawiki-20250601-pages-meta-history3.xml-p1437925p1459443.bz2,654.7319593429565,21068,1500057,71.20073096639453,729.4768400192261,737.0743050575256,2060.25
wikidatawiki-20250601-pages-meta-history19.xml-p37351603p37381819.bz2,753.0047225952148,30045,590500,19.65385255450158,860.718430519104,871.7655055522919,34698.0546875
wikidatawiki-20250601-pages-meta-history13.xml-p20181627p20239315.bz2,446.67806243896484,53226,1468977,27.598861458685604,399.4628953933716,427.6794693470001,3594.328125
wikidatawiki-20250601-pages-meta-history7.xml-p7518772p7561480.bz2,449.9351921081543,33484,1498503,44.75280731095449,467.20513463020325,501.35301971435547,2715.2734375
wikidatawiki-20250601-pages-meta-history12.xml-p17813968p17852452.bz2,485.9611577987671,32495,1496403,46.05025388521311,514.1185071468353,519.4599409103394,3985.8828125
wikidatawiki-20250601-pages-meta-history20.xml-p41940821p41985552.bz2,714.0589981079102,44679,835164,18.692540119519236,877.6452503204346,902.9459989070892,2876.8984375
wikidatawiki-20250601-pages-meta-history19.xml-p40171852p40204524.bz2,766.820011138916,32624,559571,17.15212726826876,864.5291683673859,875.5029187202454,20684.2421875
wikidatawiki-20250601-pages-meta-history11.xml-p16814955p16839637.bz2,615.7469444274902,23768,1490826,62.724082800403906,765.1520917415619,768.3445680141449,2792.6015625
wikidatawiki-20250601-pages-meta-history23.xml-p56927911p56933103.bz2,3961.0157356262207,5119,125160,24.45008790779449,1045.6652660369873,1126.0180759429932,9117.49609375
wikidatawiki-20250601-pages-meta-history23.xml-p56818764p56819023.bz2,4141.684778213501,260,24709,95.03461538461538,1072.3258876800537,1238.3222663402557,20389.04296875
wikidatawiki-20250601-pages-meta-history18.xml-p34865941p34908322.bz2,737.650294303894,42339,849760,20.070384279269703,882.9998598098755,896.4943642616272,3329.72265625
wikidatawiki-20250601-pages-meta-history6.xml-p5196886p5232888.bz2,460.6727361679077,33073,1497659,45.28343361654522,460.44716715812683,483.75172996520996,2691.421875
wikidatawiki-20250601-pages-meta-history7.xml-p6778767p6829341.bz2,533.0631284713745,36252,1499566,41.36505572106366,523.9689736366272,527.9830160140991,6247.0625
wikidatawiki-20250601-pages-meta-history27.xml-p117298423p117341914.bz2,305.0846652984619,42206,1493839,35.39399611429655,531.7648468017578,541.6856043338776,34677.92578125
wikidatawiki-20250601-pages-meta-history27.xml-p89059754p89171567.bz2,1140.5837926864624,111447,1304247,11.702845298662144,891.8414621353149,903.1685864925385,12067.78125
wikidatawiki-20250601-pages-meta-history7.xml-p6966959p7005595.bz2,450.7920618057251,33424,1499856,44.8736237434179,465.20432305336,468.28420877456665,2888.59375
wikidatawiki-20250601-pages-meta-history12.xml-p17963138p18049229.bz2,419.3540840148926,69904,1486881,21.270327878233005,343.6381366252899,359.7645492553711,2667.765625
wikidatawiki-20250601-pages-meta-history23.xml-p55993816p56092357.bz2,532.1069717407227,94341,1397469,14.812955130855089,560.7970817089081,601.2942981719971,20989.07421875
wikidatawiki-20250601-pages-meta-history23.xml-p56678592p56678751.bz2,4182.966276168823,159,25921,163.0251572327044,1087.3046579360962,1222.3882377147675,35002.48828125
wikidatawiki-20250601-pages-meta-history18.xml-p35047362p35071713.bz2,810.8375101089478,24335,504670,20.738442572426546,863.9343454837799,875.1328816413879,3779.15625
wikidatawiki-20250601-pages-meta-history17.xml-p30411458p30455510.bz2,964.5336952209473,42797,1474910,34.46292964460126,682.7566287517548,689.2467687129974,6677.9140625
wikidatawiki-20250601-pages-meta-history9.xml-p11928700p11961480.bz2,348.14298152923584,31375,1499800,47.80239043824701,377.080281496048,380.828405380249,7844.33203125
wikidatawiki-20250601-pages-meta-history19.xml-p37852240p37879246.bz2,762.2071342468262,26918,578804,21.50248904079055,871.8773698806763,881.9227304458618,4129.6171875
wikidatawiki-20250601-pages-meta-history16.xml-p29250253p29251856.bz2,731.6029796600342,1462,271299,185.5670314637483,850.3512177467346,853.83194231987,2893.71484375
wikidatawiki-20250601-pages-meta-history27.xml-p95262472p95369101.bz2,438.4237823486328,102927,1489206,14.468565099536566,353.3688814640045,373.5120141506195,3167.73828125
wikidatawiki-20250601-pages-meta-history1.xml-p28277p30529.bz2,1268.6896800994873,2190,530655,242.3082191780822,907.5216865539551,913.7239513397217,9350.421875
wikidatawiki-20250601-pages-meta-history26.xml-p83181964p83196823.bz2,3732.5238790512085,14805,186785,12.616345829111786,1569.265626192093,2103.624854326248,52194.953125
wikidatawiki-20250601-pages-meta-history23.xml-p56815801p56816151.bz2,4292.4800062179565,350,27830,79.51428571428572,1139.6045212745667,1285.9196045398712,15174.92578125
wikidatawiki-20250601-pages-meta-history22.xml-p55446437p55501489.bz2,962.8320140838623,53741,1090091,20.284159208053442,874.033257484436,896.0138549804688,35467.78515625
wikidatawiki-20250601-pages-meta-history6.xml-p4530741p4559272.bz2,486.8373384475708,26703,1499182,56.14283039358874,529.0301704406738,534.5186796188354,3799.37109375
wikidatawiki-20250601-pages-meta-history25.xml-p72134752p72210273.bz2,685.960916519165,74224,1437013,19.360489868506143,813.4420156478882,818.302971124649,2558.6875
wikidatawiki-20250601-pages-meta-history27.xml-p97982062p98104840.bz2,786.1952657699585,120875,1488719,12.31618614270941,691.695707321167,720.674524307251,11511.97265625
wikidatawiki-20250601-pages-meta-history26.xml-p86486312p86486391.bz2,2870.1948223114014,79,28900,365.82278481012656,1226.7070801258087,1727.8763542175293,38462.7890625
wikidatawiki-20250601-pages-meta-history20.xml-p40642537p40674408.bz2,765.7355690002441,31821,807558,25.378146507023665,889.7022058963776,897.4960560798645,21409.7578125
wikidatawiki-20250601-pages-meta-history18.xml-p33146567p33252597.bz2,293.1555805206299,104057,1498919,14.404787760554312,310.25663685798645,333.08884048461914,4078.50390625
wikidatawiki-20250601-pages-meta-history1.xml-p79352p82609.bz2,1089.1274785995483,3234,719457,222.46660482374767,926.876974105835,930.7093362808228,6598.1640625
wikidatawiki-20250601-pages-meta-history18.xml-p32660516p32736345.bz2,802.7097682952881,73652,1292426,17.547738011187747,886.99440741539,901.8707444667816,3007.7578125
wikidatawiki-20250601-pages-meta-history1.xml-p310553p315924.bz2,1079.8196649551392,5312,785290,147.8332078313253,942.6202292442322,948.5764751434326,6665.90234375
wikidatawiki-20250601-pages-meta-history20.xml-p40988770p41012223.bz2,688.6270570755005,23395,718737,30.721820901902117,881.2096374034882,890.1346526145935,3095.109375
wikidatawiki-20250601-pages-meta-history26.xml-p85838980p85864908.bz2,1973.3813953399658,25792,356611,13.826419044665013,1000.0013904571533,1547.7528047561646,47640.94921875
wikidatawiki-20250601-pages-meta-history23.xml-p56678752p56679175.bz2,4094.3198947906494,395,30316,76.7493670886076,1062.108963251114,1189.1131536960602,35970.11328125
wikidatawiki-20250601-pages-meta-history7.xml-p7608148p7650697.bz2,446.1901388168335,37305,1496062,40.10352499664924,435.78872084617615,451.8091411590576,24587.26171875
wikidatawiki-20250601-pages-meta-history1.xml-p305490p310552.bz2,1117.6671743392944,4971,707286,142.28243814121907,925.3440515995026,937.5704350471497,5806.359375
wikidatawiki-20250601-pages-meta-history24.xml-p63114130p63114189.bz2,3857.263117790222,60,21232,353.8666666666667,999.7481744289398,1154.1203217506409,17551.546875
wikidatawiki-20250601-pages-meta-history20.xml-p42910917p42955216.bz2,765.3674869537354,44005,850559,19.328689921599818,851.3886692523956,925.5566167831421,35326.54296875
wikidatawiki-20250601-pages-meta-history27.xml-p113988315p114243922.bz2,500.3699655532837,250082,1489204,5.95486280499996,781.9437129497528,823.6038055419922,2935.03125
wikidatawiki-20250601-pages-meta-history7.xml-p6601312p6634376.bz2,485.0183115005493,27518,1499618,54.49589359691838,529.8480229377747,581.0152459144592,3123.5859375
wikidatawiki-20250601-pages-meta-history21.xml-p48862462p48923741.bz2,756.8640127182007,61197,790457,12.916597218817916,881.3228511810303,1125.9638435840607,3842.4765625
wikidatawiki-20250601-pages-meta-history27.xml-p91095594p91199624.bz2,1074.1249799728394,103806,1092062,10.520220411151572,874.1042449474335,926.3834598064423,12883.7265625
wikidatawiki-20250601-pages-meta-history18.xml-p34908323p34955524.bz2,721.0278444290161,47159,937019,19.86935685659153,880.2470858097076,941.563562631607,21030.25
wikidatawiki-20250601-pages-meta-history26.xml-p86679572p86711943.bz2,2715.967311859131,25883,418530,16.17007302090175,1436.1087024211884,2304.5662429332733,65378.3359375
wikidatawiki-20250601-pages-meta-history27.xml-p117998418p118206580.bz2,565.4026794433594,194726,1464992,7.523350759528774,545.2675931453705,586.6613345146179,25621.0859375
wikidatawiki-20250601-pages-meta-history26.xml-p76266430p76354136.bz2,687.2770500183105,87168,1496318,17.165909508076357,776.7916378974915,794.6706688404083,3190.65625
wikidatawiki-20250601-pages-meta-history19.xml-p36961972p36977461.bz2,843.2502908706665,15476,446344,28.841044197467046,903.1750791072845,987.257052898407,8351.58984375
wikidatawiki-20250601-pages-meta-history27.xml-p96999562p97144542.bz2,669.5043611526489,139857,1466102,10.482864640311176,740.4784111976624,784.7372736930847,7075.796875
wikidatawiki-20250601-pages-meta-history20.xml-p42034886p42082823.bz2,732.9198036193848,47837,911648,19.057382360934007,877.1199219226837,974.8450767993927,3264.42578125
wikidatawiki-20250601-pages-meta-history20.xml-p43950290p43999314.bz2,981.87180519104,48738,974045,19.985329722188027,870.7387239933014,1121.036581993103,4728.45703125
wikidatawiki-20250601-pages-meta-history8.xml-p7995967p8033202.bz2,458.8089647293091,32006,1500028,46.86708742110854,463.069144487381,604.9032344818115,3403.94921875
wikidatawiki-20250601-pages-meta-history7.xml-p7808510p7838096.bz2,234.68224334716797,26075,912066,34.97856184084372,222.532696723938,376.15208745002747,3418.49609375
wikidatawiki-20250601-pages-meta-history16.xml-p27885970p28020307.bz2,319.69829750061035,114628,1475736,12.874131974735667,352.35642290115356,362.19826340675354,3290.93359375
wikidatawiki-20250601-pages-meta-history5.xml-p3398833p3427100.bz2,579.633204460144,26757,1499867,56.05512576148298,658.9128186702728,715.079083442688,2921.86328125
wikidatawiki-20250601-pages-meta-history6.xml-p5673739p5714838.bz2,440.6322250366211,34427,1500324,43.5798646411247,471.37838792800903,652.0714869499207,8846.30078125
wikidatawiki-20250601-pages-meta-history19.xml-p37407075p37436583.bz2,757.8110427856445,28797,561777,19.508177935201584,847.8038177490234,860.7754628658295,35245.79296875
wikidatawiki-20250601-pages-meta-history20.xml-p41833879p41885721.bz2,733.5383129119873,51712,970410,18.765663675742573,909.6913783550262,1087.157809972763,3755.296875
wikidatawiki-20250601-pages-meta-history11.xml-p17172348p17193069.bz2,486.4716100692749,20050,1492847,74.45620947630923,481.3073537349701,486.2936661243439,3252.3203125
wikidatawiki-20250601-pages-meta-history21.xml-p50392011p50480482.bz2,378.9598560333252,88301,1494000,16.919400686288945,458.3127496242523,523.9547069072723,4405.08984375
wikidatawiki-20250601-pages-meta-history27.xml-p105165680p105264251.bz2,498.05627059936523,94142,1486264,15.787469992139535,412.49401569366455,482.48049807548523,5417.77734375
wikidatawiki-20250601-pages-meta-history2.xml-p464715p471759.bz2,1018.006477355957,6897,914997,132.6659417137886,916.8225214481354,929.4589772224426,21901.49609375
wikidatawiki-20250601-pages-meta-history10.xml-p13998368p14133840.bz2,1331.871576309204,75089,1469399,19.568765065455658,492.59951996803284,531.0704581737518,6041.453125
wikidatawiki-20250601-pages-meta-history19.xml-p36053268p36081254.bz2,759.4529104232788,27811,593489,21.34008126280968,871.6667771339417,883.1093261241913,24972.09375
wikidatawiki-20250601-pages-meta-history19.xml-p38123517p38150938.bz2,759.0297269821167,27395,541144,19.75338565431648,862.8983025550842,875.4062902927399,6848.56640625
wikidatawiki-20250601-pages-meta-history23.xml-p56469507p56487119.bz2,3778.508031845093,17218,312855,18.17022883029388,1057.874234676361,1228.9100370407104,15843.40234375
wikidatawiki-20250601-pages-meta-history20.xml-p45102356p45172829.bz2,757.8796091079712,70262,1073623,15.280279525205659,1190.8569521903992,1384.0216844081879,9960.484375
wikidatawiki-20250601-pages-meta-history25.xml-p68003749p68136654.bz2,759.8005504608154,132515,1499120,11.312832509527224,842.2107181549072,849.0638737678528,3640.15625
wikidatawiki-20250601-pages-meta-history12.xml-p19780214p19824545.bz2,672.6681661605835,42815,1499373,35.019806142707,1846.81658244133,1970.1266446113586,40256.05078125
wikidatawiki-20250601-pages-meta-history27.xml-p89341509p89432786.bz2,1263.3883047103882,91013,1059946,11.646094513970532,907.4304220676422,932.9016873836517,11263.28125
wikidatawiki-20250601-pages-meta-history19.xml-p36081255p36113241.bz2,849.9959745407104,31902,623666,19.5494326374522,870.2125129699707,881.9828600883484,4878.05859375
wikidatawiki-20250601-pages-meta-history7.xml-p6520137p6562956.bz2,605.3430452346802,29867,1497673,50.1447416881508,657.9901967048645,667.1940286159515,21293.078125
wikidatawiki-20250601-pages-meta-history23.xml-p56925900p56926229.bz2,3987.1971139907837,328,25730,78.4451219512195,1028.840410232544,1101.2692918777466,8780.32421875
wikidatawiki-20250601-pages-meta-history5.xml-p3339149p3369786.bz2,553.0549421310425,28546,1499805,52.539935542632946,588.9148573875427,598.3405849933624,3827.09375
wikidatawiki-20250601-pages-meta-history23.xml-p56427022p56427214.bz2,4067.735152244568,188,23320,124.04255319148936,1046.5674407482147,1131.808666229248,36913.48046875
wikidatawiki-20250601-pages-meta-history26.xml-p87505698p87594144.bz2,1815.8224487304688,88111,1151273,13.066166539932585,1144.8652589321136,1603.0917525291443,32565.265625
wikidatawiki-20250601-pages-meta-history17.xml-p29776721p29784829.bz2,883.914192199707,8046,661925,82.26758637832464,864.7319149971008,872.3038423061371,5269.8046875
wikidatawiki-20250601-pages-meta-history27.xml-p90886588p90985331.bz2,1043.3101902008057,98400,1047334,10.643638211382115,862.363020658493,878.7797379493713,5571.57421875
wikidatawiki-20250601-pages-meta-history27.xml-p93561998p93716572.bz2,758.1245889663696,151812,1486185,9.789641135088136,861.45285820961,890.7046663761139,25516.56640625
wikidatawiki-20250601-pages-meta-history22.xml-p54526314p54596021.bz2,765.5400161743164,69063,1007750,14.59174956199412,1045.4782893657684,1244.1785814762115,4040.3203125
wikidatawiki-20250601-pages-meta-history15.xml-p26749874p26777958.bz2,819.5802698135376,27770,1469217,52.90662585523947,890.5223200321198,897.6409106254578,6988.08984375
wikidatawiki-20250601-pages-meta-history24.xml-p61137278p61304362.bz2,433.84087657928467,151347,1493468,9.867840128975137,523.8156876564026,582.1916832923889,33862.6171875
wikidatawiki-20250601-pages-meta-history1.xml-p412p461.bz2,3067.554186820984,25,20058,802.32,1185.0421664714813,1202.593089580536,53929.15625
wikidatawiki-20250601-pages-meta-history22.xml-p53406838p53465211.bz2,792.335675239563,58127,824317,14.181309890412374,861.7506432533264,1037.1102900505066,10463.19140625
wikidatawiki-20250601-pages-meta-history10.xml-p15083034p15117636.bz2,2388.8687858581543,27042,1300402,48.08823311885216,818.3479025363922,829.2744884490967,6725.55078125
wikidatawiki-20250601-pages-meta-history27.xml-p105852331p105930282.bz2,910.1582670211792,73761,1472658,19.96526619758409,545.0265786647797,552.2951192855835,9097.08203125
wikidatawiki-20250601-pages-meta-history19.xml-p36298946p36380608.bz2,840.3095684051514,81606,1148678,14.075901281768497,861.1658771038055,872.4290840625763,9023.109375
wikidatawiki-20250601-pages-meta-history24.xml-p61434981p61524148.bz2,553.2842044830322,87043,1486195,17.07426214629551,838.8887670040131,908.179205417633,3991.44921875
wikidatawiki-20250601-pages-meta-history27.xml-p100233996p100335664.bz2,483.86298656463623,97230,1486150,15.284891494394735,589.305202960968,719.4871320724487,4671.22265625
wikidatawiki-20250601-pages-meta-history19.xml-p38361218p38387919.bz2,786.724534034729,26583,584964,22.00519128766505,853.0130009651184,872.8990058898926,3449.33203125
wikidatawiki-20250601-pages-meta-history1.xml-p169749p172464.bz2,1361.8431768417358,2681,452262,168.69153301007086,916.6896421909332,938.5887100696564,22330.42578125
wikidatawiki-20250601-pages-meta-history10.xml-p15702933p15749787.bz2,286.33795833587646,45033,1497809,33.260253591810454,265.223482131958,293.17340755462646,4580.60546875
wikidatawiki-20250601-pages-meta-history27.xml-p117611758p117755599.bz2,427.3672523498535,136440,1471448,10.784579302257402,546.2347943782806,585.8897821903229,3812.68359375
wikidatawiki-20250601-pages-meta-history10.xml-p15541635p15577527.bz2,296.38995933532715,34654,1498896,43.25318866508917,295.5581727027893,304.33828115463257,4459.05078125
wikidatawiki-20250601-pages-meta-history25.xml-p70543347p70611281.bz2,678.7110118865967,67737,1136176,16.773343962679185,856.6089279651642,867.7551786899567,7019.5859375
wikidatawiki-20250601-pages-meta-history2.xml-p717138p729834.bz2,882.8488264083862,12445,1303792,104.76432302129369,934.1215236186981,945.3233547210693,25243.86328125
wikidatawiki-20250601-pages-meta-history25.xml-p70781448p70903763.bz2,691.6162815093994,121994,1361310,11.158827483318852,841.4830408096313,854.0295379161835,33877.953125
wikidatawiki-20250601-pages-meta-history24.xml-p65238189p65313398.bz2,519.5273303985596,69906,1476543,21.12183503561926,424.4083032608032,446.51512002944946,9337.8046875
wikidatawiki-20250601-pages-meta-history20.xml-p43461269p43519904.bz2,766.340874671936,58249,859862,14.761832821164312,857.2453889846802,1042.716412305832,4078.1953125
wikidatawiki-20250601-pages-meta-history8.xml-p9800412p9910665.bz2,323.49448108673096,60555,1499885,24.768970357526214,310.28481793403625,325.31178522109985,4701.28125
wikidatawiki-20250601-pages-meta-history23.xml-p56675100p56675299.bz2,4409.02206993103,161,26431,164.16770186335404,1128.9671249389648,1275.4212002754211,38613.796875
wikidatawiki-20250601-pages-meta-history27.xml-p96132463p96308975.bz2,558.0430879592896,172309,1488265,8.637186682065359,831.2560889720917,897.5247731208801,153732.86328125
wikidatawiki-20250601-pages-meta-history23.xml-p56819024p56819994.bz2,4117.052746772766,965,32394,33.56891191709845,1075.2656910419464,1239.539380788803,15603.76953125
wikidatawiki-20250601-pages-meta-history26.xml-p81400300p81474230.bz2,547.0938692092896,73653,1493815,20.281794360039644,736.2693033218384,880.1899216175079,3765.828125
wikidatawiki-20250601-pages-meta-history13.xml-p20063876p20107808.bz2,640.7581882476807,40525,1452481,35.841603948180136,919.8549294471741,991.3957879543304,6629.83984375
wikidatawiki-20250601-pages-meta-history4.xml-p2335445p2358365.bz2,553.4877920150757,22340,1500068,67.1471799462847,607.4148817062378,755.8345413208008,3972.66015625
wikidatawiki-20250601-pages-meta-history5.xml-p4020683p4052077.bz2,561.7948446273804,29577,1498034,50.64861209723772,584.9835665225983,755.533949136734,7471.91015625
wikidatawiki-20250601-pages-meta-history12.xml-p18884497p18924742.bz2,433.26115131378174,36447,1481181,40.63931187752078,458.6333453655243,572.1530013084412,153727.82421875
wikidatawiki-20250601-pages-meta-history23.xml-p56427215p56427667.bz2,3825.4030361175537,436,25425,58.31422018348624,978.8220372200012,1058.7122910022736,30730.0234375
wikidatawiki-20250601-pages-meta-history6.xml-p5028633p5062849.bz2,441.7352123260498,31241,1496128,47.88988828782689,566.9560651779175,764.0392880439758,9465.7109375
wikidatawiki-20250601-pages-meta-history3.xml-p1926324p1947088.bz2,746.5665292739868,20325,1500618,73.83114391143911,793.0699374675751,801.0341799259186,3935.84765625
wikidatawiki-20250601-pages-meta-history12.xml-p19824546p19876351.bz2,1281.7985181808472,46241,1468950,31.76726281871067,2000.097844839096,2040.006945848465,11690.0625
wikidatawiki-20250601-pages-meta-history19.xml-p36150695p36191900.bz2,768.5024824142456,41175,719114,17.46482088646023,870.3357856273651,987.1241705417633,5043.8671875
wikidatawiki-20250601-pages-meta-history17.xml-p31293564p31364691.bz2,497.05750942230225,70677,1497378,21.186213336729065,1432.1550831794739,1783.232275724411,12430.30859375
wikidatawiki-20250601-pages-meta-history27.xml-p98534825p98688294.bz2,519.2217845916748,120698,1181265,9.78694758819533,836.5125937461853,925.4473493099213,36280.390625
wikidatawiki-20250601-pages-meta-history20.xml-p43679175p43727015.bz2,753.2847681045532,47315,999450,21.123322413610907,914.9008853435516,1210.7596509456635,26231.55078125
wikidatawiki-20250601-pages-meta-history16.xml-p29451599p29499591.bz2,697.6517400741577,47279,1283295,27.143023329596648,1303.4852261543274,1314.898108959198,36358.00390625
wikidatawiki-20250601-pages-meta-history23.xml-p56905678p56924539.bz2,3606.61745262146,18783,370839,19.743331736144388,1094.4369876384735,1183.8891615867615,10294.796875
wikidatawiki-20250601-pages-meta-history27.xml-p106201964p106272172.bz2,336.54038524627686,65837,1475127,22.405744490180293,365.4174506664276,386.62968397140503,5026.5703125
wikidatawiki-20250601-pages-meta-history12.xml-p18192159p18256105.bz2,447.6502695083618,52170,1499242,28.737626988690817,415.7780246734619,513.6082026958466,4982.72265625
wikidatawiki-20250601-pages-meta-history8.xml-p10878392p11136391.bz2,304.59300327301025,77479,1499634,19.355360807444598,289.9988942146301,293.4803624153137,10326.82421875
wikidatawiki-20250601-pages-meta-history11.xml-p17058458p17092219.bz2,505.71271896362305,20367,1498005,73.5505965532479,560.5146281719208,564.4746716022491,3811.20703125
wikidatawiki-20250601-pages-meta-history19.xml-p37246430p37270955.bz2,762.2417879104614,24454,522124,21.35127177557864,849.0432605743408,860.8974905014038,3886.05859375
wikidatawiki-20250601-pages-meta-history25.xml-p70956805p70960732.bz2,726.074779510498,3915,262215,66.97701149425288,841.3913376331329,847.2902057170868,7408.84375
wikidatawiki-20250601-pages-meta-history23.xml-p56924540p56924869.bz2,4058.3767070770264,326,25645,78.66564417177914,1036.442514181137,1123.8311026096344,9434.48046875
wikidatawiki-20250601-pages-meta-history6.xml-p4999546p5028632.bz2,513.1587619781494,26297,1497972,56.963608016123516,532.1861884593964,539.44908618927,36136.79296875
wikidatawiki-20250601-pages-meta-history19.xml-p36998956p37028247.bz2,762.6823415756226,29142,567645,19.47858760551781,872.4935121536255,888.3898320198059,153679.97265625
wikidatawiki-20250601-pages-meta-history20.xml-p41144203p41170814.bz2,784.2168006896973,26558,755114,28.432637999849387,885.2869708538055,895.0177359580994,26735.8515625
wikidatawiki-20250601-pages-meta-history27.xml-p103925511p104046141.bz2,454.06949615478516,95551,1422535,14.887703948676624,391.9189932346344,400.2495641708374,5427.6171875
wikidatawiki-20250601-pages-meta-history23.xml-p56821776p56823845.bz2,3668.5363368988037,2059,71334,34.64497328800388,1033.381219625473,1090.143217086792,11838.01953125
wikidatawiki-20250601-pages-meta-history23.xml-p56620910p56625156.bz2,4566.416428565979,3477,77437,22.271210813920046,1205.380176782608,1361.9472298622131,17903.4296875
wikidatawiki-20250601-pages-meta-history27.xml-p115259964p115531209.bz2,682.899040222168,265974,1480506,5.566356109995714,610.2975678443909,650.9487750530243,8360.125
wikidatawiki-20250601-pages-meta-history26.xml-p80809718p80953354.bz2,772.9870882034302,142620,1461197,10.245386341326602,712.260185956955,733.6640455722809,10061.421875
wikidatawiki-20250601-pages-meta-history27.xml-p105774196p105852330.bz2,529.1593713760376,74464,1474409,19.80029275891706,416.3473947048187,433.8236358165741,5333.296875
wikidatawiki-20250601-pages-meta-history7.xml-p7561481p7608147.bz2,490.8053197860718,37482,1498411,39.97681553812497,484.46402049064636,507.2148928642273,36196.76953125
wikidatawiki-20250601-pages-meta-history27.xml-p117478836p117611757.bz2,507.0382299423218,123675,1399094,11.31266626238124,479.9066758155823,517.5597794055939,28205.71875
wikidatawiki-20250601-pages-meta-history4.xml-p2193140p2216346.bz2,624.3221893310547,22593,1500107,66.3969813659098,665.3743011951447,689.260892868042,9972.28125
wikidatawiki-20250601-pages-meta-history23.xml-p56820286p56821775.bz2,3617.740707397461,1481,62597,42.26671168129642,1020.0630059242249,1032.949599981308,36870.21875
wikidatawiki-20250601-pages-meta-history27.xml-p108071559p108225402.bz2,2127.4171562194824,147440,1395593,9.46549782962561,1502.0398819446564,2054.9570684432983,37408.09375
wikidatawiki-20250601-pages-meta-history27.xml-p95900027p96049922.bz2,743.8852891921997,144737,1480989,10.23227647388021,1101.9651737213135,1174.2769281864166,26065.203125
wikidatawiki-20250601-pages-meta-history16.xml-p29255663p29270626.bz2,687.4988565444946,14684,684683,46.627826205393625,863.8546423912048,1093.1710896492004,7476.625
wikidatawiki-20250601-pages-meta-history19.xml-p38831731p38861959.bz2,782.6435375213623,30206,638917,21.151989670926305,856.1176397800446,881.1934354305267,153693.32421875
wikidatawiki-20250601-pages-meta-history11.xml-p16339224p16368386.bz2,292.67339515686035,27833,1500089,53.89605863543276,307.07905411720276,386.8349287509918,36284.1796875
wikidatawiki-20250601-pages-meta-history23.xml-p57365365p57379262.bz2,3379.993571281433,13609,220590,16.209126313469028,1027.1538619995117,1194.911005973816,13542.03515625
wikidatawiki-20250601-pages-meta-history5.xml-p4399349p4452284.bz2,415.9256258010864,48160,1498870,31.122715946843854,400.18596482276917,561.78946352005,4425.63671875
wikidatawiki-20250601-pages-meta-history16.xml-p28020308p28148185.bz2,362.48093128204346,119189,1488449,12.488140684123534,344.48251032829285,351.0269317626953,4254.51953125
wikidatawiki-20250601-pages-meta-history7.xml-p7231221p7262225.bz2,481.2520751953125,28011,1499644,53.53768162507586,513.8733093738556,563.0276117324829,3926.80859375
wikidatawiki-20250601-pages-meta-history23.xml-p56430250p56432078.bz2,4050.73672580719,1551,37612,24.2501611863314,1076.2886228561401,1387.6502315998077,28935.515625
wikidatawiki-20250601-pages-meta-history26.xml-p78175096p78286871.bz2,820.6651210784912,111491,1498946,13.444547093487367,862.9851183891296,873.4090716838837,10101.6015625
wikidatawiki-20250601-pages-meta-history27.xml-p105673901p105774195.bz2,622.6628160476685,95562,1473226,15.416441681840062,425.5009877681732,470.02231216430664,4510.9375
wikidatawiki-20250601-pages-meta-history3.xml-p1135039p1154816.bz2,877.8751916885376,19401,1500606,77.34683779186639,938.5739569664001,944.1216521263123,5487.98046875
wikidatawiki-20250601-pages-meta-history3.xml-p1819091p1839620.bz2,639.1663885116577,20090,1499954,74.66172224987557,697.0775232315063,706.0471823215485,5192.0234375
wikidatawiki-20250601-pages-meta-history2.xml-p880304p891042.bz2,891.884687423706,10598,1219122,115.03321381392716,925.7815408706665,932.4713182449341,27083.26953125
wikidatawiki-20250601-pages-meta-history14.xml-p24076280p24135467.bz2,778.3743104934692,56279,1466754,26.062190159739867,575.7100715637207,641.7401080131531,155950.546875
wikidatawiki-20250601-pages-meta-history22.xml-p54596022p54669650.bz2,806.8724203109741,72856,1071395,14.70565224552542,1174.6367576122284,1359.0416712760925,10170.46875
wikidatawiki-20250601-pages-meta-history2.xml-p785952p796120.bz2,945.8182725906372,10032,1127085,112.34898325358851,928.1128947734833,935.452630519867,34807.2421875
wikidatawiki-20250601-pages-meta-history23.xml-p56487120p56534126.bz2,3500.0303745269775,44985,760878,16.91403801267089,1254.6260871887207,1422.5660991668701,16539.54296875
wikidatawiki-20250601-pages-meta-history25.xml-p70970217p70972508.bz2,705.1374807357788,2287,265193,115.95671184958461,828.7866764068604,841.7674694061279,3899.8046875
wikidatawiki-20250601-pages-meta-history12.xml-p17897288p17963137.bz2,445.17681312561035,52704,1475193,27.990152550091075,430.06559681892395,502.34794545173645,26999.828125
wikidatawiki-20250601-pages-meta-history25.xml-p74803230p74895718.bz2,419.95869636535645,92276,1499150,16.2463695868915,517.3322005271912,593.7417998313904,5887.50390625
wikidatawiki-20250601-pages-meta-history22.xml-p54073545p54141237.bz2,903.7464618682861,67268,867511,12.896340013082,1025.1787369251251,1195.3243052959442,36857.37890625
wikidatawiki-20250601-pages-meta-history17.xml-p31521351p31583304.bz2,472.9024143218994,60085,1475604,24.558608637763168,417.87526416778564,508.3487992286682,10452.171875
wikidatawiki-20250601-pages-meta-history22.xml-p54295176p54374954.bz2,740.9836330413818,78878,1178442,14.940059332133167,1203.4460382461548,1421.2396988868713,26344.3671875
wikidatawiki-20250601-pages-meta-history25.xml-p71672185p71734177.bz2,630.9796657562256,61264,972333,15.871196787673021,840.113272190094,870.4842307567596,10239.96484375
wikidatawiki-20250601-pages-meta-history2.xml-p550763p563256.bz2,873.4850254058838,12067,1323084,109.64481644153476,933.6815938949585,942.3177819252014,7746.0078125
wikidatawiki-20250601-pages-meta-history19.xml-p38999057p39023008.bz2,754.8161458969116,23855,522839,21.9173758121987,856.6155252456665,873.8923799991608,5201.56640625
wikidatawiki-20250601-pages-meta-history24.xml-p60192699p60242261.bz2,3530.00124835968,49063,686893,14.000224201536799,1117.8144044876099,1274.5248744487762,20062.609375
wikidatawiki-20250601-pages-meta-history19.xml-p37461774p37484473.bz2,747.9504232406616,22684,516216,22.75683301005114,863.1994552612305,874.3300755023956,5603.85546875
wikidatawiki-20250601-pages-meta-history9.xml-p12245938p12293631.bz2,448.3053169250488,38291,1495561,39.05776814395028,455.19650745391846,464.33838081359863,27053.421875
wikidatawiki-20250601-pages-meta-history19.xml-p36564913p36587621.bz2,770.1953639984131,22671,526150,23.208063164395043,869.399965763092,884.9164745807648,34515.078125
wikidatawiki-20250601-pages-meta-history10.xml-p14856978p14958962.bz2,336.87596702575684,51002,1494265,29.29816477785185,360.9675750732422,365.7414655685425,10297.10546875
wikidatawiki-20250601-pages-meta-history27.xml-p117755600p117998417.bz2,429.5766839981079,230813,1463701,6.341501561870432,504.81767988204956,529.2660698890686,26092.52734375
wikidatawiki-20250601-pages-meta-history26.xml-p83032424p83169099.bz2,847.2015628814697,134139,1464842,10.92032891254594,748.2856876850128,764.1230065822601,4367.49609375
wikidatawiki-20250601-pages-meta-history9.xml-p13859446p13998367.bz2,309.99423027038574,81137,1402460,17.285085719215648,345.1025826931,391.2723424434662,5452.1875
wikidatawiki-20250601-pages-meta-history14.xml-p23745496p23796934.bz2,1546.6856184005737,50410,1474373,29.24762943860345,822.7764024734497,911.9161400794983,13117.17578125
wikidatawiki-20250601-pages-meta-history26.xml-p87327859p87373277.bz2,1693.7374420166016,44749,581611,12.997184294621109,1247.388509273529,1274.3249294757843,178303.375
wikidatawiki-20250601-pages-meta-history14.xml-p23600675p23602698.bz2,6431.001832962036,1871,158528,84.72902191341528,1949.541852235794,2833.7043476104736,85958.66015625
wikidatawiki-20250601-pages-meta-history8.xml-p10536264p10878391.bz2,244.0189905166626,80258,1499981,18.689488898302972,245.61651873588562,249.29089426994324,25900.1328125
wikidatawiki-20250601-pages-meta-history19.xml-p37749326p37772868.bz2,750.0211000442505,23515,522618,22.22487773761429,845.3800919055939,868.2244482040405,9890.46875
wikidatawiki-20250601-pages-meta-history1.xml-p21201p25122.bz2,1166.3085689544678,3480,749870,215.47988505747125,936.6694900989532,940.6666979789734,6837.90234375
wikidatawiki-20250601-pages-meta-history27.xml-p125341276p125590829.bz2,425.1655693054199,231591,1433858,6.191337314489768,479.8228540420532,507.9724967479706,34788.3828125
wikidatawiki-20250601-pages-meta-history27.xml-p116670487p116905262.bz2,690.0330228805542,228411,1473870,6.452710246003914,777.1618592739105,799.3864278793335,12642.28515625
wikidatawiki-20250601-pages-meta-history27.xml-p115849202p116146451.bz2,484.97730350494385,290337,1474082,5.077141390866476,595.0298194885254,618.398788690567,27555.5546875
wikidatawiki-20250601-pages-meta-history8.xml-p11136392p11318202.bz2,260.6827573776245,74111,1499636,20.234998853071744,283.047513961792,287.4325957298279,25932.99609375
wikidatawiki-20250601-pages-meta-history24.xml-p63932821p64081745.bz2,1336.4048805236816,147889,1387675,9.383219847317921,1114.797120332718,1180.7888207435608,39486.1875
wikidatawiki-20250601-pages-meta-history16.xml-p28536317p28623899.bz2,333.51859283447266,87175,1488045,17.069630054488098,473.41785502433777,566.135107755661,166633.8203125
wikidatawiki-20250601-pages-meta-history14.xml-p23526952p23529706.bz2,3135.6012439727783,2646,94488,35.709750566893426,1044.8528079986572,2525.41716337204,72440.28515625
wikidatawiki-20250601-pages-meta-history23.xml-p56824456p56825086.bz2,4245.700304985046,623,28454,45.67255216693419,1090.3363575935364,1161.340786933899,9207.61328125
wikidatawiki-20250601-pages-meta-history26.xml-p76117712p76190371.bz2,741.0758514404297,72325,1448135,20.022606291047357,877.5667555332184,888.3354549407959,10475.1015625
wikidatawiki-20250601-pages-meta-history25.xml-p72336568p72395622.bz2,640.1888580322266,58868,1001259,17.008544540327513,850.7249381542206,855.7917964458466,5754.953125
wikidatawiki-20250601-pages-meta-history27.xml-p90675132p90773738.bz2,1584.9245471954346,98410,1069898,10.871842292449955,890.7474477291107,940.6842501163483,98726.8671875
wikidatawiki-20250601-pages-meta-history27.xml-p104864620p104888499.bz2,784.1264982223511,23141,636080,27.487144030076486,731.485622882843,736.2380042076111,34653.1796875
wikidatawiki-20250601-pages-meta-history23.xml-p56812901p56813100.bz2,3533.7145709991455,200,21359,106.795,921.8694968223572,1035.8349168300629,18653.0078125
wikidatawiki-20250601-pages-meta-history19.xml-p40033746p40066577.bz2,771.5187520980835,32645,596780,18.280900597334966,864.9823594093323,879.48357462883,9795.5
wikidatawiki-20250601-pages-meta-history26.xml-p86952965p86959638.bz2,1929.1416597366333,6508,120043,18.44545175169023,1132.3867502212524,1618.476718902588,33979.76171875
wikidatawiki-20250601-pages-meta-history22.xml-p53843974p53896327.bz2,1815.0894079208374,52058,621103,11.930980829075262,1004.9287264347076,1212.7108557224274,16812.32421875
wikidatawiki-20250601-pages-meta-history24.xml-p61591632p61684557.bz2,836.5045471191406,90874,1480743,16.294462662587758,950.5270164012909,1093.0771925449371,6514.7109375
wikidatawiki-20250601-pages-meta-history10.xml-p15508761p15541634.bz2,314.86015796661377,31708,1500281,47.315535511542826,323.5787456035614,330.1612455844879,34693.67578125
wikidatawiki-20250601-pages-meta-history14.xml-p23036887p23092153.bz2,936.5872993469238,49935,1444233,28.922258936617602,608.7117631435394,660.2117304801941,6872.98046875
wikidatawiki-20250601-pages-meta-history21.xml-p47607144p47658992.bz2,744.3470792770386,51795,1018388,19.661897866589438,915.4424865245819,927.8806462287903,26585.46484375
wikidatawiki-20250601-pages-meta-history19.xml-p36763702p36852906.bz2,853.1170835494995,89047,1051388,11.807113097577684,885.3703346252441,906.2549097537994,167030.546875
wikidatawiki-20250601-pages-meta-history25.xml-p70964797p70968213.bz2,718.5618286132812,3399,262485,77.22418358340688,821.5346639156342,832.9143176078796,10639.57421875
wikidatawiki-20250601-pages-meta-history19.xml-p40101133p40137166.bz2,767.1362628936768,35947,692096,19.25323392772693,882.2364559173584,921.3830704689026,73806.546875
wikidatawiki-20250601-pages-meta-history21.xml-p47471872p47544872.bz2,761.1320085525513,72734,1000439,13.754763934336074,1108.8488593101501,1314.7206664085388,28035.46875
wikidatawiki-20250601-pages-meta-history12.xml-p19467895p19545350.bz2,355.8968505859375,70033,1493193,21.321277112218525,370.0830957889557,474.89755034446716,5520.49609375
wikidatawiki-20250601-pages-meta-history4.xml-p2168446p2193139.bz2,534.2416410446167,24028,1499402,62.40228067254869,575.130450963974,677.8549017906189,4402.765625
wikidatawiki-20250601-pages-meta-history22.xml-p52135303p52175575.bz2,615.8428955078125,40025,1499404,37.46168644597127,855.399334192276,862.7324612140656,6440.33203125
wikidatawiki-20250601-pages-meta-history5.xml-p3958122p3988975.bz2,546.8351535797119,28543,1496457,52.428161020215114,561.6729640960693,612.0201094150543,4344.93359375
wikidatawiki-20250601-pages-meta-history26.xml-p86636994p86679571.bz2,1748.3295316696167,41764,491414,11.766449573795613,1094.6623005867004,1563.741933107376,29719.8359375
wikidatawiki-20250601-pages-meta-history5.xml-p3523031p3551486.bz2,490.01338386535645,26220,1498212,57.14004576659039,555.5886116027832,622.7541646957397,26306.33203125
wikidatawiki-20250601-pages-meta-history26.xml-p87119331p87134135.bz2,1918.5450229644775,14718,207860,14.122842777551298,1076.3823764324188,1499.2339420318604,55826.3046875
wikidatawiki-20250601-pages-meta-history2.xml-p457568p464714.bz2,985.4601907730103,7037,926582,131.672871962484,925.3536179065704,943.0191962718964,11565.6015625
wikidatawiki-20250601-pages-meta-history9.xml-p11770472p11802732.bz2,347.59949684143066,29856,1499842,50.23586548767417,376.0811381340027,437.7723696231842,5820.0859375
wikidatawiki-20250601-pages-meta-history22.xml-p53252434p53336541.bz2,712.059344291687,83617,1226041,14.662580575720249,1077.5372660160065,1311.6922671794891,98143.265625
wikidatawiki-20250601-pages-meta-history2.xml-p608369p618803.bz2,934.5195026397705,10038,1168288,116.38653118151026,933.9840884208679,995.1968731880188,35811.359375
wikidatawiki-20250601-pages-meta-history17.xml-p30083708p30138924.bz2,984.61354637146,52620,1499361,28.49412770809578,948.9483082294464,1005.925449848175,6032.5234375
wikidatawiki-20250601-pages-meta-history16.xml-p28948664p28977205.bz2,1054.7075023651123,27661,1030536,37.25591988720581,893.2176501750946,899.921669960022,7372.3671875
wikidatawiki-20250601-pages-meta-history15.xml-p25946749p26010420.bz2,322.9951410293579,61889,1484473,23.986055680330914,442.799058675766,606.3309991359711,10474.44140625
wikidatawiki-20250601-pages-meta-history20.xml-p41518806p41557089.bz2,747.173360824585,38018,779141,20.49400284075964,862.7435820102692,1097.6377918720245,11314.046875
wikidatawiki-20250601-pages-meta-history20.xml-p41040676p41067907.bz2,745.8685455322266,27212,730541,26.846281052476847,874.2556710243225,911.1145811080933,5520.37109375
wikidatawiki-20250601-pages-meta-history21.xml-p45633490p45698705.bz2,741.7989463806152,64956,1022278,15.738007266457295,1244.9652261734009,1489.3637082576752,6439.1484375
wikidatawiki-20250601-pages-meta-history27.xml-p96835221p96999561.bz2,1693.0373191833496,161454,1472184,9.118287561782303,1211.6410765647888,1260.0250515937805,29817.75
wikidatawiki-20250601-pages-meta-history7.xml-p6246699p6278397.bz2,490.54194259643555,27678,1495284,54.02427921092565,513.1319072246552,574.1842648983002,35328.90625
wikidatawiki-20250601-pages-meta-history14.xml-p23092154p23140489.bz2,990.1366996765137,43658,1414729,32.40480553392276,796.88587474823,810.1100976467133,7723.98046875
wikidatawiki-20250601-pages-meta-history27.xml-p108652313p108813121.bz2,1331.1163539886475,151949,1451314,9.551323141317152,1240.280681848526,1302.8906269073486,9774.74609375
wikidatawiki-20250601-pages-meta-history5.xml-p3789537p3828687.bz2,432.62460136413574,35060,1500096,42.78653736451797,489.33915853500366,630.0011689662933,5316.86328125
wikidatawiki-20250601-pages-meta-history27.xml-p99727286p99857485.bz2,904.2554397583008,125663,1489289,11.85145189912703,1066.6748740673065,1157.4226908683777,11700.5078125
wikidatawiki-20250601-pages-meta-history27.xml-p111403262p111571734.bz2,718.5277490615845,153256,1433454,9.353330375319727,668.8435318470001,706.6090326309204,98960.7734375
wikidatawiki-20250601-pages-meta-history22.xml-p55032563p55088360.bz2,1262.350393295288,55018,1132347,20.581391544585408,1283.9133594036102,1494.0917506217957,170381.90234375
wikidatawiki-20250601-pages-meta-history20.xml-p43999315p44061924.bz2,878.6301956176758,62317,1200572,19.265561564260153,1207.6640350818634,1422.4793391227722,74480.47265625
wikidatawiki-20250601-pages-meta-history20.xml-p40903391p40936875.bz2,730.4281911849976,33457,807688,24.14107660579251,874.5257489681244,1070.3060505390167,27123.1328125
wikidatawiki-20250601-pages-meta-history27.xml-p102509322p102609283.bz2,341.4369955062866,80912,1458436,18.02496539450267,449.51828122138977,497.90472888946533,5731.39453125
wikidatawiki-20250601-pages-meta-history27.xml-p118753531p118965733.bz2,393.8445405960083,154161,1246637,8.086591290923126,439.77078557014465,466.0246458053589,6224.39453125
wikidatawiki-20250601-pages-meta-history19.xml-p39327810p39371856.bz2,818.5515356063843,43747,788496,18.02400164582714,1082.5285241603851,1381.7004141807556,38062.1796875
wikidatawiki-20250601-pages-meta-history27.xml-p93716573p93828696.bz2,433.3757572174072,111647,1497790,13.415407489677287,583.2756769657135,672.0751452445984,98194.74609375
wikidatawiki-20250601-pages-meta-history3.xml-p1860291p1881606.bz2,611.1413221359253,20798,1500347,72.13900375036062,671.8317103385925,684.888516664505,8592.96875
wikidatawiki-20250601-pages-meta-history26.xml-p83181943p83181963.bz2,1323.414134979248,18,13794,766.3333333333334,563.0044140815735,1028.2438538074493,32677.96484375
wikidatawiki-20250601-pages-meta-history27.xml-p119452563p119649012.bz2,423.6158571243286,188151,1468207,7.803344122539875,651.165727853775,684.0785207748413,5781.59765625
wikidatawiki-20250601-pages-meta-history27.xml-p101633447p101719198.bz2,368.4214735031128,72850,1446634,19.85770761839396,352.24992322921753,406.20478081703186,37325.3203125
wikidatawiki-20250601-pages-meta-history1.xml-p347703p355370.bz2,954.6992502212524,7562,971470,128.46733668341707,928.330730676651,935.6018667221069,36067.56640625
wikidatawiki-20250601-pages-meta-history20.xml-p41196928p41229450.bz2,738.9343719482422,32370,806019,24.900185356811864,897.3232555389404,905.6076488494873,6851.52734375
wikidatawiki-20250601-pages-meta-history1.xml-p202175p204657.bz2,1265.6083145141602,2442,507368,207.76740376740378,938.9719462394714,998.698156118393,29220.6484375
wikidatawiki-20250601-pages-meta-history17.xml-p29765189p29776720.bz2,884.3717021942139,11163,729582,65.3571620532115,851.1222102642059,860.1967649459839,26513.9453125
wikidatawiki-20250601-pages-meta-history27.xml-p96647493p96835220.bz2,767.641842842102,182287,1447278,7.939556852655428,899.8959295749664,965.3279457092285,5607.85546875
wikidatawiki-20250601-pages-meta-history23.xml-p56812001p56812230.bz2,4749.733284950256,230,28684,124.71304347826087,1213.6571826934814,1384.8957469463348,20422.1953125
wikidatawiki-20250601-pages-meta-history17.xml-p31440499p31466978.bz2,631.0357294082642,26398,1036490,39.263959390862944,874.2443368434906,1058.0857045650482,6808.8828125
wikidatawiki-20250601-pages-meta-history9.xml-p11714229p11744138.bz2,343.59246730804443,27859,1483230,53.24060447252234,376.2069239616394,382.66474533081055,37142.04296875
wikidatawiki-20250601-pages-meta-history27.xml-p108388219p108487739.bz2,1805.1506795883179,86894,1006311,11.580903169378784,1103.4990816116333,1630.435391664505,49473.546875
wikidatawiki-20250601-pages-meta-history27.xml-p93439665p93561997.bz2,1119.7360553741455,121962,1330023,10.905224578147292,1048.3419620990753,1125.4330773353577,11394.05859375
wikidatawiki-20250601-pages-meta-history27.xml-p117128907p117298422.bz2,691.4659729003906,149785,1407182,9.394679039957271,652.8924114704132,664.7488279342651,8785.53515625
wikidatawiki-20250601-pages-meta-history14.xml-p24670943p24707211.bz2,2253.527823448181,34888,1153385,33.059648016509975,1025.0863437652588,1417.932011604309,185863.19921875
wikidatawiki-20250601-pages-meta-history26.xml-p77440104p77572411.bz2,814.9434223175049,131994,1495721,11.331734775823143,778.2651221752167,793.3843128681183,8769.453125
wikidatawiki-20250601-pages-meta-history20.xml-p40709194p40744361.bz2,742.7794952392578,35049,922714,26.3264001826015,882.2070796489716,899.9093017578125,98314.9375
wikidatawiki-20250601-pages-meta-history11.xml-p16444232p16495161.bz2,330.3508424758911,49698,1491699,30.01527224435591,268.91111612319946,309.38310408592224,175373.76171875
wikidatawiki-20250601-pages-meta-history25.xml-p70046453p70157768.bz2,671.3850927352905,105653,1257025,11.89767446262766,847.4894742965698,854.1553664207458,4804.09375
wikidatawiki-20250601-pages-meta-history13.xml-p20239316p20292939.bz2,593.8317470550537,48878,1453353,29.7342976390196,419.6096260547638,435.26090574264526,6783.18359375
wikidatawiki-20250601-pages-meta-history12.xml-p19582076p19598227.bz2,632.3270130157471,15447,1452659,94.04149673075678,840.4276950359344,1805.5322275161743,81599.25
wikidatawiki-20250601-pages-meta-history26.xml-p86574095p86636993.bz2,1822.5659408569336,62338,810297,12.998443966761847,967.147088766098,1001.8377010822296,55645.1171875
wikidatawiki-20250601-pages-meta-history18.xml-p31923557p31971619.bz2,1025.5303411483765,46231,1064032,23.015552335013304,888.6364052295685,919.9684257507324,13192.60546875
wikidatawiki-20250601-pages-meta-history20.xml-p45032838p45102355.bz2,746.9348182678223,69266,1042304,15.04784454133341,1176.6118981838226,1353.5818269252777,6306.625
wikidatawiki-20250601-pages-meta-history1.xml-p192225p197601.bz2,1102.456953048706,5304,791187,149.16798642533936,918.7792599201202,928.4662699699402,38175.11328125
wikidatawiki-20250601-pages-meta-history16.xml-p29104935p29127767.bz2,813.7225751876831,22533,1135452,50.39062708028225,871.6323688030243,877.6018309593201,10532.953125
wikidatawiki-20250601-pages-meta-history18.xml-p33252598p33377329.bz2,410.2808961868286,120545,1493730,12.3914720643743,524.2767205238342,593.1442770957947,98348.859375
wikidatawiki-20250601-pages-meta-history26.xml-p79905242p80037306.bz2,776.8472881317139,131649,1498317,11.381149875806122,723.5461015701294,740.2613081932068,9201.5078125
wikidatawiki-20250601-pages-meta-history19.xml-p38606777p38632517.bz2,740.5275993347168,25721,564954,21.964698106605496,845.7206115722656,858.0831701755524,4790.8046875
wikidatawiki-20250601-pages-meta-history27.xml-p108225403p108300900.bz2,2312.65247631073,70242,786492,11.196890749124455,1057.8254733085632,1401.7825827598572,42009.046875
wikidatawiki-20250601-pages-meta-history11.xml-p17375739p17408019.bz2,1167.8154964447021,31857,1480251,46.46548639231566,536.8630492687225,540.1631939411163,9420.484375
wikidatawiki-20250601-pages-meta-history6.xml-p4761810p4796021.bz2,497.2630624771118,31623,1492677,47.202257850298835,493.34292125701904,588.0120704174042,1620.7578125
wikidatawiki-20250601-pages-meta-history15.xml-p26992477p27063306.bz2,307.84157276153564,66959,1499892,22.400155318926508,312.40722942352295,323.6592185497284,4923.4140625
wikidatawiki-20250601-pages-meta-history14.xml-p23854817p23912125.bz2,531.7627296447754,55987,1479519,26.426116777108973,359.59475922584534,451.46549248695374,5960.546875
wikidatawiki-20250601-pages-meta-history27.xml-p89758592p89867831.bz2,893.9354219436646,108949,1201145,11.024837309199718,827.6903388500214,841.9656574726105,12154.93359375
wikidatawiki-20250601-pages-meta-history8.xml-p7957990p7995966.bz2,454.34433364868164,33723,1499936,44.47813065267029,460.5989842414856,499.9732346534729,27367.984375
wikidatawiki-20250601-pages-meta-history26.xml-p87888248p87978279.bz2,1373.9910287857056,89743,1168480,13.020291276199815,908.4726078510284,1118.5567164421082,28162.8046875
wikidatawiki-20250601-pages-meta-history23.xml-p56538868p56544359.bz2,4081.7664155960083,5085,109132,21.46155358898722,1089.5206999778748,1208.825477361679,17133.14453125
wikidatawiki-20250601-pages-meta-history26.xml-p87688785p87754678.bz2,1729.281762123108,65612,870903,13.273532280680364,1020.3134741783142,1461.1220259666443,182818.00390625
wikidatawiki-20250601-pages-meta-history23.xml-p56926981p56927480.bz2,4173.113942146301,498,31523,63.299196787148595,1042.1600153446198,1110.4788002967834,11513.51953125
wikidatawiki-20250601-pages-meta-history21.xml-p46009857p46088567.bz2,758.4626064300537,78448,1144893,14.594291760146849,1114.967035293579,1278.3269228935242,11220.1953125
wikidatawiki-20250601-pages-meta-history16.xml-p29499592p29555777.bz2,714.3974752426147,54249,1473545,27.16262050913381,483.8796784877777,505.0320885181427,25197.1015625
wikidatawiki-20250601-pages-meta-history26.xml-p83180821p83181942.bz2,3287.504910469055,1119,35223,31.47721179624665,1303.7262601852417,1863.6043548583984,47377.96484375
wikidatawiki-20250601-pages-meta-history22.xml-p52860856p52943809.bz2,789.3332672119141,81970,1010862,12.332097108698305,1102.3238694667816,1295.2426662445068,2976.16796875
wikidatawiki-20250601-pages-meta-history27.xml-p100414262p100486896.bz2,391.05699348449707,69648,1483186,21.29545715598438,488.33783864974976,561.6031286716461,1283.46875
wikidatawiki-20250601-pages-meta-history24.xml-p65099935p65184418.bz2,342.1264457702637,83448,1494467,17.908961269293453,395.7401661872864,403.3548061847687,756.6953125
wikidatawiki-20250601-pages-meta-history10.xml-p15240037p15267892.bz2,470.64129543304443,25619,1478361,57.70564815176236,398.28487730026245,407.69924092292786,24706.37109375
wikidatawiki-20250601-pages-meta-history27.xml-p114757322p115032976.bz2,534.6145143508911,267782,1474872,5.507733902950908,660.7751395702362,697.7386734485626,1282.2578125
wikidatawiki-20250601-pages-meta-history6.xml-p6046949p6052571.bz2,84.43502521514893,4804,249134,51.85970024979184,89.64255142211914,92.5330319404602,24570.3203125
wikidatawiki-20250601-pages-meta-history1.xml-p187816p190042.bz2,1355.268690109253,2183,435268,199.38983050847457,913.1145076751709,933.1722750663757,21545.6484375
wikidatawiki-20250601-pages-meta-history4.xml-p2783843p2810942.bz2,548.8151512145996,25841,1500517,58.06729615726945,589.4241940975189,596.9173157215118,958.765625
wikidatawiki-20250601-pages-meta-history18.xml-p35668561p35693122.bz2,784.9718532562256,24500,603684,24.64016326530612,864.614207983017,874.6651372909546,2390.9921875
wikidatawiki-20250601-pages-meta-history1.xml-p37668p40447.bz2,1495.8044691085815,2712,530406,195.57743362831857,924.0987131595612,932.45907330513,3764.8515625
wikidatawiki-20250601-pages-meta-history26.xml-p76354137p76441602.bz2,695.4508953094482,86367,1490856,17.261870853450972,717.256240606308,723.292918920517,739.6171875
wikidatawiki-20250601-pages-meta-history1.xml-p7051p8649.bz2,1553.736548423767,1456,487942,335.125,927.3082139492035,948.8590490818024,4606.77734375
wikidatawiki-20250601-pages-meta-history20.xml-p40859725p40903390.bz2,724.9735994338989,43606,904621,20.745333211026004,873.116682767868,964.6333770751953,1441.55078125
wikidatawiki-20250601-pages-meta-history20.xml-p43727016p43779551.bz2,745.1232423782349,52448,812513,15.491782336790726,869.4548494815826,974.1395576000214,2327.40234375
wikidatawiki-20250601-pages-meta-history6.xml-p5714839p5758103.bz2,462.0347623825073,35131,1497854,42.63624718909225,501.14512300491333,520.8505389690399,2647.0234375
wikidatawiki-20250601-pages-meta-history17.xml-p31103796p31166808.bz2,541.4120492935181,61747,1486238,24.069800961990055,524.9084484577179,584.4319779872894,1622.625
wikidatawiki-20250601-pages-meta-history12.xml-p18727644p18773686.bz2,435.16577434539795,40122,1477745,36.8312895668212,377.3912134170532,385.9881408214569,2493.5546875
wikidatawiki-20250601-pages-meta-history25.xml-p72395623p72462644.bz2,647.0615282058716,66899,1044840,15.61817067519694,848.2689845561981,856.7098717689514,45030.73828125
wikidatawiki-20250601-pages-meta-history3.xml-p1114932p1135038.bz2,799.6401205062866,19488,1498847,76.91127873563218,862.5778834819794,868.9181396961212,1164.61328125
wikidatawiki-20250601-pages-meta-history23.xml-p57629705p57638704.bz2,3439.072367668152,8969,167345,18.658155870219645,1019.53528881073,1031.000757932663,9435.921875
wikidatawiki-20250601-pages-meta-history8.xml-p9302767p9378542.bz2,397.2342119216919,57033,1498308,26.27089579717006,396.20449328422546,403.6747980117798,1305.65234375
wikidatawiki-20250601-pages-meta-history25.xml-p70453698p70543346.bz2,660.0643062591553,88234,1246375,14.12579051159417,855.5564098358154,862.4220225811005,20841.16015625
wikidatawiki-20250601-pages-meta-history27.xml-p92422171p92535891.bz2,772.5190362930298,113075,1481476,13.101711253592748,699.5075981616974,711.4671223163605,3603.1015625
wikidatawiki-20250601-pages-meta-history26.xml-p86946683p86952964.bz2,2488.454955101013,6246,112640,18.03394172270253,1276.7052104473114,1680.1549062728882,35624.09375
wikidatawiki-20250601-pages-meta-history19.xml-p39532938p39564926.bz2,788.7219934463501,31678,611536,19.304754088010608,865.4649047851562,878.8337166309357,1352.5234375
wikidatawiki-20250601-pages-meta-history24.xml-p62193329p62285215.bz2,1583.2298421859741,91185,1090252,11.956484070844985,970.9692080020905,1001.600100517273,13665.27734375
wikidatawiki-20250601-pages-meta-history25.xml-p70263711p70366275.bz2,675.6093978881836,102155,1289311,12.621124761392002,852.6382479667664,862.8729178905487,1157.00390625
wikidatawiki-20250601-pages-meta-history19.xml-p39879403p39925807.bz2,764.5626811981201,46362,913400,19.701479660066433,881.132853269577,912.9882392883301,1132.33203125
wikidatawiki-20250601-pages-meta-history23.xml-p57095823p57165955.bz2,2289.5845804214478,68845,1068892,15.526065799985474,1333.2828521728516,1713.400019645691,23727.46484375
wikidatawiki-20250601-pages-meta-history1.xml-p13803p15595.bz2,1592.3695068359375,1409,429256,304.652945351313,912.6912021636963,1014.5736711025238,12549.84765625
wikidatawiki-20250601-pages-meta-history23.xml-p59178982p59293534.bz2,1399.9324655532837,112688,1468156,13.028503478631265,1220.4834961891174,1294.4338314533234,27858.16796875
wikidatawiki-20250601-pages-meta-history9.xml-p12537380p12594689.bz2,355.73141860961914,54163,1498487,27.66624817679966,371.0944571495056,467.4193193912506,1458.37890625
wikidatawiki-20250601-pages-meta-history27.xml-p104319145p104468183.bz2,743.4135999679565,145484,1488748,10.23307030326359,721.9491353034973,730.0190966129303,45265.078125
wikidatawiki-20250601-pages-meta-history27.xml-p111093774p111100942.bz2,284.4734935760498,7080,1500015,211.8665254237288,566.5938532352448,576.1559879779816,1430.25
wikidatawiki-20250601-pages-meta-history13.xml-p19883158p19955883.bz2,480.4407625198364,61735,1493979,24.199870413865717,429.29157423973083,516.6452062129974,3914.96484375
wikidatawiki-20250601-pages-meta-history23.xml-p56816442p56816721.bz2,4120.036313056946,280,25389,90.675,1069.688268661499,1220.428834438324,15102.1328125
wikidatawiki-20250601-pages-meta-history11.xml-p17132349p17151769.bz2,452.0099458694458,19067,1499084,78.62191220433209,509.1415033340454,515.7352063655853,1018.671875
wikidatawiki-20250601-pages-meta-history10.xml-p16050871p16083647.bz2,348.18959617614746,31427,1491741,47.4668597066217,359.9667944908142,368.8947010040283,13476.8828125
wikidatawiki-20250601-pages-meta-history10.xml-p15794595p15849020.bz2,346.5595579147339,53001,1493467,28.178090979415483,251.7905330657959,265.0851504802704,45271.3671875
wikidatawiki-20250601-pages-meta-history13.xml-p21526642p21575508.bz2,401.5469551086426,45584,1489200,32.669357669357666,418.173921585083,517.9331572055817,1424.11328125
wikidatawiki-20250601-pages-meta-history2.xml-p868753p880303.bz2,862.853440284729,11355,1266311,111.52012329370321,922.9337313175201,934.3827095031738,1333.91796875
wikidatawiki-20250601-pages-meta-history4.xml-p2993368p3018916.bz2,579.7817144393921,24108,1500190,62.22789115646258,652.1192109584808,669.9202845096588,1363.75
wikidatawiki-20250601-pages-meta-history20.xml-p44160767p44193731.bz2,709.8142461776733,32728,806948,24.656196528966024,866.1440289020538,886.2247893810272,29683.6015625
wikidatawiki-20250601-pages-meta-history21.xml-p46395193p46476638.bz2,784.0073003768921,81063,1240404,15.301728285407647,1128.61443567276,1322.1485624313354,1895.9375
wikidatawiki-20250601-pages-meta-history9.xml-p11744139p11770471.bz2,334.3355884552002,24773,1499879,60.54490776248335,368.7153012752533,372.25949692726135,4922.50390625
wikidatawiki-20250601-pages-meta-history25.xml-p74895719p75001169.bz2,409.9655809402466,105326,1499138,14.233313711714107,591.2438559532166,654.9358203411102,27245.6953125
wikidatawiki-20250601-pages-meta-history20.xml-p42194885p42237874.bz2,1120.380648612976,42875,808127,18.848443148688048,906.0976710319519,940.7271113395691,8870.05859375
wikidatawiki-20250601-pages-meta-history27.xml-p102144605p102243669.bz2,347.69641399383545,92699,1464187,15.795067907960172,405.66049456596375,456.4608359336853,1677.41015625
wikidatawiki-20250601-pages-meta-history21.xml-p49265915p49325404.bz2,762.8314962387085,59265,784500,13.237155150594786,1129.5194165706635,1360.0351088047028,21790.71484375
wikidatawiki-20250601-pages-meta-history1.xml-p92982p100230.bz2,936.7260084152222,6881,1028107,149.41244005231798,921.1024181842804,925.1909816265106,2323.2578125
wikidatawiki-20250601-pages-meta-history11.xml-p16669066p16718616.bz2,518.1070566177368,46804,1477851,31.575314075720023,495.6942472457886,502.87260270118713,1450.65234375
wikidatawiki-20250601-pages-meta-history27.xml-p111086127p111093773.bz2,283.3459987640381,7500,1500822,200.1096,566.6021835803986,568.3286290168762,1005.1953125
wikidatawiki-20250601-pages-meta-history27.xml-p89531077p89633144.bz2,854.8204736709595,101800,1155693,11.352583497053045,854.1229476928711,916.1972923278809,2263.58203125
wikidatawiki-20250601-pages-meta-history1.xml-p197602p202174.bz2,1109.375548362732,4502,750359,166.6723678365171,906.844925403595,916.8140909671783,2656.28515625
wikidatawiki-20250601-pages-meta-history18.xml-p35862101p35886910.bz2,788.3835544586182,24724,545072,22.04627082996279,856.2445006370544,872.4923484325409,45747.10546875
wikidatawiki-20250601-pages-meta-history5.xml-p3257939p3283838.bz2,530.8818321228027,24848,1500519,60.38791854475209,578.3736956119537,585.509016752243,2024.70703125
wikidatawiki-20250601-pages-meta-history20.xml-p44759406p44827650.bz2,734.4125118255615,68147,1049463,15.399988260671783,1090.7915241718292,1305.2820711135864,18681.90234375
wikidatawiki-20250601-pages-meta-history25.xml-p68589605p68703633.bz2,1291.449725151062,113813,1310230,11.512129545833956,1008.1620161533356,1096.2907130718231,5063.23828125
wikidatawiki-20250601-pages-meta-history19.xml-p38583039p38606776.bz2,781.9882259368896,23725,528733,22.285900948366702,897.6567208766937,918.2140505313873,30060.54296875
wikidatawiki-20250601-pages-meta-history15.xml-p26672588p26749873.bz2,276.213680267334,74818,1492304,19.94578844663049,434.4463584423065,543.0165734291077,2505.1328125
wikidatawiki-20250601-pages-meta-history14.xml-p24992238p25024140.bz2,461.0966205596924,30426,1338835,44.00299086307763,549.164717912674,568.101729631424,22358.59765625
wikidatawiki-20250601-pages-meta-history9.xml-p12646366p12698347.bz2,381.42809772491455,50376,1497792,29.732253454025727,362.7682886123657,478.8791947364807,1607.42578125
wikidatawiki-20250601-pages-meta-history27.xml-p112758346p112995995.bz2,496.77065658569336,231176,1477468,6.391095961518497,772.4553737640381,806.7795655727386,7603.5234375
wikidatawiki-20250601-pages-meta-history15.xml-p26375974p26436667.bz2,417.9839448928833,60034,1490525,24.82801412532898,748.9142179489136,820.6345160007477,3742.4140625
wikidatawiki-20250601-pages-meta-history12.xml-p18547990p18608030.bz2,654.3483047485352,52981,1469933,27.74453105830392,504.30209016799927,620.4349880218506,4861.3515625
wikidatawiki-20250601-pages-meta-history9.xml-p13123930p13208320.bz2,358.8230171203613,47337,1492362,31.526332467203243,391.1163692474365,511.23632645606995,18438.640625
wikidatawiki-20250601-pages-meta-history24.xml-p61304363p61353765.bz2,2713.9326133728027,48809,901445,18.468827470343584,1068.4116349220276,1132.500791311264,8422.84765625
wikidatawiki-20250601-pages-meta-history7.xml-p7476435p7518771.bz2,418.05417823791504,38667,1499815,38.787984586339775,418.44401597976685,509.32373547554016,3140.08203125
wikidatawiki-20250601-pages-meta-history23.xml-p57849308p57960132.bz2,2443.2407445907593,108815,1422458,13.072260258236456,1616.0915968418121,1775.1349592208862,14296.609375
wikidatawiki-20250601-pages-meta-history16.xml-p29316328p29332309.bz2,732.0778789520264,15771,904745,57.367636801724686,863.8746073246002,873.2224988937378,2042.1875
wikidatawiki-20250601-pages-meta-history23.xml-p56675300p56675573.bz2,4408.805233001709,266,28334,106.5187969924812,1124.2199420928955,1313.6595590114594,32639.82421875
wikidatawiki-20250601-pages-meta-history11.xml-p17112271p17132348.bz2,437.75372219085693,19505,1498930,76.8485003845168,487.1888892650604,492.51974272727966,1632.4375
wikidatawiki-20250601-pages-meta-history5.xml-p4052078p4081105.bz2,486.9913787841797,26169,1499172,57.28808896022011,505.4529867172241,512.260561466217,21241.62109375
wikidatawiki-20250601-pages-meta-history25.xml-p71810849p71908492.bz2,650.2940988540649,96871,1251506,12.919305055176471,848.0836100578308,867.2436609268188,45600.78125
wikidatawiki-20250601-pages-meta-history15.xml-p26281398p26313449.bz2,720.2985525131226,31190,1497022,47.99685796729721,829.6215088367462,918.5884051322937,2444.19921875
wikidatawiki-20250601-pages-meta-history7.xml-p6676282p6718393.bz2,484.9591474533081,29802,1498078,50.267700154352056,523.5282185077667,529.6065955162048,11483.54296875
wikidatawiki-20250601-pages-meta-history26.xml-p84265266p84345792.bz2,796.6751127243042,77995,1168277,14.978870440412846,879.7718093395233,895.6443235874176,7341.59765625
wikidatawiki-20250601-pages-meta-history26.xml-p75798894p75910637.bz2,559.2480602264404,111235,1494451,13.43507888704095,561.6660454273224,588.4231944084167,4126.42578125
wikidatawiki-20250601-pages-meta-history26.xml-p81693771p81766518.bz2,477.9109230041504,72652,1491952,20.535594340142048,456.6516590118408,542.6778807640076,31099.41796875
wikidatawiki-20250601-pages-meta-history22.xml-p51002285p51080118.bz2,874.1824865341187,77497,976103,12.595364981870265,1214.3112885951996,1386.7701728343964,6255.8046875
wikidatawiki-20250601-pages-meta-history26.xml-p76441603p76534571.bz2,758.1841888427734,92501,1496809,16.181543983308288,854.6664447784424,869.2541778087616,18378.53125
wikidatawiki-20250601-pages-meta-history17.xml-p29952644p29982329.bz2,908.193600654602,29504,1499492,50.82334598698482,818.1143808364868,1066.6167433261871,5184.390625
wikidatawiki-20250601-pages-meta-history27.xml-p125831816p126163541.bz2,584.959210395813,323140,1471362,4.55332673144767,622.4273550510406,643.7432498931885,46011.19140625
wikidatawiki-20250601-pages-meta-history19.xml-p38227890p38257918.bz2,797.8561658859253,30010,586279,19.536121292902365,863.9872076511383,880.3992247581482,3410.40234375
wikidatawiki-20250601-pages-meta-history25.xml-p72277924p72336567.bz2,633.825605392456,58548,1007061,17.20060463209674,842.7197804450989,851.0518946647644,3493.1015625
wikidatawiki-20250601-pages-meta-history27.xml-p107683828p107787270.bz2,1178.4927225112915,99601,1482597,14.885362596761077,759.0499932765961,801.0133190155029,7275.97265625
wikidatawiki-20250601-pages-meta-history26.xml-p86486392p86486461.bz2,2272.054015159607,70,26840,383.42857142857144,1025.077315568924,1363.2497551441193,33917.5234375
wikidatawiki-20250601-pages-meta-history20.xml-p41130566p41144202.bz2,2116.5973234176636,13581,404031,29.74972387894853,932.6041674613953,1429.4290058612823,55542.51953125
wikidatawiki-20250601-pages-meta-history18.xml-p35071714p35095909.bz2,754.147777557373,24156,528086,21.861483689352543,862.6027450561523,885.5442597866058,21444.1796875
wikidatawiki-20250601-pages-meta-history21.xml-p47698228p47751208.bz2,740.8855104446411,52878,1026107,19.405177956806234,947.9876391887665,1196.0318596363068,5837.5234375
wikidatawiki-20250601-pages-meta-history16.xml-p28770448p28790558.bz2,1028.1031131744385,19210,918047,47.79005726184279,857.4089770317078,887.548196554184,11789.39453125
wikidatawiki-20250601-pages-meta-history8.xml-p8346241p8396815.bz2,323.77806091308594,39953,1499479,37.53107401196406,373.2757737636566,382.4881761074066,3207.68359375
wikidatawiki-20250601-pages-meta-history5.xml-p3225687p3257938.bz2,511.6452827453613,30566,1499676,49.06353464633907,533.7108089923859,575.7284829616547,2026.11328125
wikidatawiki-20250601-pages-meta-history4.xml-p2216347p2240446.bz2,591.3375520706177,23386,1497918,64.0519113999829,603.747674703598,619.1795601844788,5635.5703125
wikidatawiki-20250601-pages-meta-history7.xml-p6345069p6379656.bz2,475.6668367385864,28936,1495676,51.68910699474703,511.4111466407776,520.3605201244354,2324.3828125
wikidatawiki-20250601-pages-meta-history6.xml-p5160364p5196885.bz2,500.9966058731079,32286,1497656,46.3871647153565,494.4791305065155,543.1552271842957,46253.46875
wikidatawiki-20250601-pages-meta-history17.xml-p30249348p30269607.bz2,728.3577899932861,20131,662215,32.89528587750236,861.6536846160889,984.1565706729889,8482.38671875
wikidatawiki-20250601-pages-meta-history12.xml-p19275942p19368211.bz2,334.71940326690674,63312,1492648,23.576067728076826,319.92554664611816,345.8557860851288,2362.53515625
wikidatawiki-20250601-pages-meta-history4.xml-p2475907p2497575.bz2,588.8524074554443,21205,1499815,70.72930912520631,638.2699196338654,647.8112938404083,42950.7578125
wikidatawiki-20250601-pages-meta-history25.xml-p70989009p71127691.bz2,688.282054901123,138366,1356479,9.803557232268043,978.304536819458,1054.481614112854,31223.55859375
wikidatawiki-20250601-pages-meta-history20.xml-p45447651p45515398.bz2,741.7353982925415,67526,1058106,15.669608743298877,1217.7069618701935,1463.9226880073547,3028.8515625
wikidatawiki-20250601-pages-meta-history27.xml-p89171568p89250595.bz2,1200.8074445724487,78806,877970,11.14090297693069,989.9821074008942,1070.7862644195557,44564.36328125
wikidatawiki-20250601-pages-meta-history6.xml-p4696499p4729937.bz2,465.29318141937256,30249,1498745,49.54692717114615,469.110239982605,475.06203150749207,45900.0625
wikidatawiki-20250601-pages-meta-history2.xml-p935043p952745.bz2,888.1663904190063,16838,1390715,82.59383537237201,929.6667931079865,938.2767035961151,5643.30078125
wikidatawiki-20250601-pages-meta-history19.xml-p37824738p37852239.bz2,752.4501075744629,27442,598383,21.805371328620364,866.836172580719,872.6862926483154,21896.50390625
wikidatawiki-20250601-pages-meta-history27.xml-p116905263p117128906.bz2,588.0062122344971,198739,1410304,7.096261931477969,647.7265675067902,694.2230472564697,2829.71875
wikidatawiki-20250601-pages-meta-history1.xml-p165825p169748.bz2,1239.4280681610107,3847,620153,161.20431505068885,918.4774401187897,925.6264231204987,7659.94921875
wikidatawiki-20250601-pages-meta-history26.xml-p83736143p83850983.bz2,1337.2273178100586,114138,1189897,10.425073157055495,1034.7553689479828,1100.8001005649567,28889.26171875
wikidatawiki-20250601-pages-meta-history14.xml-p23262754p23294059.bz2,413.1948022842407,30984,1492066,48.15601600826233,387.63418340682983,401.42773389816284,43106.89453125
wikidatawiki-20250601-pages-meta-history24.xml-p64878157p65099934.bz2,341.5879135131836,205695,1495859,7.27221857604706,300.037606716156,307.4476389884949,46032.60546875
wikidatawiki-20250601-pages-meta-history19.xml-p39738609p39783296.bz2,754.7644929885864,44491,843314,18.95470994133645,990.1604180335999,1259.663119316101,3395.04296875
wikidatawiki-20250601-pages-meta-history19.xml-p38333187p38361217.bz2,792.2526912689209,27723,561084,20.238935180175307,846.5014460086823,857.7210731506348,7764.61328125
wikidatawiki-20250601-pages-meta-history8.xml-p9027829p9091766.bz2,391.00410652160645,47359,1495124,31.570007812664965,384.6327278614044,393.4687964916229,43173.609375
wikidatawiki-20250601-pages-meta-history25.xml-p74257956p74424011.bz2,768.6927804946899,165589,1496524,9.03758099873784,1079.987719297409,1161.5248744487762,6089.64453125
wikidatawiki-20250601-pages-meta-history20.xml-p41229451p41264760.bz2,725.6863069534302,35190,896913,25.487723785166242,886.7490572929382,895.2437324523926,2979.7890625
wikidatawiki-20250601-pages-meta-history22.xml-p53110394p53182728.bz2,803.3684329986572,71959,1221539,16.975486040662044,1143.7542214393616,1373.0219161510468,12883.29296875
wikidatawiki-20250601-pages-meta-history19.xml-p39564927p39595875.bz2,850.8262157440186,30732,572336,18.623454379799558,870.351057767868,894.7327907085419,31591.26953125
wikidatawiki-20250601-pages-meta-history1.xml-p40448p43436.bz2,1396.234637260437,2953,576530,195.2353538774128,939.5101647377014,947.5212249755859,3666.484375
wikidatawiki-20250601-pages-meta-history1.xml-p155833p157974.bz2,1175.039379119873,2130,548642,257.5784037558685,907.9909439086914,915.479510307312,31325.98046875
wikidatawiki-20250601-pages-meta-history19.xml-p37484474p37507210.bz2,747.9379415512085,22702,505118,22.249933926526296,853.5383937358856,866.298181772232,3926.31640625
wikidatawiki-20250601-pages-meta-history26.xml-p79255552p79386973.bz2,737.6491756439209,131061,1497728,11.427716864666072,715.657256603241,735.7759218215942,5662.48828125
wikidatawiki-20250601-pages-meta-history23.xml-p56679176p56687737.bz2,3775.5456857681274,7866,186945,23.766209000762778,1123.8022701740265,1596.692771434784,23743.46875
wikidatawiki-20250601-pages-meta-history24.xml-p60242262p60326256.bz2,602.031533241272,82951,1485297,17.905715422357776,632.2395687103271,776.8938643932343,46525.3203125
wikidatawiki-20250601-pages-meta-history17.xml-p30903485p31025660.bz2,416.535382270813,120839,1488686,12.319582254073602,562.8885009288788,610.5595700740814,8032.91015625
wikidatawiki-20250601-pages-meta-history4.xml-p2870718p2892104.bz2,564.81884765625,20457,1499863,73.31783741506575,613.7101747989655,621.618353843689,12730.53515625
wikidatawiki-20250601-pages-meta-history20.xml-p42335636p42391363.bz2,755.0109663009644,55647,1042991,18.742987043326686,957.0566825866699,1140.3452816009521,3033.0078125
wikidatawiki-20250601-pages-meta-history21.xml-p48068946p48147694.bz2,977.0272750854492,75250,1447943,19.241767441860464,1069.0162482261658,1184.6943926811218,5183.32421875
wikidatawiki-20250601-pages-meta-history2.xml-p668981p677428.bz2,928.0743656158447,8319,1106946,133.0623873061666,937.331444978714,949.1718468666077,5510.30859375
wikidatawiki-20250601-pages-meta-history4.xml-p2756490p2783842.bz2,590.7941427230835,25974,1499859,57.744629244629245,628.6695256233215,639.0367505550385,5187.69140625
wikidatawiki-20250601-pages-meta-history20.xml-p41099148p41130565.bz2,760.4593057632446,31351,818150,26.096456253389047,884.4678015708923,896.6063606739044,43591.75
wikidatawiki-20250601-pages-meta-history15.xml-p25480864p25528585.bz2,693.0678796768188,47483,1485882,31.292925889265632,1304.1619818210602,1617.318163394928,24936.515625
wikidatawiki-20250601-pages-meta-history21.xml-p45527041p45592896.bz2,755.9209976196289,65572,989075,15.08380101262734,1008.9416816234589,1189.1106226444244,3231.4765625
wikidatawiki-20250601-pages-meta-history19.xml-p39595876p39631038.bz2,790.0206527709961,34625,735321,21.236707581227435,867.2365536689758,882.2837657928467,5663.9140625
wikidatawiki-20250601-pages-meta-history16.xml-p29149947p29176935.bz2,1853.878173828125,26583,862652,32.451265846593685,1050.9298119544983,1073.3353731632233,44555.2265625
wikidatawiki-20250601-pages-meta-history23.xml-p56610085p56617266.bz2,4273.049489021301,6826,125609,18.401552886024025,1183.098629951477,1340.26296377182,23898.81640625
wikidatawiki-20250601-pages-meta-history19.xml-p38413318p38438209.bz2,745.1852388381958,24878,566846,22.78503095104108,877.0211465358734,887.937388420105,46415.9609375
wikidatawiki-20250601-pages-meta-history23.xml-p56933954p56934205.bz2,4186.1249532699585,250,26872,107.488,1081.733559846878,1168.804400920868,10141.7109375
wikidatawiki-20250601-pages-meta-history11.xml-p17009174p17033100.bz2,496.6741819381714,22767,1497667,65.78236043396143,478.61554479599,482.7513220310211,4292.8828125
wikidatawiki-20250601-pages-meta-history25.xml-p72687488p72842539.bz2,744.5923957824707,154537,1446123,9.357778396112257,1008.6092619895935,1083.0525634288788,8282.96484375
wikidatawiki-20250601-pages-meta-history23.xml-p56814651p56814860.bz2,4287.460105895996,210,26064,124.11428571428571,1116.3314485549927,1306.4392325878143,15942.09375
wikidatawiki-20250601-pages-meta-history19.xml-p38925763p38955148.bz2,788.110255241394,29361,612771,20.870236027383264,845.8754270076752,861.0129251480103,43684.99609375
wikidatawiki-20250601-pages-meta-history23.xml-p56823846p56824455.bz2,3934.6196184158325,606,25613,42.26567656765677,1009.9563014507294,1072.9976348876953,7488.3984375
wikidatawiki-20250601-pages-meta-history23.xml-p56935127p56935568.bz2,4063.2970962524414,440,30366,69.01363636363637,1055.9022743701935,1131.718778848648,8726.87109375
wikidatawiki-20250601-pages-meta-history26.xml-p81618387p81693770.bz2,527.8862943649292,74780,1496666,20.01425514843541,486.6931574344635,552.7482764720917,6091.8828125
wikidatawiki-20250601-pages-meta-history27.xml-p88506081p88630532.bz2,1003.2922039031982,122605,1414324,11.535614371355164,791.1265811920166,817.3131330013275,22164.6875
wikidatawiki-20250601-pages-meta-history21.xml-p48618670p48678130.bz2,761.0458755493164,59431,807081,13.58013494640844,971.3956220149994,1179.5786337852478,3935.30078125
wikidatawiki-20250601-pages-meta-history6.xml-p4796022p4829739.bz2,455.06318759918213,31198,1496514,47.968267196615166,473.42862153053284,553.5622901916504,4371.65234375
wikidatawiki-20250601-pages-meta-history26.xml-p83385069p83418788.bz2,2778.2948684692383,33568,437069,13.02040633937083,1413.7466073036194,1806.8865575790405,55087.90625
wikidatawiki-20250601-pages-meta-history21.xml-p46557572p46632423.bz2,454.7159118652344,74682,1491825,19.975696955089578,634.4884481430054,694.4794056415558,46835.8203125
wikidatawiki-20250601-pages-meta-history22.xml-p52451574p52522437.bz2,764.6290969848633,70520,1000186,14.183011911514464,1112.3384070396423,1331.1149718761444,13764.03125
wikidatawiki-20250601-pages-meta-history27.xml-p88938398p89059753.bz2,926.9348773956299,121060,1437958,11.878060465884685,875.4961585998535,897.3091533184052,6058.75
wikidatawiki-20250601-pages-meta-history27.xml-p92106358p92204143.bz2,1093.323013305664,97602,1060352,10.86403967131821,882.0289671421051,922.9924259185791,5228.3046875
wikidatawiki-20250601-pages-meta-history23.xml-p60120017p60192698.bz2,542.2313413619995,72233,1096269,15.176844378608115,521.4815843105316,671.7063820362091,44141.19140625
wikidatawiki-20250601-pages-meta-history23.xml-p56825677p56826346.bz2,4024.892186164856,669,26230,39.20777279521674,1029.0489358901978,1093.7807245254517,8331.69921875
wikidatawiki-20250601-pages-meta-history7.xml-p6876544p6921598.bz2,472.76484298706055,32616,1499393,45.97108780966397,523.9656369686127,531.2486279010773,36617.328125
wikidatawiki-20250601-pages-meta-history27.xml-p94158706p94280662.bz2,629.4850435256958,121607,1498639,12.323624462407592,930.1222004890442,1022.4393396377563,8476.046875
wikidatawiki-20250601-pages-meta-history23.xml-p56814021p56814230.bz2,4882.835021018982,210,28888,137.56190476190477,1276.5828804969788,1478.974561214447,39278.71484375
wikidatawiki-20250601-pages-meta-history4.xml-p2402783p2428133.bz2,540.358232498169,24681,1500033,60.77683238118391,545.3195381164551,600.7442965507507,6020.35546875
wikidatawiki-20250601-pages-meta-history18.xml-p34794366p34827649.bz2,722.1099786758423,33245,712332,21.426740863287712,861.9268374443054,894.2888417243958,3666.3203125
wikidatawiki-20250601-pages-meta-history23.xml-p56324644p56401673.bz2,1472.663272857666,72820,1469708,20.182751991211205,960.9682943820953,1110.8305923938751,12243.36328125
wikidatawiki-20250601-pages-meta-history3.xml-p1298379p1313493.bz2,855.7931718826294,14758,1407835,95.39470117902155,924.6098825931549,944.5201375484467,3356.8046875
wikidatawiki-20250601-pages-meta-history27.xml-p115032977p115259963.bz2,464.21471977233887,215466,1469259,6.818983041407925,825.5128057003021,860.525595664978,3579.67578125
wikidatawiki-20250601-pages-meta-history2.xml-p630049p640056.bz2,947.0286254882812,9461,1131069,119.55068174611563,916.8725972175598,921.6746475696564,15249.87890625
wikidatawiki-20250601-pages-meta-history8.xml-p8446558p8495715.bz2,347.4372282028198,44194,1498326,33.90338054939585,404.360232591629,407.89086985588074,8067.41796875
wikidatawiki-20250601-pages-meta-history27.xml-p121347460p121826467.bz2,659.2993650436401,472735,1475648,3.121512052206839,1150.024216413498,1177.6069300174713,6329.40234375
wikidatawiki-20250601-pages-meta-history23.xml-p56828957p56845970.bz2,3477.333374977112,16978,254224,14.973730710331017,1053.5179042816162,1249.5415370464325,23182.09375
wikidatawiki-20250601-pages-meta-history25.xml-p73573730p73761229.bz2,930.9464073181152,187110,1498923,8.01091871091871,1241.9480512142181,1325.5843760967255,3609.59375
wikidatawiki-20250601-pages-meta-history23.xml-p58299413p58392319.bz2,1812.545075416565,91949,1358157,14.770764227995954,1242.1089360713959,1317.763307094574,23425.4921875
wikidatawiki-20250601-pages-meta-history20.xml-p42138428p42194884.bz2,722.1006946563721,56409,969977,17.195429807300254,933.1355948448181,1171.1500263214111,47223.953125
wikidatawiki-20250601-pages-meta-history13.xml-p22173781p22250061.bz2,355.9818363189697,73992,1494035,20.19184506433128,450.0806155204773,564.1981191635132,4157.9140625
wikidatawiki-20250601-pages-meta-history8.xml-p7878104p7919923.bz2,434.77708625793457,37478,1499785,40.01774374299589,432.4932293891907,498.10065817832947,3444.88671875
wikidatawiki-20250601-pages-meta-history15.xml-p26216929p26260683.bz2,811.6720924377441,41486,1477878,35.62353565058092,715.3675417900085,970.9655802249908,45673.76953125
wikidatawiki-20250601-pages-meta-history7.xml-p6183751p6215033.bz2,485.9774284362793,27268,1498802,54.965600704122046,510.18635058403015,518.5764482021332,14961.0859375
wikidatawiki-20250601-pages-meta-history25.xml-p67009671p67086747.bz2,686.0265417098999,67424,1136182,16.85129924062648,855.4352014064789,867.3369991779327,36138.71484375
wikidatawiki-20250601-pages-meta-history18.xml-p35234722p35260453.bz2,759.8599691390991,25544,519468,20.33620419668024,855.6198782920837,876.941198348999,3900.30859375
wikidatawiki-20250601-pages-meta-history26.xml-p77184032p77306503.bz2,836.2412071228027,122263,1498682,12.25785397053892,838.3920187950134,902.4108538627625,6447.8125
wikidatawiki-20250601-pages-meta-history17.xml-p30047853p30083707.bz2,789.1301012039185,34779,1484373,42.68015181575088,783.4399909973145,1051.5972735881805,37441.6953125
wikidatawiki-20250601-pages-meta-history27.xml-p107192012p107197817.bz2,3929.0660905838013,5763,107394,18.635085892764184,1080.654114484787,1169.2235071659088,16151.546875
wikidatawiki-20250601-pages-meta-history8.xml-p8951811p9027828.bz2,334.2006254196167,52602,1499854,28.513250446751073,355.75711727142334,367.8408398628235,43958.9453125
wikidatawiki-20250601-pages-meta-history7.xml-p7193883p7231220.bz2,439.13502407073975,33281,1500062,45.07262401971094,459.5401816368103,493.95804738998413,3554.2734375
wikidatawiki-20250601-pages-meta-history27.xml-p118206581p118376883.bz2,571.067325592041,161520,1462529,9.0547857850421,583.898077249527,600.7605423927307,4261.57421875
wikidatawiki-20250601-pages-meta-history17.xml-p29784830p29821890.bz2,849.5480480194092,35708,1481914,41.50089615772376,842.6067018508911,935.6434562206268,8725.34765625
wikidatawiki-20250601-pages-meta-history13.xml-p20354699p20456816.bz2,370.71478843688965,94611,1487113,15.718182875141368,405.0171010494232,453.49244379997253,6291.6015625
wikidatawiki-20250601-pages-meta-history13.xml-p21575509p21626721.bz2,454.4703187942505,48173,1488328,30.89548087102734,407.570547580719,496.7857463359833,36375.375
wikidatawiki-20250601-pages-meta-history17.xml-p29870628p29912063.bz2,644.922776222229,40767,1489410,36.5346971815439,660.2005667686462,987.4610240459442,6897.5703125
wikidatawiki-20250601-pages-meta-history25.xml-p71908493p72000397.bz2,638.5800352096558,91405,1261546,13.801717630326568,846.2387502193451,858.1323046684265,46849.12890625
wikidatawiki-20250601-pages-meta-history26.xml-p86772991p86795023.bz2,1231.8148860931396,20343,436287,21.446541807992922,912.7277019023895,1101.0625076293945,29983.14453125
wikidatawiki-20250601-pages-meta-history2.xml-p529477p540661.bz2,908.5694885253906,10957,1220410,111.38176508168294,919.8334126472473,930.2912414073944,3366.93359375
wikidatawiki-20250601-pages-meta-history2.xml-p989223p1003614.bz2,897.2665100097656,14228,1408266,98.97849311217318,940.066917181015,966.5501289367676,22397.453125
wikidatawiki-20250601-pages-meta-history2.xml-p808199p818700.bz2,1481.7837505340576,10216,1007435,98.61344949099451,933.2542946338654,940.987372636795,27063.5
wikidatawiki-20250601-pages-meta-history18.xml-p35380782p35406375.bz2,738.6808309555054,25585,557781,21.80109439124487,868.707572221756,883.723875284195,3835.1953125
wikidatawiki-20250601-pages-meta-history25.xml-p71734178p71810848.bz2,637.9098672866821,75912,1065194,14.031958056697228,850.0286381244659,872.3977110385895,36941.48828125
wikidatawiki-20250601-pages-meta-history24.xml-p63404676p63543915.bz2,642.4507894515991,138264,1487330,10.757174680321704,476.710387468338,488.44382762908936,6299.30859375
wikidatawiki-20250601-pages-meta-history1.xml-p1462p2110.bz2,1760.2917699813843,520,333396,641.1461538461539,936.2817096710205,942.5810902118683,9306.27734375
wikidatawiki-20250601-pages-meta-history19.xml-p37725934p37749325.bz2,727.153564453125,23367,561861,24.045063551161896,855.8497142791748,868.644969701767,3809.421875
wikidatawiki-20250601-pages-meta-history4.xml-p2121492p2145332.bz2,502.1891117095947,23210,1500187,64.63537268418786,554.3322649002075,562.6433217525482,22225.03125
wikidatawiki-20250601-pages-meta-history23.xml-p58392320p58527720.bz2,1225.2501831054688,134510,1361797,10.124132034792952,1526.9454581737518,1721.0584099292755,7483.4296875
wikidatawiki-20250601-pages-meta-history20.xml-p41500041p41518805.bz2,794.7766923904419,18714,535536,28.61686437960885,871.2642345428467,892.3899478912354,6750.15234375
wikidatawiki-20250601-pages-meta-history23.xml-p56935569p56936379.bz2,3433.2448740005493,810,72560,89.58024691358025,1007.747168302536,1022.1029279232025,9254.71875
wikidatawiki-20250601-pages-meta-history23.xml-p56677458p56677638.bz2,3971.9300804138184,179,25272,141.18435754189943,1039.1618852615356,1242.2568624019623,51205.2734375
wikidatawiki-20250601-pages-meta-history22.xml-p51727336p51778712.bz2,1016.2903318405151,49963,1470235,29.426475591938033,803.2455525398254,878.8258781433105,4616.5078125
wikidatawiki-20250601-pages-meta-history8.xml-p7919924p7957989.bz2,440.7264528274536,33260,1499554,45.08580877931449,448.2081687450409,471.1439037322998,6255.54296875
wikidatawiki-20250601-pages-meta-history5.xml-p3723927p3755717.bz2,473.81421279907227,29513,1498736,50.78223155897401,515.7306447029114,549.419811964035,3984.33984375
wikidatawiki-20250601-pages-meta-history12.xml-p18314598p18371933.bz2,588.1885633468628,43120,1470231,34.09626623376624,499.17732524871826,536.2456908226013,23113.84765625
wikidatawiki-20250601-pages-meta-history23.xml-p57481438p57531065.bz2,2850.1503200531006,49164,752856,15.313155967781304,1145.019783258438,1330.9531161785126,16959.23828125
wikidatawiki-20250601-pages-meta-history14.xml-p23182412p23220032.bz2,868.6740407943726,34078,1276760,37.465813721462524,1012.6059999465942,1272.9816329479218,48542.60546875
wikidatawiki-20250601-pages-meta-history23.xml-p56675787p56675927.bz2,4073.816884994507,140,23305,166.46428571428572,1077.8144426345825,1302.9844975471497,49356.76171875
wikidatawiki-20250601-pages-meta-history24.xml-p63024946p63100184.bz2,434.04375171661377,73962,1493571,20.19376166139369,364.56812834739685,505.59140133857727,6824.86328125
wikidatawiki-20250601-pages-meta-history1.xml-p409435p418943.bz2,934.6700239181519,9340,1092800,117.00214132762312,932.6379919052124,941.4117851257324,9853.3671875
wikidatawiki-20250601-pages-meta-history23.xml-p58239808p58299412.bz2,2179.7916107177734,57564,878643,15.263758599124452,959.7389898300171,1030.0117363929749,38249.828125
wikidatawiki-20250601-pages-meta-history24.xml-p60600531p60680404.bz2,2031.7494525909424,76967,1494707,19.420102121688515,1033.1628572940826,1057.831386566162,19980.90625
wikidatawiki-20250601-pages-meta-history12.xml-p18608031p18676670.bz2,612.6920356750488,58091,1491160,25.66938079909108,504.78300380706787,620.5469267368317,50299.9609375
wikidatawiki-20250601-pages-meta-history22.xml-p53583297p53683263.bz2,797.9917087554932,99144,1308417,13.197137496974099,1324.7553133964539,1576.5910966396332,4728.93359375
wikidatawiki-20250601-pages-meta-history16.xml-p29332310p29355862.bz2,425.48549461364746,23193,1494186,64.42400724356487,505.4334111213684,512.7097170352936,4188.36328125
wikidatawiki-20250601-pages-meta-history18.xml-p32109246p32162731.bz2,775.2821846008301,52137,1213973,23.284289468132037,1065.736862897873,1335.7339737415314,17398.01171875
wikidatawiki-20250601-pages-meta-history2.xml-p485735p494872.bz2,867.4878950119019,8703,1129644,129.79937952430197,910.9664685726166,926.4074544906616,4835.37890625
wikidatawiki-20250601-pages-meta-history27.xml-p113247227p113517816.bz2,467.5990161895752,266047,1482138,5.570963025330111,841.3101902008057,904.2166187763214,6731.3046875
wikidatawiki-20250601-pages-meta-history14.xml-p24397389p24450627.bz2,224.10766983032227,53211,1500072,28.191013136381574,285.86302852630615,349.4523732662201,4432.1875
wikidatawiki-20250601-pages-meta-history26.xml-p83470334p83611332.bz2,909.4028215408325,140498,1494412,10.636535751398597,1040.396909236908,1133.6749210357666,6172.3515625
wikidatawiki-20250601-pages-meta-history18.xml-p32923023p33045187.bz2,281.8266706466675,115749,1496615,12.92983092726503,521.4803702831268,580.3282697200775,4239.69921875
wikidatawiki-20250601-pages-meta-history1.xml-p1003p1106.bz2,2475.898078918457,90,120519,1339.1,1002.4793133735657,1131.6782388687134,30808.90234375
wikidatawiki-20250601-pages-meta-history26.xml-p81547932p81618386.bz2,506.3085660934448,69972,1474255,21.069213399645573,535.135014295578,643.9753336906433,10264.9609375
wikidatawiki-20250601-pages-meta-history2.xml-p1035303p1050567.bz2,848.117654800415,14792,1387489,93.7999594375338,926.4324948787689,935.9236676692963,22683.90625
wikidatawiki-20250601-pages-meta-history20.xml-p40609584p40642536.bz2,789.3481359481812,32910,841597,25.572683075053174,879.1749603748322,1014.8726634979248,36760.00390625
wikidatawiki-20250601-pages-meta-history9.xml-p11837627p11873388.bz2,356.2627840042114,32530,1495728,45.97995696280356,383.2179307937622,398.1505300998688,4357.953125
wikidatawiki-20250601-pages-meta-history27.xml-p105362056p105469374.bz2,353.3096227645874,103870,1486648,14.312583036487917,367.9807207584381,423.9359600543976,10189.81640625
wikidatawiki-20250601-pages-meta-history8.xml-p8678543p8744713.bz2,365.5466012954712,47651,1499073,31.459423726679397,380.8830749988556,384.59210109710693,22581.390625
wikidatawiki-20250601-pages-meta-history16.xml-p29270627p29300623.bz2,777.3122653961182,29624,1041474,35.156427221172024,1006.3925640583038,1018.5562160015106,50376.859375
wikidatawiki-20250601-pages-meta-history20.xml-p43151113p43194724.bz2,749.1296892166138,43379,712460,16.42407616588672,1053.4273252487183,1361.344537973404,9238.875
wikidatawiki-20250601-pages-meta-history27.xml-p98104841p98256636.bz2,1003.4987287521362,150300,1478953,9.840006653359946,1116.1403305530548,1168.3337516784668,37797.90625
wikidatawiki-20250601-pages-meta-history20.xml-p40365116p40403371.bz2,758.2116031646729,37805,708537,18.74188599391615,916.2473192214966,1249.6006772518158,7528.3125
wikidatawiki-20250601-pages-meta-history2.xml-p835390p854323.bz2,892.8544511795044,18463,1494348,80.93744245247251,934.0552914142609,943.433759689331,4881.23046875
wikidatawiki-20250601-pages-meta-history27.xml-p106128471p106201963.bz2,468.343768119812,69570,1481405,21.293732930861005,627.0566208362579,688.9136197566986,6646.87890625
wikidatawiki-20250601-pages-meta-history3.xml-p1482936p1507696.bz2,619.970211982727,24201,1500313,61.99384322961861,664.7194266319275,677.955010175705,4209.3515625
wikidatawiki-20250601-pages-meta-history22.xml-p53026424p53110393.bz2,820.3789367675781,82800,1484345,17.926871980676328,1319.06422996521,1515.5926337242126,47793.28515625
wikidatawiki-20250601-pages-meta-history12.xml-p18256106p18314597.bz2,475.84206771850586,52164,1496939,28.69678322214554,431.1776502132416,449.38255858421326,8558.4453125
wikidatawiki-20250601-pages-meta-history27.xml-p108813122p109020928.bz2,704.2653722763062,203139,1470322,7.23800944181078,1355.241896867752,1394.4522066116333,5134.859375
wikidatawiki-20250601-pages-meta-history14.xml-p23159491p23170593.bz2,734.0961532592773,10676,534281,50.04505432746347,856.3971695899963,1412.1696722507477,21684.32421875
wikidatawiki-20250601-pages-meta-history23.xml-p57446473p57454786.bz2,3570.1201066970825,8279,144460,17.44896726657809,1017.3547387123108,1174.9220807552338,19544.53515625
wikidatawiki-20250601-pages-meta-history1.xml-p15596p17970.bz2,1361.7512454986572,1954,510789,261.406857727738,925.9568364620209,930.8065905570984,14314.125
wikidatawiki-20250601-pages-meta-history26.xml-p78594843p78715272.bz2,784.7815074920654,120197,1498912,12.470460993202826,814.2186946868896,829.2051446437836,37824.40234375
wikidatawiki-20250601-pages-meta-history19.xml-p40004127p40033745.bz2,816.7230224609375,29543,624081,21.124496496632027,896.3651165962219,931.8060266971588,48755.8828125
wikidatawiki-20250601-pages-meta-history22.xml-p51916665p51987071.bz2,853.7283143997192,69909,1109633,15.872534294582957,1469.5359337329865,1675.997342824936,8110.7734375
wikidatawiki-20250601-pages-meta-history25.xml-p69168063p69280126.bz2,639.8727703094482,111554,1496979,13.419321584165516,817.6741154193878,904.9220621585846,7137.48828125
wikidatawiki-20250601-pages-meta-history16.xml-p28896866p28910049.bz2,974.9836578369141,12856,891649,69.35664281269446,884.6306848526001,891.700998544693,5461.1640625
wikidatawiki-20250601-pages-meta-history23.xml-p56815291p56815540.bz2,4280.921721458435,250,26401,105.604,1129.33531332016,1265.0588698387146,16720.94921875
wikidatawiki-20250601-pages-meta-history20.xml-p41303128p41325457.bz2,752.1128015518188,22308,679729,30.470190066343914,885.6023437976837,892.4726519584656,5756.796875
wikidatawiki-20250601-pages-meta-history23.xml-p56813101p56813340.bz2,4174.615713119507,240,25682,107.00833333333334,1083.0191493034363,1336.2398917675018,39817.8984375
wikidatawiki-20250601-pages-meta-history24.xml-p62401909p62571031.bz2,1158.816156387329,167775,1490442,8.883576218149306,1141.602211713791,1192.83251786232,24064.4453125
wikidatawiki-20250601-pages-meta-history21.xml-p50567912p50659350.bz2,446.24824810028076,91057,1498983,16.462029278364103,708.106050491333,789.1671142578125,16633.8515625
wikidatawiki-20250601-pages-meta-history27.xml-p107206920p107306901.bz2,2912.091402053833,98301,1026541,10.44283374533321,1175.7589101791382,1241.7219715118408,18953.8046875
wikidatawiki-20250601-pages-meta-history16.xml-p28148186p28198394.bz2,622.7149429321289,47225,1432514,30.33380624669137,467.2611553668976,572.2819833755493,12631.8203125
wikidatawiki-20250601-pages-meta-history21.xml-p45772098p45814003.bz2,701.867467880249,41747,825194,19.766546099120895,889.28084897995,965.1321940422058,8781.74609375
wikidatawiki-20250601-pages-meta-history6.xml-p4969437p4999545.bz2,502.5909900665283,27542,1497729,54.379819911408035,520.5533921718597,533.0481679439545,48728.5
wikidatawiki-20250601-pages-meta-history13.xml-p20456817p20522350.bz2,414.4520902633667,60552,1483350,24.49712643678161,401.3033425807953,461.5086214542389,37458.80078125
wikidatawiki-20250601-pages-meta-history15.xml-p26777959p26840374.bz2,455.4641532897949,59832,1487321,24.858286535633106,540.324675321579,610.1600375175476,7529.8359375
wikidatawiki-20250601-pages-meta-history16.xml-p29383348p29404899.bz2,890.8737077713013,20494,1410767,68.83805016102274,862.6690974235535,896.6386568546295,7895.47265625
wikidatawiki-20250601-pages-meta-history23.xml-p59389674p59452965.bz2,591.9094324111938,62085,1484668,23.91347346379963,634.9910688400269,748.7386481761932,37872.76171875
wikidatawiki-20250601-pages-meta-history23.xml-p56544360p56551379.bz2,3863.0895709991455,6379,148207,23.23357893086691,1041.9327285289764,1194.0700154304504,17440.578125
wikidatawiki-20250601-pages-meta-history23.xml-p56661506p56675099.bz2,4194.313670158386,13238,224633,16.96880193382686,1329.6051363945007,1506.2187430858612,50270.99609375
wikidatawiki-20250601-pages-meta-history11.xml-p16524398p16553129.bz2,430.88322257995605,27644,1490016,53.90015916654609,522.5370457172394,717.986982345581,5754.01953125
wikidatawiki-20250601-pages-meta-history26.xml-p79008891p79132287.bz2,720.9898519515991,123193,1499641,12.17310236782934,717.1501986980438,738.3294701576233,23170.84765625
wikidatawiki-20250601-pages-meta-history19.xml-p37609752p37634037.bz2,743.9091625213623,24275,550942,22.695859938208034,875.0070447921753,894.8184230327606,4741.52734375
wikidatawiki-20250601-pages-meta-history11.xml-p17446727p17492121.bz2,630.7447328567505,41044,1479975,36.058254556086155,493.5150399208069,502.85539293289185,9095.28125
wikidatawiki-20250601-pages-meta-history1.xml-p1107p1209.bz2,2766.2004289627075,91,126883,1394.3186813186812,997.8963098526001,1050.222836971283,11305.28515625
wikidatawiki-20250601-pages-meta-history20.xml-p40523876p40553678.bz2,718.4816675186157,29739,878920,29.554457110192004,886.4718942642212,909.4892184734344,4901.6640625
wikidatawiki-20250601-pages-meta-history2.xml-p651839p662325.bz2,938.9011106491089,10110,1174740,116.19584569732937,949.9310119152069,958.6770179271698,17005.50390625
wikidatawiki-20250601-pages-meta-history12.xml-p19598228p19628071.bz2,713.8682117462158,27151,1487564,54.78855290781187,814.5443913936615,927.328914642334,14527.98828125
wikidatawiki-20250601-pages-meta-history27.xml-p124657563p125112143.bz2,569.022539138794,379145,1473971,3.887618193567105,897.47279047966,957.7622640132904,48997.59375
wikidatawiki-20250601-pages-meta-history27.xml-p105930283p106017407.bz2,379.22203540802,81817,1480829,18.09928254519232,491.94700050354004,539.5885028839111,23286.828125
wikidatawiki-20250601-pages-meta-history22.xml-p55304029p55386939.bz2,844.635612487793,80971,1038764,12.828839955045634,908.0549368858337,954.4927911758423,7215.53125
wikidatawiki-20250601-pages-meta-history18.xml-p33646073p33795011.bz2,383.79225730895996,142269,1499080,10.536940584385917,529.9985315799713,552.8216881752014,7115.49609375
wikidatawiki-20250601-pages-meta-history25.xml-p74096517p74257955.bz2,823.5392980575562,160698,1435632,8.933726617630587,1536.2174916267395,1618.706384897232,5556.27734375
wikidatawiki-20250601-pages-meta-history19.xml-p39404071p39437772.bz2,932.4761629104614,33571,695558,20.719013434214055,899.5860042572021,1121.3311488628387,37740.46484375
wikidatawiki-20250601-pages-meta-history18.xml-p34655512p34708839.bz2,736.9622526168823,53082,1077460,20.298029463848387,888.737001657486,1105.0652129650116,38107.1015625
wikidatawiki-20250601-pages-meta-history9.xml-p11662704p11714228.bz2,369.1982011795044,41432,1498911,36.17761633519984,381.0463881492615,419.59170365333557,12539.8828125
wikidatawiki-20250601-pages-meta-history24.xml-p63774354p63822109.bz2,869.5437688827515,47566,654742,13.764916116553842,963.165783405304,1233.353735923767,9186.49609375
wikidatawiki-20250601-pages-meta-history21.xml-p46937798p46991174.bz2,702.4545660018921,53241,904311,16.985236941454893,978.119951248169,1161.7623591423035,4999.5859375
wikidatawiki-20250601-pages-meta-history13.xml-p21225603p21290387.bz2,466.9991731643677,56931,1458352,25.616131808680684,348.3458135128021,404.8607521057129,7357.265625
wikidatawiki-20250601-pages-meta-history27.xml-p99628677p99727285.bz2,726.2988176345825,96608,1474773,15.26553701556807,653.5771174430847,699.8156552314758,5692.546875
wikidatawiki-20250601-pages-meta-history27.xml-p91898556p92014796.bz2,1006.9946231842041,115325,1217930,10.560849772382397,1224.462914466858,1356.1834309101105,48305.54296875
wikidatawiki-20250601-pages-meta-history27.xml-p92678223p92874453.bz2,927.6519813537598,195566,1488532,7.611404845423029,1093.1160142421722,1148.3297610282898,9643.6796875
wikidatawiki-20250601-pages-meta-history23.xml-p56862450p56905677.bz2,2451.8073778152466,43178,688188,15.938394552781508,1106.4900212287903,1242.6150078773499,5685.73828125
wikidatawiki-20250601-pages-meta-history18.xml-p35960787p35987060.bz2,754.3788471221924,25883,569937,22.019742688250975,860.3416805267334,876.6305623054504,16731.84765625
wikidatawiki-20250601-pages-meta-history21.xml-p49892728p49977694.bz2,762.0910062789917,83876,1160769,13.839107730459249,1303.5442051887512,1505.3123922348022,5319.30078125
wikidatawiki-20250601-pages-meta-history16.xml-p29355863p29383347.bz2,666.0956554412842,26547,1490531,56.146871586243265,710.2697212696075,735.9086420536041,37944.296875
wikidatawiki-20250601-pages-meta-history19.xml-p37879247p37906392.bz2,757.7693338394165,27094,587434,21.681331660146157,882.9275135993958,892.7265915870667,5721.984375
wikidatawiki-20250601-pages-meta-history1.xml-p2111p3493.bz2,1740.3658475875854,862,429736,498.5336426914153,955.6857726573944,962.8534607887268,9031.07421875
wikidatawiki-20250601-pages-meta-history23.xml-p56174749p56265144.bz2,2701.0271434783936,83886,1410151,16.81032591850845,1145.2669053077698,1220.9760026931763,51823.30859375
wikidatawiki-20250601-pages-meta-history19.xml-p36587622p36611312.bz2,754.2301988601685,23627,532610,22.542430270453295,861.9980676174164,877.0075623989105,12835.11328125
wikidatawiki-20250601-pages-meta-history25.xml-p67488056p67547928.bz2,672.4035997390747,59674,1223821,20.508445889332037,864.6365594863892,875.052365064621,8333.9765625
wikidatawiki-20250601-pages-meta-history25.xml-p65900514p66077548.bz2,1410.2070627212524,173767,1473154,8.47775469450471,742.3375625610352,995.4647703170776,20240.73046875
wikidatawiki-20250601-pages-meta-history20.xml-p41067908p41099147.bz2,776.5029096603394,31189,767249,24.599987174965534,903.5565135478973,913.8118145465851,7649.66015625
wikidatawiki-20250601-pages-meta-history19.xml-p40137167p40171851.bz2,775.6681280136108,34561,669384,19.368189577847865,869.5255422592163,1011.7750217914581,7809.03125
wikidatawiki-20250601-pages-meta-history20.xml-p42275573p42335635.bz2,750.0034141540527,59914,1040784,17.371298861701774,1120.4179005622864,1337.492133140564,37801.4765625
wikidatawiki-20250601-pages-meta-history19.xml-p36440988p36463440.bz2,760.5831499099731,22422,514213,22.933413611631433,858.1884696483612,875.8265149593353,5054.57421875
wikidatawiki-20250601-pages-meta-history27.xml-p116447196p116670486.bz2,641.7266521453857,214042,1461658,6.828837330991114,763.5413043498993,780.9672255516052,8939.3984375
wikidatawiki-20250601-pages-meta-history17.xml-p31025661p31103795.bz2,496.47348403930664,76513,1489884,19.47229882503627,517.7375733852386,544.5553555488586,7790.29296875
wikidatawiki-20250601-pages-meta-history2.xml-p1087443p1101746.bz2,916.4733009338379,14032,1322535,94.25135404789053,930.1574103832245,940.4762105941772,17276.8828125
wikidatawiki-20250601-pages-meta-history15.xml-p26840375p26913157.bz2,334.8222017288208,68975,1496529,21.696687205509242,429.42343831062317,524.1394879817963,49118.43359375
wikidatawiki-20250601-pages-meta-history7.xml-p6829342p6876543.bz2,467.49804878234863,35238,1499058,42.54095011067597,495.19757986068726,500.64571809768677,8234.7734375
wikidatawiki-20250601-pages-meta-history23.xml-p56934781p56935126.bz2,4049.0506296157837,340,29188,85.84705882352941,1042.5135581493378,1150.2009587287903,49279.9296875
wikidatawiki-20250601-pages-meta-history14.xml-p24504887p24559677.bz2,222.43903827667236,54776,1500223,27.38832700452753,308.4817500114441,373.23170256614685,5305.7578125
wikidatawiki-20250601-pages-meta-history20.xml-p42480628p42541676.bz2,780.58811378479,60413,1091103,18.06073196166388,1001.4895219802856,1174.403389930725,9881.4609375
wikidatawiki-20250601-pages-meta-history26.xml-p87007121p87048302.bz2,2043.106499671936,41014,567586,13.83883551957868,1481.7003483772278,1888.6937899589539,42447.8828125
wikidatawiki-20250601-pages-meta-history2.xml-p729835p747419.bz2,891.431396484375,16897,1408116,83.33526661537552,929.3066694736481,939.3126137256622,5462.69140625
wikidatawiki-20250601-pages-meta-history13.xml-p21177145p21225602.bz2,596.9018411636353,45278,1483239,32.758491982861436,563.4576823711395,572.7264099121094,6167.99609375
wikidatawiki-20250601-pages-meta-history27.xml-p111078874p111086126.bz2,286.7134666442871,7007,1499004,213.9294990723562,582.8024482727051,590.1320493221283,7465.7734375
wikidatawiki-20250601-pages-meta-history3.xml-p1764725p1795746.bz2,527.4211311340332,30229,1500148,49.62612061265672,551.0878546237946,560.6965913772583,8354.828125
wikidatawiki-20250601-pages-meta-history18.xml-p32089602p32109245.bz2,758.4574337005615,19624,502629,25.612973909498574,855.9854028224945,913.0529985427856,5026.51953125
wikidatawiki-20250601-pages-meta-history1.xml-p320235p328302.bz2,1095.0048990249634,7879,953863,121.06396750856707,917.2675366401672,925.2800779342651,8706.5703125
wikidatawiki-20250601-pages-meta-history2.xml-p448577p450275.bz2,2908.7339668273926,1676,217233,129.61396181384248,949.5486953258514,1523.3493077754974,85795.94921875
wikidatawiki-20250601-pages-meta-history27.xml-p103567544p103654649.bz2,352.72096252441406,72340,1483009,20.500539120818356,299.0732800960541,336.96328496932983,7664.7265625
wikidatawiki-20250601-pages-meta-history7.xml-p7378936p7407542.bz2,619.1161918640137,25418,1497884,58.93004957117004,725.1880581378937,752.4111988544464,6129.3828125
wikidatawiki-20250601-pages-meta-history20.xml-p40294819p40329722.bz2,752.9335746765137,34825,630697,18.110466618808328,861.9960434436798,1043.6986503601074,37759.94140625
wikidatawiki-20250601-pages-meta-history1.xml-p85792p92981.bz2,951.4626684188843,7162,1039847,145.18947221446524,945.8031640052795,957.3804807662964,50233.2109375
wikidatawiki-20250601-pages-meta-history17.xml-p30500015p30557012.bz2,762.2297458648682,45788,1458446,31.852144666724907,539.5456507205963,560.0584070682526,5462.21875
wikidatawiki-20250601-pages-meta-history1.xml-p25123p28276.bz2,1325.468737602234,3004,661898,220.33888149134486,929.4173240661621,975.4362008571625,49306.01171875
wikidatawiki-20250601-pages-meta-history27.xml-p96308976p96391876.bz2,358.22510051727295,80117,1488284,18.57638204126465,393.957720041275,486.6419939994812,8663.1875
wikidatawiki-20250601-pages-meta-history10.xml-p15749788p15794594.bz2,350.29884910583496,43210,1496130,34.624623929645914,290.83150815963745,323.5095558166504,5153.4453125
wikidatawiki-20250601-pages-meta-history27.xml-p98256637p98381955.bz2,543.006139755249,122390,1479064,12.08484353296838,788.9158658981323,854.9601354598999,5924.0625
wikidatawiki-20250601-pages-meta-history22.xml-p51215817p51282388.bz2,880.6579236984253,65742,1107016,16.83879407380366,1457.6364228725433,1791.7453482151031,14713.79296875
wikidatawiki-20250601-pages-meta-history12.xml-p18371934p18440323.bz2,338.85625743865967,56274,1496769,26.59787823861819,349.981876373291,431.7365698814392,5601.9453125
wikidatawiki-20250601-pages-meta-history22.xml-p51144615p51215816.bz2,792.1227111816406,70652,949899,13.44475740247976,1249.219483613968,1528.0101790428162,9489.37109375
wikidatawiki-20250601-pages-meta-history22.xml-p55145997p55228897.bz2,990.9175853729248,79392,1459189,18.37954705763805,1220.6767117977142,1357.321063041687,17813.59375
wikidatawiki-20250601-pages-meta-history3.xml-p1715152p1740431.bz2,634.1367082595825,24712,1500543,60.72122855292975,682.8920006752014,694.752409696579,4921.62109375
wikidatawiki-20250601-pages-meta-history27.xml-p107197818p107198067.bz2,4138.872172355652,249,24761,99.4417670682731,1078.0928902626038,1178.780029296875,25191.8359375
wikidatawiki-20250601-pages-meta-history7.xml-p7262226p7297502.bz2,441.17321586608887,31758,1499854,47.22759619623402,476.0898292064667,568.3032336235046,37518.85546875
wikidatawiki-20250601-pages-meta-history4.xml-p3061417p3091319.bz2,540.7775163650513,28260,1499573,53.063446567586695,594.1303703784943,628.9215841293335,7836.5390625
wikidatawiki-20250601-pages-meta-history5.xml-p3755718p3789536.bz2,457.51366996765137,30798,1499987,48.70403922332619,502.98333287239075,543.9568424224854,8801.453125
wikidatawiki-20250601-pages-meta-history27.xml-p104541790p104642007.bz2,566.9417028427124,96664,1487508,15.388438301746255,562.111398935318,621.402745962143,5705.76953125
wikidatawiki-20250601-pages-meta-history24.xml-p62032378p62064999.bz2,933.376781463623,32523,367478,11.299019155674445,878.7469298839569,890.0093896389008,60313.22265625
wikidatawiki-20250601-pages-meta-history5.xml-p3148735p3172851.bz2,609.423942565918,22869,1500084,65.59464777646596,670.0712637901306,681.9839816093445,48069.453125
wikidatawiki-20250601-pages-meta-history21.xml-p48923742p48986756.bz2,746.9602470397949,62814,832582,13.25472028528672,1428.8245873451233,1752.2037150859833,10078.0625
wikidatawiki-20250601-pages-meta-history27.xml-p106365573p106479533.bz2,506.52933502197266,108367,1462048,13.49163490730573,718.5657765865326,817.4408667087555,6111.265625
wikidatawiki-20250601-pages-meta-history19.xml-p39153774p39160956.bz2,874.813404083252,7058,362084,51.30121847548881,884.6921014785767,894.7889935970306,7959.06640625
wikidatawiki-20250601-pages-meta-history3.xml-p1391946p1414166.bz2,734.1382369995117,21507,1500046,69.74687311108012,788.7341012954712,800.9708597660065,17381.88671875
wikidatawiki-20250601-pages-meta-history4.xml-p2729333p2756489.bz2,584.2439136505127,25573,1498683,58.6041137136824,604.7519001960754,620.9135358333588,5923.70703125
wikidatawiki-20250601-pages-meta-history26.xml-p82118506p82191472.bz2,401.56597900390625,72862,1499582,20.58112596415141,560.4249513149261,653.8759427070618,9120.7421875
wikidatawiki-20250601-pages-meta-history18.xml-p35987061p36011453.bz2,757.2075214385986,24358,546613,22.440799737252647,868.2828459739685,991.7990508079529,13350.33203125
wikidatawiki-20250601-pages-meta-history18.xml-p35934411p35960786.bz2,764.5423316955566,26257,562864,21.436721636135125,859.0935978889465,977.0124599933624,5411.21875
wikidatawiki-20250601-pages-meta-history10.xml-p15166463p15189966.bz2,560.8697452545166,22306,1481153,66.40155115215637,399.6712565422058,406.406672000885,6419.23046875
wikidatawiki-20250601-pages-meta-history27.xml-p91529218p91630025.bz2,1340.0730228424072,100552,1059882,10.54063569098576,1339.553307056427,1458.7398431301117,51732.96875
wikidatawiki-20250601-pages-meta-history25.xml-p70366276p70453697.bz2,668.2785310745239,87178,1219005,13.982942944320815,1050.2067086696625,1209.6892762184143,6491.79296875
wikidatawiki-20250601-pages-meta-history26.xml-p77697689p77821502.bz2,746.8181247711182,123546,1496763,12.115025982225244,763.5493428707123,807.0648949146271,48307.97265625
wikidatawiki-20250601-pages-meta-history16.xml-p29176936p29223685.bz2,826.0405435562134,45631,1496458,32.79476671561,1016.1014597415924,1164.910150527954,38762.375
wikidatawiki-20250601-pages-meta-history19.xml-p37984699p38014727.bz2,736.1540184020996,30000,614653,20.488433333333333,865.6776299476624,967.5875027179718,59334.2734375
wikidatawiki-20250601-pages-meta-history11.xml-p17234964p17259516.bz2,579.7031288146973,22861,1471146,64.35177813743931,516.9272003173828,539.1373071670532,8165.9765625
wikidatawiki-20250601-pages-meta-history2.xml-p952746p970558.bz2,855.7441759109497,17356,1418462,81.72747176768841,941.6439442634583,955.6351900100708,5295.328125
wikidatawiki-20250601-pages-meta-history15.xml-p26313450p26375973.bz2,705.3591461181641,61924,1492942,24.10926296750856,1351.7651262283325,1593.1910054683685,10286.9609375
wikidatawiki-20250601-pages-meta-history23.xml-p57035696p57095822.bz2,1433.689440727234,59698,896374,15.015142885858824,1414.3106150627136,1749.6344509124756,24103.21484375
wikidatawiki-20250601-pages-meta-history18.xml-p32378019p32451724.bz2,788.8899908065796,62291,1128371,18.114510924531633,946.643164396286,1215.327354669571,10090.984375
wikidatawiki-20250601-pages-meta-history22.xml-p52781402p52860855.bz2,789.1378316879272,77853,1099104,14.117683326268738,1581.017982006073,1801.5012023448944,8603.15625
wikidatawiki-20250601-pages-meta-history16.xml-p28747117p28770447.bz2,918.5601663589478,21660,1021906,47.17940904893813,874.2590298652649,890.5758473873138,13131.32421875
wikidatawiki-20250601-pages-meta-history1.xml-p1210p1330.bz2,2422.6151189804077,113,131021,1159.4778761061948,919.951503276825,949.317953824997,13984.0859375
wikidatawiki-20250601-pages-meta-history19.xml-p36531731p36546871.bz2,800.1628179550171,15115,442209,29.25630168706583,871.3108930587769,881.3693161010742,6616.1484375
wikidatawiki-20250601-pages-meta-history19.xml-p36852907p36927780.bz2,833.2637624740601,74460,934031,12.54406392694064,968.998429775238,1189.314604997635,6427.2734375
wikidatawiki-20250601-pages-meta-history20.xml-p44545426p44621527.bz2,758.8885583877563,74605,1490909,19.9840359225253,1277.7799048423767,1392.3339457511902,18126.29296875
wikidatawiki-20250601-pages-meta-history20.xml-p41372748p41393905.bz2,806.2114877700806,20959,615441,29.36404408607281,888.8186955451965,903.1480116844177,38302.81640625
wikidatawiki-20250601-pages-meta-history19.xml-p38731029p38754315.bz2,722.786717414856,23275,579854,24.913168635875405,852.8993270397186,909.0928263664246,38725.02734375
wikidatawiki-20250601-pages-meta-history25.xml-p72000398p72067952.bz2,622.6870183944702,64767,1011033,15.6103108064292,859.5011205673218,866.7145974636078,5401.9375
wikidatawiki-20250601-pages-meta-history20.xml-p43631946p43679174.bz2,798.2043943405151,46875,1037029,22.12328533333333,965.9022884368896,1172.6266322135925,48842.29296875
wikidatawiki-20250601-pages-meta-history23.xml-p56811581p56811780.bz2,4124.590913772583,200,24560,122.8,1074.3310403823853,1305.8767409324646,52913.73828125
wikidatawiki-20250601-pages-meta-history26.xml-p84345793p84429623.bz2,788.3109645843506,83439,1386019,16.611165042725823,882.3354542255402,896.6422426700592,5597.94921875
wikidatawiki-20250601-pages-meta-history3.xml-p1414167p1437924.bz2,731.2496099472046,23165,1500276,64.76477444420462,839.1578640937805,853.9162991046906,7846.74609375
wikidatawiki-20250601-pages-meta-history12.xml-p19731223p19780213.bz2,540.2975187301636,45148,1485946,32.91277575972357,512.6205902099609,908.4013874530792,9737.27734375
wikidatawiki-20250601-pages-meta-history19.xml-p38658205p38683985.bz2,763.3203659057617,25709,571348,22.223657085067487,856.0280966758728,888.7830460071564,23726.375
wikidatawiki-20250601-pages-meta-history6.xml-p5758104p5808106.bz2,495.88939571380615,37929,1497452,39.48039758496137,503.156888961792,609.3055768013,6503.60546875
wikidatawiki-20250601-pages-meta-history25.xml-p73923470p74096516.bz2,826.6230392456055,172479,1496349,8.675543109595951,1631.5887093544006,1734.9879615306854,9413.4765625
wikidatawiki-20250601-pages-meta-history11.xml-p17033101p17058457.bz2,584.5175094604492,23521,1493022,63.47612771565835,539.8037078380585,558.4261651039124,38241.42578125
wikidatawiki-20250601-pages-meta-history27.xml-p119840305p120038635.bz2,492.44255352020264,190104,1473880,7.753019399907419,893.9385645389557,939.1521489620209,13522.75
wikidatawiki-20250601-pages-meta-history10.xml-p15914401p15974096.bz2,399.18080711364746,58065,1489394,25.650460690605357,259.6283829212189,262.64926838874817,7865.86328125
wikidatawiki-20250601-pages-meta-history14.xml-p22836127p22979733.bz2,233.6435832977295,142772,1497264,10.487098310593113,451.1940710544586,497.093220949173,50117.6484375
wikidatawiki-20250601-pages-meta-history1.xml-p290764p299248.bz2,991.3806161880493,8356,1104634,132.19650550502632,924.9808208942413,933.0378391742706,6491.7734375
wikidatawiki-20250601-pages-meta-history18.xml-p32042328p32063343.bz2,771.4927997589111,20871,549015,26.305160270231422,858.4749896526337,908.7522642612457,17844.1640625
wikidatawiki-20250601-pages-meta-history23.xml-p56677298p56677457.bz2,4444.369444847107,159,26765,168.33333333333334,1158.1227819919586,1322.2444124221802,18368.4296875
wikidatawiki-20250601-pages-meta-history19.xml-p38861960p38893048.bz2,788.1569671630859,31052,659125,21.226491047275537,828.643453836441,843.6333034038544,48348.08203125
wikidatawiki-20250601-pages-meta-history27.xml-p94055861p94158705.bz2,507.62964057922363,102351,1495048,14.607067835194576,605.9204261302948,661.8393528461456,13674.02734375
wikidatawiki-20250601-pages-meta-history1.xml-p82610p85791.bz2,1198.6344032287598,3146,647461,205.80451366815004,892.0037379264832,899.8057532310486,23809.359375
wikidatawiki-20250601-pages-meta-history23.xml-p56676935p56677114.bz2,3962.208519935608,178,24787,139.25280898876406,1036.012081861496,1206.9081542491913,16459.9921875
wikidatawiki-20250601-pages-meta-history25.xml-p72580881p72687487.bz2,660.7826738357544,106172,1221813,11.507864597068908,876.4468212127686,967.3072850704193,8552.7578125
wikidatawiki-20250601-pages-meta-history18.xml-p31891649p31892103.bz2,2482.0199365615845,431,28233,65.50580046403712,1097.0237710475922,1380.076227426529,52832.17578125
wikidatawiki-20250601-pages-meta-history23.xml-p58969131p59066944.bz2,1276.0985107421875,97175,1492361,15.357458193979934,1505.9010536670685,1667.646385192871,8485.99609375
wikidatawiki-20250601-pages-meta-history23.xml-p56440171p56469506.bz2,3403.9955158233643,27710,528786,19.082858173944423,1077.1517641544342,1235.1758806705475,17598.09765625
wikidatawiki-20250601-pages-meta-history1.xml-p106806p111631.bz2,1112.1266298294067,4781,813437,170.1395105626438,926.9982981681824,938.5147435665131,8224.73046875
wikidatawiki-20250601-pages-meta-history23.xml-p56926600p56926980.bz2,4375.081676483154,377,27901,74.0079575596817,1133.3493378162384,1232.2319808006287,12757.52734375
wikidatawiki-20250601-pages-meta-history12.xml-p19025514p19071261.bz2,343.94411182403564,41201,1488269,36.12215722919347,310.60453176498413,432.41244530677795,997.8125
wikidatawiki-20250601-pages-meta-history1.xml-p130848p134087.bz2,1269.7776336669922,3201,617945,193.04748516088722,928.5356736183167,938.1326978206635,18588.39453125
wikidatawiki-20250601-pages-meta-history27.xml-p107917071p108071558.bz2,1076.6876277923584,147603,1459567,9.888464326605828,1011.1253547668457,1069.8673009872437,13539.6953125
wikidatawiki-20250601-pages-meta-history4.xml-p2311541p2335444.bz2,590.9150085449219,23175,1499906,64.72086299892125,622.5871438980103,634.849808216095,38894.73046875
wikidatawiki-20250601-pages-meta-history12.xml-p19209228p19275941.bz2,317.6854200363159,57596,1493152,25.92457809570109,475.8640639781952,540.6722340583801,1034.5
wikidatawiki-20250601-pages-meta-history4.xml-p2617819p2641988.bz2,559.323299407959,23481,1500378,63.89753417656829,585.7078671455383,594.1029818058014,1059.2890625
wikidatawiki-20250601-pages-meta-history27.xml-p95466085p95563970.bz2,541.5928716659546,94237,1466297,15.559674013391767,663.4103145599365,691.0274198055267,1672.84765625
wikidatawiki-20250601-pages-meta-history27.xml-p97839777p97982061.bz2,539.9184064865112,137140,1470840,10.725098439550823,882.3758118152618,956.6189641952515,6305.734375
wikidatawiki-20250601-pages-meta-history23.xml-p56825087p56825676.bz2,4160.758671760559,587,27137,46.229982964224874,1067.9961779117584,1145.1561205387115,6507.0859375
wikidatawiki-20250601-pages-meta-history16.xml-p28295306p28336990.bz2,341.19115924835205,41555,1495453,35.987318012272894,360.68574357032776,437.12137389183044,39117.3359375
wikidatawiki-20250601-pages-meta-history21.xml-p45814004p45853461.bz2,703.5447826385498,39387,823454,20.90674588062051,866.1745102405548,951.4045476913452,1010.25
wikidatawiki-20250601-pages-meta-history8.xml-p8257003p8297428.bz2,393.4685535430908,34507,1496864,43.37856087170719,439.5102491378784,443.6051070690155,2023.10546875
wikidatawiki-20250601-pages-meta-history23.xml-p59547081p59639884.bz2,1756.3752994537354,91885,1489456,16.210001632475375,1048.2356374263763,1160.0416815280914,14852.94140625
wikidatawiki-20250601-pages-meta-history23.xml-p56678462p56678591.bz2,4841.1810483932495,128,27855,217.6171875,1249.285174369812,1402.573045015335,28759.48046875
wikidatawiki-20250601-pages-meta-history21.xml-p45853462p45933290.bz2,768.2480220794678,79392,1209342,15.232542321644498,1360.2872869968414,1574.6980600357056,13986.484375
wikidatawiki-20250601-pages-meta-history21.xml-p49211383p49265914.bz2,759.7634649276733,54253,773472,14.256759994838996,1247.720822095871,1552.6606078147888,2327.11328125
wikidatawiki-20250601-pages-meta-history13.xml-p20574126p20681233.bz2,332.30525398254395,98890,1494323,15.110961674587926,369.6711723804474,403.8589849472046,39205.6640625
wikidatawiki-20250601-pages-meta-history22.xml-p55671704p55730032.bz2,451.8151397705078,53190,791733,14.884997179921038,350.94432187080383,393.2196867465973,1409.3515625
wikidatawiki-20250601-pages-meta-history1.xml-p17971p21200.bz2,1446.1214332580566,2527,583828,231.0360110803324,937.7082512378693,949.232339143753,8666.4140625
wikidatawiki-20250601-pages-meta-history25.xml-p68275664p68444286.bz2,716.062744140625,168280,1497984,8.901735203232708,1164.4364397525787,1220.983004808426,10226.6640625
wikidatawiki-20250601-pages-meta-history23.xml-p56813811p56814020.bz2,3703.0103130340576,210,22103,105.25238095238095,947.5721182823181,1107.6050379276276,15931.28515625
wikidatawiki-20250601-pages-meta-history1.xml-p433936p440460.bz2,945.0159959793091,6395,955533,149.41876465989054,917.8992273807526,933.0640003681183,1395.609375
wikidatawiki-20250601-pages-meta-history1.xml-p281462p290763.bz2,1072.6133909225464,9037,1005860,111.30463649441187,936.1255125999451,946.3574223518372,2293.4765625
wikidatawiki-20250601-pages-meta-history25.xml-p66581368p66640504.bz2,624.3975353240967,57531,1064554,18.50400653560689,864.6880619525909,877.1970443725586,818.45703125
wikidatawiki-20250601-pages-meta-history26.xml-p83169100p83180820.bz2,2374.5122747421265,11657,143829,12.338423264990993,1007.6629819869995,1593.049708366394,36869.54296875
wikidatawiki-20250601-pages-meta-history10.xml-p15054795p15083033.bz2,530.9693641662598,25867,1476256,57.071017126067964,395.200236082077,403.50009870529175,1383.2109375
wikidatawiki-20250601-pages-meta-history27.xml-p101530280p101633446.bz2,411.39582920074463,93148,1441736,15.477906127882509,381.3703408241272,425.91309881210327,1403.11328125
wikidatawiki-20250601-pages-meta-history23.xml-p56575873p56582648.bz2,4237.193138122559,6161,126695,20.56403181301737,1113.1355407238007,1266.635038614273,15342.59375
wikidatawiki-20250601-pages-meta-history7.xml-p6414428p6471842.bz2,401.6658401489258,49040,1498977,30.566415171288742,440.4740378856659,446.70123839378357,1275.8046875
wikidatawiki-20250601-pages-meta-history27.xml-p116146452p116447195.bz2,669.772777557373,296670,1483387,5.000124717699801,885.402884721756,927.9365587234497,20079.171875
wikidatawiki-20250601-pages-meta-history1.xml-p232901p237570.bz2,1180.774585723877,4600,717351,155.94586956521738,926.0588834285736,940.5138397216797,4251.60546875
wikidatawiki-20250601-pages-meta-history27.xml-p106726671p106862180.bz2,2188.995704650879,127702,1470437,11.514596482435671,1105.2111630439758,1166.750946521759,8265.515625
wikidatawiki-20250601-pages-meta-history22.xml-p52201107p52276320.bz2,792.1531934738159,74714,1070437,14.327127445994057,1349.2408859729767,1591.6239430904388,2651.1640625
wikidatawiki-20250601-pages-meta-history25.xml-p67405601p67488055.bz2,712.9029808044434,77558,1438313,18.544998581706594,865.016345500946,886.7658362388611,1033.3203125
wikidatawiki-20250601-pages-meta-history20.xml-p40496374p40523875.bz2,735.0439929962158,27432,823844,30.03222513852435,881.548317193985,959.0034546852112,1504.53125
wikidatawiki-20250601-pages-meta-history24.xml-p60680405p60777357.bz2,561.8077764511108,94176,1475420,15.66662419300034,663.9490120410919,793.805890083313,1443.88671875
wikidatawiki-20250601-pages-meta-history15.xml-p27063307p27066455.bz2,14.624223709106445,3042,68726,22.592373438527286,13.38117504119873,37.543461084365845,1172.38671875
wikidatawiki-20250601-pages-meta-history2.xml-p540662p550762.bz2,1036.108528137207,9756,1104540,113.21648216482164,905.2414920330048,916.9723272323608,8431.6796875
wikidatawiki-20250601-pages-meta-history23.xml-p56426774p56427021.bz2,3976.0618629455566,233,23790,102.1030042918455,1015.4829380512238,1090.461761713028,7526.8984375
wikidatawiki-20250601-pages-meta-history21.xml-p48385264p48443940.bz2,742.1302556991577,58465,871451,14.905516120756008,1161.293437242508,1443.2560937404633,3481.87109375
wikidatawiki-20250601-pages-meta-history17.xml-p30291260p30314785.bz2,933.8499011993408,22615,1142361,50.51342029626354,888.5647404193878,1077.4656698703766,3863.34765625
wikidatawiki-20250601-pages-meta-history27.xml-p99202297p99341262.bz2,543.264889717102,135119,1468555,10.868604711402542,729.6578443050385,853.5107221603394,2089.57421875
wikidatawiki-20250601-pages-meta-history15.xml-p26610283p26638303.bz2,883.8009967803955,27557,1374613,49.8825343832783,936.9229018688202,1149.3278651237488,37907.46484375
wikidatawiki-20250601-pages-meta-history27.xml-p101018038p101102898.bz2,494.4434700012207,78415,1477332,18.83991583243002,546.1457960605621,620.2882795333862,3204.0546875
wikidatawiki-20250601-pages-meta-history6.xml-p4829740p4862043.bz2,489.5074224472046,28088,1498998,53.367915123896324,519.3648383617401,530.8399901390076,1237.52734375
wikidatawiki-20250601-pages-meta-history3.xml-p1283734p1298378.bz2,880.2558193206787,14340,1356774,94.61464435146443,924.0715794563293,934.6026315689087,1621.984375
wikidatawiki-20250601-pages-meta-history25.xml-p71351570p71447671.bz2,681.0935592651367,95196,1185177,12.449861338711711,1001.595808506012,1080.4720692634583,1667.08984375
wikidatawiki-20250601-pages-meta-history27.xml-p97144543p97335764.bz2,613.6398468017578,186091,1477397,7.939110435217179,787.5429632663727,844.1892831325531,4466.65625
wikidatawiki-20250601-pages-meta-history1.xml-p315925p320234.bz2,1146.045184135437,4204,648090,154.1603235014272,1008.9180409908295,1031.6801717281342,18078.38671875
wikidatawiki-20250601-pages-meta-history25.xml-p66640505p66786479.bz2,487.42208671569824,137227,1226657,8.938889577124035,583.7597613334656,619.4596998691559,2151.578125
wikidatawiki-20250601-pages-meta-history19.xml-p39830186p39879402.bz2,747.3944206237793,49131,947594,19.28708961755307,1089.5421872138977,1361.2932109832764,18406.31640625
wikidatawiki-20250601-pages-meta-history26.xml-p80169128p80298921.bz2,650.4529752731323,129348,1492889,11.54164733896156,759.4100134372711,823.5690722465515,1714.65625
wikidatawiki-20250601-pages-meta-history26.xml-p84977605p85098856.bz2,677.0253772735596,119966,1498116,12.487838220829236,761.6300206184387,844.3184654712677,2356.47265625
wikidatawiki-20250601-pages-meta-history23.xml-p56811381p56811580.bz2,4304.7327880859375,200,25393,126.965,1105.5839822292328,1267.381517648697,14379.96484375
wikidatawiki-20250601-pages-meta-history11.xml-p17193070p17213961.bz2,424.03499603271484,20432,1497694,73.30138997650744,472.59845542907715,484.1644175052643,4146.78125
wikidatawiki-20250601-pages-meta-history16.xml-p29246559p29247576.bz2,737.1102867126465,880,259854,295.2886363636364,856.5968027114868,866.1811904907227,4432.64453125
wikidatawiki-20250601-pages-meta-history11.xml-p16960695p16983536.bz2,476.57919216156006,21748,1500299,68.98560787198822,531.0557291507721,569.8148682117462,2019.64453125
wikidatawiki-20250601-pages-meta-history6.xml-p5062850p5099157.bz2,464.6289749145508,33400,1495987,44.79002994011976,514.5160863399506,577.6402583122253,17681.24609375
wikidatawiki-20250601-pages-meta-history13.xml-p21290388p21379595.bz2,601.0403919219971,77191,1456909,18.874078584290913,456.808589220047,517.3143141269684,8337.3984375
wikidatawiki-20250601-pages-meta-history19.xml-p37535385p37562917.bz2,776.0400152206421,27303,554230,20.299234516353515,861.0755829811096,897.7792861461639,2767.6796875
wikidatawiki-20250601-pages-meta-history18.xml-p35095910p35125380.bz2,765.1959285736084,29083,625461,21.506068837465186,863.8614885807037,876.0168557167053,1200.4375
wikidatawiki-20250601-pages-meta-history23.xml-p56798560p56799005.bz2,4557.878786087036,437,32050,73.34096109839817,1193.3876445293427,1327.2409992218018,25866.5
wikidatawiki-20250601-pages-meta-history1.xml-p217878p224680.bz2,1129.9466590881348,6701,871647,130.07715266378153,922.5863964557648,932.4740214347839,4140.72265625
wikidatawiki-20250601-pages-meta-history20.xml-p43380092p43419660.bz2,1260.4580545425415,39338,700675,17.811657938888608,969.0000293254852,1157.768005847931,9982.77734375
wikidatawiki-20250601-pages-meta-history23.xml-p56428102p56428569.bz2,3990.9311990737915,455,29808,65.5120879120879,1037.9005155563354,1134.1399312019348,39304.04296875
wikidatawiki-20250601-pages-meta-history27.xml-p100486897p100563399.bz2,455.8036584854126,74723,1485404,19.878805722468318,639.7080972194672,739.1065649986267,1926.5859375
wikidatawiki-20250601-pages-meta-history12.xml-p19567220p19574574.bz2,1082.8037958145142,7251,937913,129.34946903875328,861.4609370231628,1512.774743795395,8924.43359375
wikidatawiki-20250601-pages-meta-history26.xml-p81323930p81400299.bz2,476.40640449523926,75602,1456905,19.270720351313457,420.914746761322,494.7043879032135,1747.51171875
wikidatawiki-20250601-pages-meta-history19.xml-p39631039p39669252.bz2,790.3613033294678,37920,818715,21.590585443037973,883.521612405777,1061.8206703662872,18300.09375
wikidatawiki-20250601-pages-meta-history2.xml-p1069829p1087442.bz2,898.3588361740112,17087,1459553,85.41891496459297,911.0706589221954,919.341451883316,2167.71875
wikidatawiki-20250601-pages-meta-history27.xml-p111221499p111403261.bz2,431.4613847732544,170029,1457780,8.573713895864824,561.41606092453,587.4215686321259,11746.26953125
wikidatawiki-20250601-pages-meta-history1.xml-p185302p187815.bz2,1318.2412300109863,2466,469355,190.33049472830496,933.371710062027,987.5358281135559,7331.828125
wikidatawiki-20250601-pages-meta-history11.xml-p16839638p16878342.bz2,628.1138343811035,34694,1480770,42.68086700870467,594.5479876995087,614.9638633728027,3952.8125
wikidatawiki-20250601-pages-meta-history10.xml-p14793962p14856977.bz2,1091.6445989608765,37828,1461536,38.636354023474674,511.1673686504364,515.0814673900604,4463.88671875
wikidatawiki-20250601-pages-meta-history27.xml-p99857486p99983764.bz2,1037.5998306274414,100747,1423566,14.130108092548662,1025.9714629650116,1119.4293375015259,8899.0625
wikidatawiki-20250601-pages-meta-history27.xml-p94280663p94456230.bz2,645.3075084686279,174446,1496106,8.576327344851702,1231.7010653018951,1315.7358267307281,2157.203125
wikidatawiki-20250601-pages-meta-history27.xml-p102609284p102660214.bz2,1762.5097246170044,14735,321548,21.822056328469632,879.7862775325775,893.1617872714996,3117.92578125
wikidatawiki-20250601-pages-meta-history22.xml-p52175576p52201106.bz2,618.9624710083008,25115,1497445,59.623531753931914,892.8874258995056,1022.2346384525299,3067.75
wikidatawiki-20250601-pages-meta-history27.xml-p109020929p109189251.bz2,416.53112411499023,161854,1467361,9.065954502205692,689.7608108520508,741.057365655899,38202.1640625
wikidatawiki-20250601-pages-meta-history4.xml-p2641989p2673351.bz2,455.3655490875244,29832,1498412,50.22834540091177,455.69324254989624,475.8436801433563,18052.5390625
wikidatawiki-20250601-pages-meta-history20.xml-p44193732p44247430.bz2,734.0601491928101,53333,988498,18.53445334033338,1059.9000329971313,1320.3235385417938,18219.8046875
wikidatawiki-20250601-pages-meta-history19.xml-p38150939p38173145.bz2,1010.3872890472412,22102,447448,20.244683739028144,965.0659351348877,1405.4160945415497,31702.3984375
wikidatawiki-20250601-pages-meta-history20.xml-p41325458p41344471.bz2,802.5480527877808,18990,615252,32.39873617693523,851.0233764648438,869.5465815067291,5124.7421875
wikidatawiki-20250601-pages-meta-history9.xml-p13286021p13347006.bz2,471.94019985198975,52802,1495358,28.32010151130639,572.0462625026703,683.6963279247284,4985.96875
wikidatawiki-20250601-pages-meta-history20.xml-p43519905p43561843.bz2,738.0616493225098,41627,787829,18.92591346962308,1036.7398471832275,1410.966563463211,4358.1484375
wikidatawiki-20250601-pages-meta-history27.xml-p101719199p101823676.bz2,412.8921089172363,92576,1436616,15.518233667473211,595.2418329715729,674.443329334259,2576.88671875
wikidatawiki-20250601-pages-meta-history25.xml-p72210274p72277923.bz2,647.731595993042,67221,1069925,15.916529060858958,844.5178699493408,876.7713165283203,2147.62890625
wikidatawiki-20250601-pages-meta-history15.xml-p26583789p26610282.bz2,902.63330078125,26216,1178313,44.94633048519988,876.0679183006287,1155.889954328537,12313.5859375
wikidatawiki-20250601-pages-meta-history8.xml-p9450999p9510674.bz2,469.6140480041504,52634,1499630,28.491659383668352,585.9937784671783,675.2013885974884,2497.1015625
wikidatawiki-20250601-pages-meta-history20.xml-p40936876p40965305.bz2,896.1945266723633,28315,731226,25.82468656189299,885.939838886261,1105.7311441898346,10973.20703125
wikidatawiki-20250601-pages-meta-history27.xml-p120038636p120279726.bz2,516.8635234832764,233254,1469984,6.302074133776912,962.1677994728088,992.9048109054565,2878.21875
wikidatawiki-20250601-pages-meta-history26.xml-p80428611p80558071.bz2,930.9678506851196,129051,1495693,11.589937311605489,856.3087849617004,880.4794964790344,19458.63671875
wikidatawiki-20250601-pages-meta-history23.xml-p56856545p56862449.bz2,3060.968198776245,5900,167870,28.452542372881357,1002.8298659324646,1019.4706385135651,39601.16015625
wikidatawiki-20250601-pages-meta-history27.xml-p121826468p122334549.bz2,759.8694725036621,503943,1480527,2.937885832326275,1342.3885416984558,1363.981239080429,2148.54296875
wikidatawiki-20250601-pages-meta-history20.xml-p41885722p41940820.bz2,736.3706645965576,54897,934358,17.020201468204093,1271.5710666179657,1548.9947671890259,3074.5234375
wikidatawiki-20250601-pages-meta-history22.xml-p54455412p54526313.bz2,800.1815156936646,69897,1008157,14.42346595705109,1528.485597372055,1794.902262210846,2832.84375
wikidatawiki-20250601-pages-meta-history19.xml-p37028248p37059174.bz2,790.3316459655762,30720,582990,18.9775390625,859.6971402168274,986.8993971347809,5610.61328125
wikidatawiki-20250601-pages-meta-history5.xml-p3659783p3688650.bz2,473.857967376709,26506,1499983,56.59031917301743,540.6487007141113,664.4114465713501,11933.9765625
wikidatawiki-20250601-pages-meta-history27.xml-p111115591p111122043.bz2,279.12959384918213,6346,1499675,236.31815316734952,563.006377696991,567.9763622283936,18080.6640625
wikidatawiki-20250601-pages-meta-history25.xml-p73225473p73400194.bz2,750.4681768417358,174201,1497987,8.599187145883205,1658.8672301769257,1735.7894608974457,4844.3203125
wikidatawiki-20250601-pages-meta-history16.xml-p29245515p29246558.bz2,738.8712034225464,919,254667,277.1131664853101,843.3696970939636,851.2767333984375,1960.48046875
wikidatawiki-20250601-pages-meta-history8.xml-p9091767p9157327.bz2,424.96373176574707,43068,1498662,34.79757592644191,438.6757514476776,573.3598530292511,2442.890625
wikidatawiki-20250601-pages-meta-history2.xml-p694353p704705.bz2,904.1664066314697,10027,1172532,116.93746883414781,916.6107153892517,932.0703656673431,3506.94140625
wikidatawiki-20250601-pages-meta-history1.xml-p118890p125389.bz2,1419.489860534668,6409,868377,135.49336870026525,933.2108287811279,944.8251709938049,9757.12890625
wikidatawiki-20250601-pages-meta-history27.xml-p107019485p107129631.bz2,3048.5625886917114,103429,1274590,12.323332914366377,1177.894285917282,1249.2077131271362,10996.73828125
wikidatawiki-20250601-pages-meta-history26.xml-p86310057p86354869.bz2,1877.091383934021,44622,590125,13.224978710053337,961.8299007415771,1393.3194942474365,30964.78515625
wikidatawiki-20250601-pages-meta-history15.xml-p25813838p25870448.bz2,284.0367364883423,55608,1481279,26.637875845202128,406.67133259773254,472.99754309654236,12056.95703125
wikidatawiki-20250601-pages-meta-history3.xml-p1740432p1764724.bz2,581.2344598770142,23692,1500331,63.326481512746916,618.3525695800781,798.8489027023315,3307.421875
wikidatawiki-20250601-pages-meta-history23.xml-p56924870p56925229.bz2,4131.035003662109,359,26211,73.01114206128133,1054.0645525455475,1132.4656205177307,9604.21484375
wikidatawiki-20250601-pages-meta-history26.xml-p86942720p86946682.bz2,2440.96089553833,3954,78150,19.764795144157816,1406.2981967926025,1864.6498601436615,37478.68359375
wikidatawiki-20250601-pages-meta-history9.xml-p12399646p12481521.bz2,359.28279399871826,75841,1497811,19.749357207842724,699.2218518257141,781.9628386497498,5128.47265625
wikidatawiki-20250601-pages-meta-history17.xml-p30679198p30757674.bz2,1273.5118989944458,76011,1473722,19.388272749996712,750.2055678367615,768.0271077156067,14909.8828125
wikidatawiki-20250601-pages-meta-history23.xml-p55913323p55993815.bz2,554.8002939224243,74536,1449916,19.452559836857358,902.5644028186798,1086.314604997635,3716.0625
wikidatawiki-20250601-pages-meta-history2.xml-p450276p457567.bz2,1177.2863759994507,7184,811049,112.89657572383074,913.1293606758118,920.5696177482605,19237.40234375
wikidatawiki-20250601-pages-meta-history26.xml-p86724649p86772990.bz2,874.3602304458618,45056,767972,17.04483309659091,891.3306500911713,901.3410420417786,4755.48828125
wikidatawiki-20250601-pages-meta-history16.xml-p27422303p27664309.bz2,419.5938491821289,218977,1460990,6.671887915169173,658.0642673969269,687.9792017936707,3013.0
wikidatawiki-20250601-pages-meta-history27.xml-p108356979p108388218.bz2,2730.0767726898193,29985,270962,9.03658495914624,1278.4090700149536,2308.868674993515,81599.34375
wikidatawiki-20250601-pages-meta-history14.xml-p24196426p24269364.bz2,461.2517080307007,71517,1493814,20.88753722891061,489.41688656806946,836.9506397247314,13826.5546875
wikidatawiki-20250601-pages-meta-history23.xml-p58702552p58785087.bz2,1794.2785329818726,81515,1169177,14.343090228792247,1726.9666631221771,1882.9107825756073,41046.49609375
wikidatawiki-20250601-pages-meta-history17.xml-p30234728p30249347.bz2,1537.7817783355713,14113,835003,59.16552115071211,907.5058524608612,1031.251306772232,10973.21875
wikidatawiki-20250601-pages-meta-history27.xml-p125590830p125831815.bz2,2199.654044151306,230142,1464261,6.362424068618505,1161.3217871189117,1218.7353820800781,27672.30078125
wikidatawiki-20250601-pages-meta-history20.xml-p41557090p41595485.bz2,689.0541553497314,37999,819419,21.564225374351956,862.9798521995544,1164.2208864688873,3042.38671875
wikidatawiki-20250601-pages-meta-history26.xml-p84620764p84744087.bz2,725.0414533615112,122297,1492559,12.20437950235901,719.3697638511658,767.5559906959534,5450.859375
wikidatawiki-20250601-pages-meta-history18.xml-p32063344p32089601.bz2,782.8695068359375,26053,623085,23.916055732545196,858.0303411483765,1243.0501334667206,5036.50390625
wikidatawiki-20250601-pages-meta-history4.xml-p2577727p2599831.bz2,537.6846618652344,21543,1498824,69.57359699206239,572.2704219818115,767.9734742641449,2579.375
wikidatawiki-20250601-pages-meta-history8.xml-p8880362p8951810.bz2,340.03808403015137,51147,1499375,29.31501358828475,371.7931523323059,376.5994963645935,12126.6171875
wikidatawiki-20250601-pages-meta-history27.xml-p94456231p94614281.bz2,656.5693731307983,156159,1489591,9.538937877419809,1198.1563379764557,1256.5716705322266,3710.328125
wikidatawiki-20250601-pages-meta-history12.xml-p19120666p19162597.bz2,377.0934591293335,38570,1486245,38.53370495203526,572.5144038200378,779.7938687801361,5045.12109375
wikidatawiki-20250601-pages-meta-history20.xml-p41344472p41372747.bz2,757.8931131362915,28002,724425,25.870473537604457,872.7614936828613,961.7704572677612,3872.73828125
wikidatawiki-20250601-pages-meta-history1.xml-p328303p338978.bz2,986.6251831054688,10552,1117753,105.92807050796057,930.7249886989594,936.7388064861298,3123.4375
wikidatawiki-20250601-pages-meta-history26.xml-p86829606p86831216.bz2,2131.724606513977,1610,51136,31.761490683229813,915.7004306316376,1442.2195918560028,43420.3671875
wikidatawiki-20250601-pages-meta-history23.xml-p58868068p58969130.bz2,1348.6064376831055,100847,1499030,14.864398544329529,1421.0597755908966,1570.912226676941,12566.1953125
wikidatawiki-20250601-pages-meta-history23.xml-p56676775p56676934.bz2,3967.2887325286865,160,24227,151.41875,1017.3260245323181,1173.2349390983582,14222.7734375
wikidatawiki-20250601-pages-meta-history18.xml-p35480673p35504520.bz2,758.4031915664673,23794,555585,23.34979406573086,853.9977219104767,890.0153889656067,3194.1015625
wikidatawiki-20250601-pages-meta-history19.xml-p37270956p37296687.bz2,740.1928291320801,25718,550799,21.41686756357415,848.158685207367,986.4808540344238,3297.84765625
wikidatawiki-20250601-pages-meta-history19.xml-p37634038p37657011.bz2,731.7572336196899,22923,537409,23.444095449984733,847.3812351226807,860.54518866539,4137.7265625
wikidatawiki-20250601-pages-meta-history27.xml-p94614282p94770088.bz2,539.3729753494263,155092,1497686,9.65675856910737,1067.905745267868,1176.6627345085144,39136.91015625
wikidatawiki-20250601-pages-meta-history2.xml-p662326p668980.bz2,1005.9139604568481,6565,927775,141.32140137090633,928.8816435337067,936.094384431839,5270.9921875
wikidatawiki-20250601-pages-meta-history21.xml-p49107077p49160308.bz2,751.717526435852,53111,767484,14.450565796162753,1397.8684470653534,1706.9881303310394,19394.96484375
wikidatawiki-20250601-pages-meta-history26.xml-p83360249p83385068.bz2,1605.5723905563354,24685,244324,9.897670650192424,817.1619684696198,973.3616719245911,34938.07421875
wikidatawiki-20250601-pages-meta-history2.xml-p520831p529476.bz2,887.0796613693237,8447,1107541,131.11649106191547,925.553359746933,934.6268615722656,4910.21484375
wikidatawiki-20250601-pages-meta-history5.xml-p3455241p3489147.bz2,525.857666015625,31174,1499278,48.09386026817219,565.2735371589661,789.1436653137207,3593.83984375
wikidatawiki-20250601-pages-meta-history18.xml-p35592352p35616653.bz2,747.556393623352,24267,550858,22.69988049614703,859.6314623355865,875.8062100410461,18100.17578125
wikidatawiki-20250601-pages-meta-history27.xml-p106862181p107019484.bz2,868.3873634338379,149925,1467320,9.787026846756712,824.0016722679138,870.9150950908661,3852.6875
wikidatawiki-20250601-pages-meta-history24.xml-p65184419p65238188.bz2,502.1379690170288,52055,1486129,28.549207568917492,592.1849603652954,602.6250171661377,3110.6015625
wikidatawiki-20250601-pages-meta-history14.xml-p23220033p23262753.bz2,975.1183633804321,40918,1479334,36.15362432181436,1047.0913710594177,1250.764740228653,4969.765625
wikidatawiki-20250601-pages-meta-history21.xml-p47355264p47410473.bz2,768.2796354293823,55070,803207,14.585200653713455,1341.8228058815002,1625.9739208221436,3911.03515625
wikidatawiki-20250601-pages-meta-history13.xml-p22085901p22173780.bz2,273.2713842391968,82810,1499111,18.103018959062915,301.5416328907013,354.60185503959656,3341.7265625
wikidatawiki-20250601-pages-meta-history23.xml-p56817562p56817841.bz2,4206.448615074158,279,25910,92.8673835125448,1093.5285122394562,1258.8880715370178,18349.203125
wikidatawiki-20250601-pages-meta-history26.xml-p86298306p86310056.bz2,2212.7426500320435,11639,184396,15.84294183349085,1182.9981791973114,1673.8417954444885,36630.0625
wikidatawiki-20250601-pages-meta-history8.xml-p9910666p10536263.bz2,242.17123317718506,74432,1500067,20.153522678417886,234.4839324951172,244.52884221076965,3268.1875
wikidatawiki-20250601-pages-meta-history7.xml-p6921599p6966958.bz2,515.2156229019165,34880,1495332,42.87075688073394,509.3892705440521,659.1958844661713,39439.953125
wikidatawiki-20250601-pages-meta-history10.xml-p15465339p15508760.bz2,278.7382068634033,40855,1496539,36.630498103047366,270.16770458221436,295.46360325813293,2991.9140625
wikidatawiki-20250601-pages-meta-history1.xml-p355371p362636.bz2,1029.4888067245483,7156,989957,138.33943543879263,962.4975275993347,968.4127495288849,5126.73046875
wikidatawiki-20250601-pages-meta-history25.xml-p70968214p70970216.bz2,724.2805700302124,1995,256014,128.32781954887218,834.8043391704559,843.3929550647736,4063.359375
wikidatawiki-20250601-pages-meta-history23.xml-p56677639p56677759.bz2,4012.7937021255493,119,23541,197.8235294117647,1030.9995481967926,1183.4930419921875,14690.74609375
wikidatawiki-20250601-pages-meta-history9.xml-p13731014p13765445.bz2,576.2089805603027,23717,1489907,62.82021334907451,399.56826972961426,404.6788218021393,4247.03515625
wikidatawiki-20250601-pages-meta-history21.xml-p48181272p48209364.bz2,838.421067237854,27877,612622,21.975894106252465,855.1322968006134,914.15336561203,19093.2734375
wikidatawiki-20250601-pages-meta-history25.xml-p68844556p68909109.bz2,417.60206413269043,64532,1498124,23.215211058079714,470.26555252075195,481.27633476257324,38834.02734375
wikidatawiki-20250601-pages-meta-history10.xml-p15189967p15217104.bz2,559.7171068191528,24548,1485377,60.50908424311553,409.08151149749756,422.2424635887146,4406.5703125
wikidatawiki-20250601-pages-meta-history20.xml-p44061925p44108162.bz2,754.4859771728516,45996,1001242,21.768023306374467,895.746595621109,1191.9195773601532,3803.89453125
wikidatawiki-20250601-pages-meta-history27.xml-p98381956p98534824.bz2,1184.6448602676392,149889,1475034,9.840842223245202,975.5053646564484,1070.7707493305206,10080.75
wikidatawiki-20250601-pages-meta-history1.xml-p263110p266636.bz2,1085.3508472442627,3494,716267,204.99914138523184,946.0585162639618,997.147381067276,19059.015625
wikidatawiki-20250601-pages-meta-history6.xml-p5099158p5129336.bz2,489.4398031234741,28266,1497507,52.979091488006794,536.4672899246216,757.5978376865387,3755.0234375
wikidatawiki-20250601-pages-meta-history18.xml-p35504521p35525961.bz2,770.8201932907104,21421,513489,23.97128985574903,856.5619649887085,874.8181986808777,3744.578125
wikidatawiki-20250601-pages-meta-history5.xml-p3828688p3866313.bz2,569.5104522705078,33015,1499484,45.41826442526124,572.2421224117279,825.4244821071625,3958.140625
wikidatawiki-20250601-pages-meta-history24.xml-p65504211p65563491.bz2,402.1177816390991,58379,1481099,25.37040716696072,535.8330564498901,570.2943251132965,3607.51953125
wikidatawiki-20250601-pages-meta-history19.xml-p37562918p37586900.bz2,739.2731008529663,23935,554281,23.157760601629413,852.2722952365875,867.9020249843597,3799.15625
wikidatawiki-20250601-pages-meta-history23.xml-p57683038p57735767.bz2,2356.9602603912354,52213,683081,13.082584796889664,1268.6193838119507,1375.186530828476,18976.5859375
wikidatawiki-20250601-pages-meta-history10.xml-p16214570p16236979.bz2,265.837797164917,21289,1025172,48.155009629386065,248.29437232017517,262.9878225326538,3540.828125
wikidatawiki-20250601-pages-meta-history18.xml-p35910840p35934410.bz2,769.7874174118042,23377,558563,23.893698934850494,867.9521007537842,919.2579097747803,4537.25
wikidatawiki-20250601-pages-meta-history19.xml-p39371857p39404070.bz2,802.9941873550415,31955,643533,20.13872633390706,873.5944633483887,1133.3823986053467,6444.75390625
wikidatawiki-20250601-pages-meta-history23.xml-p56819995p56820125.bz2,4276.819532394409,130,24959,191.9923076923077,1099.426010131836,1213.5336828231812,15222.4453125
wikidatawiki-20250601-pages-meta-history25.xml-p65585259p65727057.bz2,462.0614356994629,139153,1473193,10.586857631527886,503.83226680755615,552.9683330059052,3780.8515625
wikidatawiki-20250601-pages-meta-history6.xml-p5905259p5942307.bz2,529.340838432312,30203,1499996,49.66380823097043,565.8628873825073,729.0424304008484,4577.796875
wikidatawiki-20250601-pages-meta-history13.xml-p20989020p21084067.bz2,297.2820224761963,92087,1495531,16.240413956367348,466.2516531944275,522.1378364562988,4116.80859375
wikidatawiki-20250601-pages-meta-history1.xml-p172465p176365.bz2,1206.0340518951416,3864,629020,162.78985507246378,927.1735227108002,938.3790895938873,39835.6875
wikidatawiki-20250601-pages-meta-history10.xml-p16015043p16050870.bz2,367.0204095840454,34406,1495103,43.45471720048829,350.20887899398804,356.8912148475647,4327.1640625
wikidatawiki-20250601-pages-meta-history1.xml-p45327p47532.bz2,1402.299415588379,2142,504262,235.41643323996266,923.6136536598206,935.0609419345856,8329.8359375
wikidatawiki-20250601-pages-meta-history20.xml-p43419661p43461268.bz2,811.9035959243774,41342,749472,18.128585941657395,954.3323564529419,1260.1052615642548,4354.4453125
wikidatawiki-20250601-pages-meta-history1.xml-p393014p400658.bz2,1441.0814638137817,7542,743708,98.60885706709095,934.4595499038696,946.3311469554901,18985.10546875
wikidatawiki-20250601-pages-meta-history24.xml-p62074106p62086975.bz2,1046.4651374816895,12826,140503,10.954545454545455,891.1289572715759,923.9805672168732,9221.0078125
wikidatawiki-20250601-pages-meta-history24.xml-p63822110p63932820.bz2,601.7149143218994,108939,1484473,13.626644268810987,1079.5223999023438,1258.9194011688232,19392.83984375
wikidatawiki-20250601-pages-meta-history26.xml-p79386974p79511777.bz2,734.674786567688,124423,1498072,12.040153347853693,792.9633901119232,836.1922752857208,4025.26171875
wikidatawiki-20250601-pages-meta-history24.xml-p64365126p64453708.bz2,522.4667472839355,83648,1287671,15.393924540933435,782.8289437294006,848.1932904720306,12870.21875
wikidatawiki-20250601-pages-meta-history14.xml-p23438253p23488765.bz2,406.51441383361816,49460,1483302,29.989931257581883,601.9863646030426,801.0629498958588,4723.65625
wikidatawiki-20250601-pages-meta-history13.xml-p20017913p20063875.bz2,708.3927354812622,42855,1484612,34.642678800606696,451.9920084476471,529.2390830516815,7117.73046875
wikidatawiki-20250601-pages-meta-history23.xml-p56676260p56676450.bz2,4385.911726951599,189,27267,144.26984126984127,1129.618787765503,1280.7207903862,14495.87109375
wikidatawiki-20250601-pages-meta-history18.xml-p34187380p34324729.bz2,411.0949230194092,124552,1489830,11.961510052026464,497.0640757083893,577.5616974830627,4550.56640625
wikidatawiki-20250601-pages-meta-history23.xml-p55730033p55785692.bz2,496.00285625457764,53183,1473179,27.700186149709495,844.540066242218,968.0456581115723,5901.0234375
wikidatawiki-20250601-pages-meta-history27.xml-p105075556p105165679.bz2,351.9202404022217,87274,1487577,17.044904553475263,479.1674530506134,580.3450698852539,3882.48046875
wikidatawiki-20250601-pages-meta-history27.xml-p103654650p103734226.bz2,445.44757175445557,60996,1471837,24.13005770870221,450.73848366737366,531.4344260692596,4172.66015625
wikidatawiki-20250601-pages-meta-history12.xml-p19628072p19675953.bz2,347.0250720977783,45675,1488419,32.5871702244116,492.5785913467407,575.3015477657318,19193.203125
wikidatawiki-20250601-pages-meta-history1.xml-p273912p281461.bz2,1041.337622642517,7396,929018,125.61087074094105,922.8877980709076,940.7651476860046,7105.4765625
wikidatawiki-20250601-pages-meta-history16.xml-p28850941p28887911.bz2,919.0956335067749,35798,1262557,35.26892563830381,872.7168936729431,1021.9347987174988,3909.25
wikidatawiki-20250601-pages-meta-history22.xml-p51346321p51397492.bz2,482.1758279800415,49385,1471799,29.802551381998583,598.7788240909576,851.5434458255768,5856.90234375
wikidatawiki-20250601-pages-meta-history1.xml-p213231p217877.bz2,1164.8337984085083,4518,670645,148.43846834882692,912.296187877655,938.1047585010529,6390.84765625
wikidatawiki-20250601-pages-meta-history27.xml-p115531210p115849201.bz2,662.1480808258057,308706,1461856,4.735431122168017,1105.3892617225647,1155.356823682785,40765.44921875
wikidatawiki-20250601-pages-meta-history2.xml-p970559p989222.bz2,856.6366720199585,18036,1499760,83.15369261477046,904.9656987190247,928.8800797462463,13072.765625
wikidatawiki-20250601-pages-meta-history11.xml-p17636050p17670284.bz2,303.10417652130127,29442,1018154,34.58168602676449,369.5336937904358,450.8056654930115,3974.7421875
wikidatawiki-20250601-pages-meta-history10.xml-p15143615p15166462.bz2,341.8883943557739,21727,1491175,68.63234684954205,382.45768427848816,389.54082131385803,11819.12109375
wikidatawiki-20250601-pages-meta-history2.xml-p925087p935042.bz2,879.805006980896,9789,1185096,121.06405148636225,933.165016412735,944.8427414894104,5535.03125
wikidatawiki-20250601-pages-meta-history19.xml-p39171242p39179338.bz2,897.7045373916626,8062,381477,47.31791118829074,889.6052238941193,910.1384682655334,4600.2890625
wikidatawiki-20250601-pages-meta-history18.xml-p35886911p35910839.bz2,797.3172826766968,23100,535210,23.16926406926407,862.8958542346954,1073.7723767757416,4626.25390625
wikidatawiki-20250601-pages-meta-history24.xml-p63725070p63774353.bz2,2041.801019668579,47894,695371,14.518958533427988,1361.7192883491516,1696.1513185501099,18318.0234375
wikidatawiki-20250601-pages-meta-history10.xml-p16083648p16113311.bz2,353.26787662506104,28298,1493304,52.77065516997668,333.15663623809814,339.3707823753357,4004.50390625
wikidatawiki-20250601-pages-meta-history25.xml-p75739979p75798893.bz2,196.04716873168945,58274,742808,12.7468167621924,383.78148317337036,473.599333524704,39457.28515625
wikidatawiki-20250601-pages-meta-history27.xml-p92204144p92317031.bz2,1062.0263967514038,112390,1174567,10.45081412937094,1363.7448251247406,1493.5008187294006,19437.234375
wikidatawiki-20250601-pages-meta-history22.xml-p50690486p50795522.bz2,429.55108642578125,103384,1497576,14.485568366478372,806.7319128513336,925.1514077186584,4948.890625
wikidatawiki-20250601-pages-meta-history27.xml-p103368813p103464674.bz2,335.23250675201416,90924,1479331,16.269972724473185,488.89378023147583,532.7027225494385,12452.12890625
wikidatawiki-20250601-pages-meta-history25.xml-p71243850p71351569.bz2,732.0948781967163,106911,1155802,10.81088007782174,1090.1268994808197,1192.7304139137268,4944.734375
wikidatawiki-20250601-pages-meta-history10.xml-p15417910p15465338.bz2,261.2756414413452,45931,1498906,32.633863839237115,242.81541967391968,245.67204356193542,4347.50390625
wikidatawiki-20250601-pages-meta-history5.xml-p4452285p4469004.bz2,241.22776985168457,15142,831433,54.90906089023907,254.5639476776123,425.8090069293976,4121.00390625
wikidatawiki-20250601-pages-meta-history20.xml-p41684109p41733232.bz2,762.3261594772339,48990,839502,17.136191059399877,1274.3330409526825,1498.2288990020752,9479.37890625
wikidatawiki-20250601-pages-meta-history19.xml-p38632518p38658204.bz2,755.315375328064,25664,568890,22.16684850374065,839.8060047626495,1007.6677677631378,13332.87109375
wikidatawiki-20250601-pages-meta-history12.xml-p19162598p19209227.bz2,418.7460603713989,40623,1487174,36.609162297220784,420.3663625717163,538.0748853683472,12566.703125
wikidatawiki-20250601-pages-meta-history25.xml-p75241995p75376718.bz2,483.92306900024414,134387,1497543,11.143510905072663,673.094789981842,742.0367736816406,4344.82421875
wikidatawiki-20250601-pages-meta-history25.xml-p72842540p72974729.bz2,696.1633052825928,131876,1330791,10.091229639964816,1368.321073770523,1472.444536447525,5843.82421875
wikidatawiki-20250601-pages-meta-history24.xml-p61864742p61951100.bz2,2981.7178983688354,83007,1419172,17.09701591432048,1512.8367779254913,1678.6005511283875,25417.57421875
wikidatawiki-20250601-pages-meta-history23.xml-p59710014p59808592.bz2,612.9993734359741,97991,1494803,15.254492759539142,1408.9992508888245,1578.862032175064,4806.54296875
wikidatawiki-20250601-pages-meta-history15.xml-p25910958p25946748.bz2,708.6607999801636,34453,1472213,42.73105389951528,876.4022288322449,1003.07390666008,39578.9296875
wikidatawiki-20250601-pages-meta-history27.xml-p91199625p91311198.bz2,849.4888257980347,111204,1218867,10.960639905039388,1422.211622953415,1588.73206782341,4685.50390625
wikidatawiki-20250601-pages-meta-history2.xml-p854324p868752.bz2,897.0864152908325,14015,1251248,89.27920085622547,918.0600533485413,929.5494983196259,5194.0390625
wikidatawiki-20250601-pages-meta-history18.xml-p33990230p34187379.bz2,353.6666269302368,175935,1494782,8.496217352999688,448.2804846763611,484.1695384979248,12311.140625
wikidatawiki-20250601-pages-meta-history23.xml-p56933774p56933953.bz2,4019.48920917511,180,23255,129.19444444444446,1031.0455276966095,1120.7068977355957,21731.65625
wikidatawiki-20250601-pages-meta-history21.xml-p48443941p48495515.bz2,955.7710857391357,51279,896371,17.48027457633729,1293.0487549304962,1496.599045753479,7336.20703125
wikidatawiki-20250601-pages-meta-history27.xml-p90302854p90423466.bz2,1167.9610614776611,120159,1336869,11.125833270916036,1027.4352259635925,1125.5128560066223,9531.6640625
wikidatawiki-20250601-pages-meta-history17.xml-p30557013p30612311.bz2,836.907585144043,52772,1474208,27.93542029864322,568.0530200004578,734.2402954101562,7563.5078125
wikidatawiki-20250601-pages-meta-history9.xml-p13643275p13731013.bz2,1017.2648048400879,60396,1481426,24.528544936750777,479.64363384246826,571.9954168796539,5628.17578125
wikidatawiki-20250601-pages-meta-history5.xml-p3489148p3523030.bz2,445.1181592941284,31444,1499491,47.68766696349065,531.1114680767059,800.1257660388947,4500.328125
wikidatawiki-20250601-pages-meta-history27.xml-p111756351p111980750.bz2,1168.2677488327026,211976,1447583,6.82899479186323,908.5694735050201,951.5953023433685,14491.8203125
wikidatawiki-20250601-pages-meta-history14.xml-p22979734p23036886.bz2,548.8127098083496,49752,1455151,29.24809052902396,964.962705373764,1320.8303053379059,7260.00390625
wikidatawiki-20250601-pages-meta-history16.xml-p28702358p28712543.bz2,933.5313053131104,10036,672222,66.98106815464328,866.308141708374,878.7552514076233,19745.66796875
wikidatawiki-20250601-pages-meta-history22.xml-p53948566p54002533.bz2,1051.4009294509888,52829,656982,12.436010524522516,1276.1040484905243,1585.2683534622192,6165.09375
wikidatawiki-20250601-pages-meta-history16.xml-p28682296p28702357.bz2,930.9345092773438,19672,878334,44.64894265961773,862.115531206131,880.612918138504,39505.3203125
wikidatawiki-20250601-pages-meta-history20.xml-p41807222p41833878.bz2,810.5900917053223,26601,648051,24.361903687831283,880.2545773983002,987.0017187595367,5331.51171875
wikidatawiki-20250601-pages-meta-history19.xml-p37436584p37461773.bz2,740.7170829772949,25108,541231,21.556117572088578,851.4519784450531,878.5476446151733,12307.546875
wikidatawiki-20250601-pages-meta-history14.xml-p23549845p23565952.bz2,4784.3160009384155,15379,567680,36.91267312569088,1531.8476736545563,2407.478194952011,71911.73828125
wikidatawiki-20250601-pages-meta-history24.xml-p60511778p60600530.bz2,695.2193880081177,86936,1482459,17.052302843471058,1219.1175491809845,1505.7278289794922,7934.234375
wikidatawiki-20250601-pages-meta-history21.xml-p50170932p50283242.bz2,706.0489082336426,111586,1498353,13.427786639901063,1087.8457129001617,1187.7435183525085,13692.69921875
wikidatawiki-20250601-pages-meta-history25.xml-p70972509p70975254.bz2,683.72336769104,2738,292984,107.00657414170928,823.4207963943481,837.3187201023102,13143.50390625
wikidatawiki-20250601-pages-meta-history19.xml-p37507211p37535384.bz2,760.9913787841797,27981,539573,19.28354955148136,856.3562386035919,915.7321515083313,4903.0546875
wikidatawiki-20250601-pages-meta-history13.xml-p21084068p21177144.bz2,329.5473508834839,88072,1488934,16.905872467980743,544.2514288425446,704.5071442127228,19613.625
wikidatawiki-20250601-pages-meta-history3.xml-p1266862p1283733.bz2,859.3134412765503,16432,1500130,91.29320837390458,929.5533757209778,1268.2986783981323,4398.30859375
wikidatawiki-20250601-pages-meta-history17.xml-p31223900p31293563.bz2,807.9981756210327,67182,1485149,22.10635289214373,764.8803560733795,903.8905971050262,8038.65625
wikidatawiki-20250601-pages-meta-history8.xml-p9378543p9450998.bz2,450.16018867492676,56012,1499091,26.76374705420267,731.0045144557953,1065.5549297332764,4482.65625
wikidatawiki-20250601-pages-meta-history26.xml-p86241876p86298305.bz2,2413.1988773345947,56311,794943,14.117010885972546,1039.7370121479034,1556.3722240924835,26359.359375
wikidatawiki-20250601-pages-meta-history17.xml-p30174918p30197927.bz2,758.7105894088745,22235,916616,41.22401619069035,892.5883603096008,1207.490879058838,5405.5078125
wikidatawiki-20250601-pages-meta-history1.xml-p65143p69897.bz2,939.9179210662842,4717,869746,184.38541445834215,910.3137941360474,938.0215373039246,12393.97265625
wikidatawiki-20250601-pages-meta-history27.xml-p90423467p90550615.bz2,1188.0925979614258,126237,1378818,10.922455381544237,1639.238273382187,1759.9483532905579,11194.48828125
wikidatawiki-20250601-pages-meta-history12.xml-p18773687p18814716.bz2,373.8487482070923,37355,1497270,40.08218444652657,697.9501657485962,942.4001977443695,60446.76953125
wikidatawiki-20250601-pages-meta-history27.xml-p88293402p88387098.bz2,1254.9015083312988,93179,1276056,13.694673692570214,929.4608356952667,1179.5141150951385,54442.7890625
wikidatawiki-20250601-pages-meta-history21.xml-p46476639p46557571.bz2,777.1440553665161,80450,1494115,18.57197016780609,1952.4172253608704,2152.531713962555,19884.7890625
wikidatawiki-20250601-pages-meta-history27.xml-p88790579p88869834.bz2,1263.004698753357,74792,941280,12.585303240988342,926.8024578094482,992.5730955600739,25104.421875
wikidatawiki-20250601-pages-meta-history23.xml-p56855735p56856134.bz2,4155.717831611633,397,24467,61.62972292191436,1061.8468317985535,1166.797536611557,10262.8125
wikidatawiki-20250601-pages-meta-history26.xml-p80298922p80428610.bz2,784.3746633529663,129399,1496924,11.568281053176609,1004.8937036991119,1087.8604350090027,19928.8515625
wikidatawiki-20250601-pages-meta-history15.xml-p25024141p25076575.bz2,620.4716415405273,49908,1463992,29.333814218161418,1113.3269202709198,1532.9131677150726,6518.05859375
wikidatawiki-20250601-pages-meta-history23.xml-p56092358p56174748.bz2,1050.762315750122,78558,1446861,18.4177423050485,1018.6100447177887,1196.4308528900146,11967.1796875
wikidatawiki-20250601-pages-meta-history26.xml-p87978280p88088027.bz2,703.6500387191772,108810,1490002,13.693612719419171,727.1131086349487,796.6293485164642,6751.09765625
wikidatawiki-20250601-pages-meta-history5.xml-p3630426p3659782.bz2,521.6713037490845,26674,1499901,56.230824023393566,939.4578952789307,1459.6083738803864,4791.40625
wikidatawiki-20250601-pages-meta-history22.xml-p55386940p55446436.bz2,808.1096630096436,57097,1219588,21.359931344904286,1278.698000907898,1605.1358006000519,14016.6796875
wikidatawiki-20250601-pages-meta-history14.xml-p24135468p24196425.bz2,1067.7677869796753,55419,1454717,26.249427091791624,991.8941226005554,1065.0149869918823,13579.97265625
wikidatawiki-20250601-pages-meta-history20.xml-p40222796p40258746.bz2,751.9187145233154,35883,655593,18.2702951258256,1017.9595210552216,1426.1758415699005,5958.55078125
wikidatawiki-20250601-pages-meta-history15.xml-p26436668p26497130.bz2,327.7748279571533,59534,1495349,25.117563073201868,455.2577784061432,647.6228096485138,4846.125
wikidatawiki-20250601-pages-meta-history26.xml-p86888676p86891900.bz2,3155.9963426589966,3182,78784,24.75927089880578,1382.1300587654114,1782.079530954361,36889.92578125
wikidatawiki-20250601-pages-meta-history22.xml-p53776069p53843973.bz2,914.0013475418091,67697,893635,13.20051110093505,1721.6512413024902,2006.84916305542,17001.21484375
wikidatawiki-20250601-pages-meta-history13.xml-p20784997p20835867.bz2,277.6763162612915,49264,1495555,30.357969308216955,337.1078591346741,450.7341754436493,4870.734375
wikidatawiki-20250601-pages-meta-history27.xml-p100805258p100893740.bz2,452.80097484588623,84302,1476439,17.513688880453607,801.5908365249634,940.4487593173981,6411.95703125
wikidatawiki-20250601-pages-meta-history8.xml-p9157328p9229451.bz2,377.98191261291504,54245,1499829,27.649165821734723,529.7942960262299,828.6458113193512,6509.43359375
wikidatawiki-20250601-pages-meta-history22.xml-p54896000p54961776.bz2,457.0132522583008,62932,1464383,23.269290662937774,1521.78688621521,1801.205234527588,41951.68359375
wikidatawiki-20250601-pages-meta-history17.xml-p29982330p30014912.bz2,804.0836687088013,31595,1497558,47.39857572400696,1058.0590081214905,1383.4543080329895,20438.59765625
wikidatawiki-20250601-pages-meta-history24.xml-p62571032p62741727.bz2,744.3184452056885,170148,1497372,8.800409055645673,1474.120637178421,1568.886791229248,19885.32421875
wikidatawiki-20250601-pages-meta-history26.xml-p86711944p86724648.bz2,2485.8835706710815,8790,130721,14.87155858930603,1474.9771053791046,1939.0229833126068,35632.10546875
wikidatawiki-20250601-pages-meta-history18.xml-p35616654p35640909.bz2,781.7841911315918,24188,553653,22.889573342153135,850.7260103225708,962.799554347992,5175.1171875
wikidatawiki-20250601-pages-meta-history19.xml-p39228708p39271635.bz2,803.7259750366211,42780,793842,18.556381486676017,1245.2058556079865,1605.7208337783813,6713.3828125
wikidatawiki-20250601-pages-meta-history23.xml-p58527721p58631277.bz2,1375.5043783187866,102657,1278226,12.451425621243558,1954.3693642616272,2140.0874741077423,13469.83203125
wikidatawiki-20250601-pages-meta-history16.xml-p28977206p29012745.bz2,773.3760862350464,34703,1306605,37.65106763104055,883.6264824867249,962.7956702709198,5404.2265625
wikidatawiki-20250601-pages-meta-history24.xml-p64240928p64365125.bz2,533.62903881073,122219,1473596,12.057012412145411,975.262051820755,1060.393273115158,5024.3359375
wikidatawiki-20250601-pages-meta-history23.xml-p57812927p57849307.bz2,2687.988158226013,35992,565197,15.703406312513891,1262.4030177593231,1435.195475101471,16595.55859375
wikidatawiki-20250601-pages-meta-history7.xml-p7154938p7193882.bz2,431.72917079925537,34824,1499897,43.070784516425455,972.1858987808228,1465.8131127357483,10488.6875
wikidatawiki-20250601-pages-meta-history4.xml-p2049642p2074914.bz2,517.743670463562,24651,1499197,60.81688369640177,905.7448585033417,1584.7721099853516,13927.2734375
wikidatawiki-20250601-pages-meta-history22.xml-p54141238p54215982.bz2,773.5424509048462,74164,1008904,13.603689121406612,1713.5761880874634,1974.870265007019,5606.16015625
wikidatawiki-20250601-pages-meta-history24.xml-p65391885p65504210.bz2,298.8986186981201,110259,1495289,13.561604948348888,388.2806580066681,417.75845646858215,5669.6015625
wikidatawiki-20250601-pages-meta-history23.xml-p56815541p56815800.bz2,4283.896533966064,260,26826,103.17692307692307,1108.3955056667328,1283.389048576355,20038.9609375
wikidatawiki-20250601-pages-meta-history1.xml-p159936p162330.bz2,1206.232322692871,2386,584119,244.81098072087175,898.1476049423218,913.6516830921173,19205.296875
wikidatawiki-20250601-pages-meta-history19.xml-p36650943p36676586.bz2,831.4807329177856,25517,537970,21.082807540071325,850.2646260261536,1015.7251596450806,20310.29296875
wikidatawiki-20250601-pages-meta-history24.xml-p62957674p63024945.bz2,324.7694683074951,66162,1485393,22.4508479187449,577.9650843143463,660.3219602108002,5411.96875
wikidatawiki-20250601-pages-meta-history27.xml-p99072753p99202296.bz2,479.6340799331665,127740,1481603,11.598583059339283,1312.7662343978882,1405.9841101169586,40801.4375
wikidatawiki-20250601-pages-meta-history4.xml-p3018917p3037672.bz2,611.5313940048218,18108,1500342,82.85520212060968,687.0062599182129,1653.111335992813,7181.4453125
wikidatawiki-20250601-pages-meta-history19.xml-p38708573p38731028.bz2,709.3719701766968,22439,535806,23.878336824279156,840.7895908355713,1202.8442006111145,5450.03125
wikidatawiki-20250601-pages-meta-history26.xml-p81085508p81205921.bz2,747.5534801483154,119967,1495194,12.463377428792919,939.3274512290955,1002.0280890464783,10787.734375
wikidatawiki-20250601-pages-meta-history27.xml-p98688295p98831089.bz2,728.0681419372559,139040,1460759,10.506034234752589,1595.4216783046722,1707.544450044632,5414.56640625
wikidatawiki-20250601-pages-meta-history21.xml-p47998326p48068945.bz2,746.5772466659546,70492,928907,13.177481132610792,1952.1054623126984,2286.424837589264,15190.42578125
wikidatawiki-20250601-pages-meta-history26.xml-p86817132p86829605.bz2,2191.6939907073975,12333,250289,20.29425119597827,1102.988776922226,1569.370501279831,34387.45703125
wikidatawiki-20250601-pages-meta-history1.xml-p100231p106805.bz2,1074.2475242614746,6325,965900,152.71146245059288,919.4837336540222,1075.6971135139465,5417.52734375
wikidatawiki-20250601-pages-meta-history17.xml-p31655553p31706699.bz2,724.1714553833008,49104,1481790,30.17656402737048,1034.6963176727295,1239.5778212547302,14098.83984375
wikidatawiki-20250601-pages-meta-history27.xml-p98950437p99072752.bz2,396.7870988845825,120673,1484728,12.303729914728233,1186.3893644809723,1266.1890141963959,6481.84375
wikidatawiki-20250601-pages-meta-history27.xml-p93943786p94055860.bz2,390.5241470336914,111467,1497317,13.432827653027353,526.7251572608948,593.8906939029694,4959.78125
wikidatawiki-20250601-pages-meta-history4.xml-p2920506p2946461.bz2,584.0024299621582,24616,1499460,60.91403964900878,954.5856235027313,1608.6437067985535,5840.52734375
wikidatawiki-20250601-pages-meta-history4.xml-p2705770p2729332.bz2,586.0527610778809,22160,1499979,67.68858303249097,894.4232859611511,1564.06094455719,6422.87109375
wikidatawiki-20250601-pages-meta-history23.xml-p56799006p56811380.bz2,3838.597551345825,12028,220095,18.298553375457267,1040.9844813346863,1197.4084177017212,26620.9765625
wikidatawiki-20250601-pages-meta-history3.xml-p1904654p1926323.bz2,650.547492980957,21163,1500020,70.87936492935785,798.8876829147339,1533.8019618988037,7005.76953125
wikidatawiki-20250601-pages-meta-history25.xml-p69852257p69938254.bz2,660.2056903839111,85609,1078733,12.600696188484855,1043.0671665668488,1152.2367305755615,5527.30859375
wikidatawiki-20250601-pages-meta-history27.xml-p112384108p112592442.bz2,527.0666780471802,198402,1455991,7.3385903367909595,891.6954140663147,952.6665489673615,41561.24609375
wikidatawiki-20250601-pages-meta-history27.xml-p104046142p104158395.bz2,575.7021760940552,102855,1449738,14.094968645180108,930.3987381458282,1000.2602317333221,7105.34765625
wikidatawiki-20250601-pages-meta-history20.xml-p41636676p41684108.bz2,708.9531631469727,47323,924577,19.537582148215456,1336.6042943000793,1652.012391090393,19993.29296875
wikidatawiki-20250601-pages-meta-history1.xml-p224681p228913.bz2,1157.003978729248,4198,723906,172.44068604097188,974.828382730484,1030.3655292987823,7506.359375
wikidatawiki-20250601-pages-meta-history19.xml-p38096365p38123516.bz2,774.3564128875732,27119,543623,20.045835023415318,872.2474291324615,997.7355945110321,6172.95703125
wikidatawiki-20250601-pages-meta-history16.xml-p27203462p27259945.bz2,364.5845413208008,55355,1494484,26.998175413241803,585.1719138622284,670.846214056015,7042.46484375
wikidatawiki-20250601-pages-meta-history13.xml-p20522351p20574125.bz2,424.2981424331665,49378,1492975,30.235631252784643,638.6302537918091,702.9317584037781,5072.5703125
wikidatawiki-20250601-pages-meta-history17.xml-p31706700p31710876.bz2,32.385390281677246,4018,137658,34.26032852165256,35.99920415878296,60.53741216659546,5107.890625
wikidatawiki-20250601-pages-meta-history20.xml-p44108163p44160766.bz2,760.1867942810059,51623,1282958,24.852449489568603,1026.5068838596344,1147.8992202281952,14747.35546875
wikidatawiki-20250601-pages-meta-history17.xml-p30371983p30411457.bz2,834.7798109054565,37185,1482622,39.87150732822374,866.7883429527283,1368.5311915874481,11376.44140625
wikidatawiki-20250601-pages-meta-history25.xml-p70952439p70956804.bz2,714.3072910308838,4359,262649,60.254416150493235,820.6129448413849,833.4129476547241,20331.16796875
wikidatawiki-20250601-pages-meta-history19.xml-p37083731p37134678.bz2,787.0306215286255,50891,786321,15.451081723683952,1068.541071653366,1308.0511801242828,5974.30078125
wikidatawiki-20250601-pages-meta-history19.xml-p39179339p39186885.bz2,875.9344415664673,7412,355587,47.97450080949811,875.1956462860107,902.3456039428711,6928.8984375
wikidatawiki-20250601-pages-meta-history20.xml-p40470652p40496373.bz2,823.5261716842651,25688,767130,29.86336032388664,888.2616281509399,982.262622833252,42167.65234375
wikidatawiki-20250601-pages-meta-history21.xml-p49977695p50065719.bz2,549.9419469833374,87395,1499518,17.157938097145145,1103.810024023056,1265.61900472641,6788.14453125
wikidatawiki-20250601-pages-meta-history27.xml-p118376884p118554902.bz2,557.687068939209,159536,1405548,8.81022465148932,667.3713855743408,717.9731121063232,5919.62109375
wikidatawiki-20250601-pages-meta-history24.xml-p64453709p64566015.bz2,698.4594058990479,104873,1455621,13.879845146033775,1339.2803664207458,1565.894732952118,14721.40625
wikidatawiki-20250601-pages-meta-history6.xml-p4664748p4696498.bz2,451.5176820755005,29112,1498519,51.47427177796098,772.6366968154907,1149.4598324298859,7237.33203125
wikidatawiki-20250601-pages-meta-history21.xml-p48495516p48551991.bz2,562.5640382766724,53071,1459162,27.494526200749938,615.653972864151,801.1715335845947,5857.93359375
wikidatawiki-20250601-pages-meta-history27.xml-p126163542p126513582.bz2,350.67620372772217,343060,1481174,4.317536291027809,485.26413226127625,507.4586613178253,7277.75
wikidatawiki-20250601-pages-meta-history25.xml-p73761230p73923469.bz2,843.4377536773682,161929,1498758,9.255649080769967,1410.8618280887604,1514.5319600105286,7451.4296875
wikidatawiki-20250601-pages-meta-history19.xml-p37960591p37984698.bz2,739.5104131698608,24096,594750,24.682519920318725,848.5188446044922,907.2104983329773,10798.890625
wikidatawiki-20250601-pages-meta-history27.xml-p104714803p104781463.bz2,365.6621160507202,62492,1486589,23.788468924022276,501.2919406890869,579.1590657234192,6775.875
wikidatawiki-20250601-pages-meta-history27.xml-p109529552p109728293.bz2,1102.9483823776245,187143,1435088,7.668403306562362,1366.6998562812805,1415.249198436737,20937.19921875
wikidatawiki-20250601-pages-meta-history19.xml-p38533645p38558780.bz2,744.2356491088867,25101,573870,22.862435759531493,846.0228371620178,948.6894509792328,20746.46875
wikidatawiki-20250601-pages-meta-history23.xml-p56313585p56324643.bz2,3839.227758407593,10218,185210,18.125856331963202,1136.6539013385773,1219.3288593292236,17207.375
wikidatawiki-20250601-pages-meta-history25.xml-p69045252p69168062.bz2,704.253252029419,122293,1391473,11.378190084469267,1212.0653338432312,1334.510294675827,14865.640625
wikidatawiki-20250601-pages-meta-history11.xml-p16277531p16309221.bz2,474.6787166595459,29317,1481299,50.526963877613674,361.8723738193512,623.393522977829,5753.6015625
wikidatawiki-20250601-pages-meta-history26.xml-p87169089p87206647.bz2,2064.721558570862,37444,436050,11.645390449738276,1060.8762321472168,1528.7298197746277,33582.0859375
wikidatawiki-20250601-pages-meta-history13.xml-p22490942p22537383.bz2,1013.8540344238281,39384,1479389,37.5631982530977,1581.1471784114838,2053.932750225067,10097.15625
wikidatawiki-20250601-pages-meta-history26.xml-p81474231p81547931.bz2,515.7682313919067,73617,1496809,20.332382466006493,749.0699472427368,860.0183753967285,14285.296875
wikidatawiki-20250601-pages-meta-history26.xml-p84861185p84977604.bz2,1279.7252388000488,115960,1493524,12.879648154536047,958.9361984729767,1052.7850329875946,41186.27734375
wikidatawiki-20250601-pages-meta-history17.xml-p29677282p29722231.bz2,801.284779548645,43181,1478099,34.230309626919244,886.5110657215118,1184.321354150772,9443.21484375
wikidatawiki-20250601-pages-meta-history10.xml-p15292968p15324192.bz2,350.13448333740234,29856,1495388,50.08668274383709,406.12560653686523,501.7963206768036,5948.1953125
wikidatawiki-20250601-pages-meta-history5.xml-p3551487p3578304.bz2,525.0476150512695,25007,1500556,60.00543847722638,580.2614119052887,1119.4041721820831,7518.55859375
wikidatawiki-20250601-pages-meta-history26.xml-p82334127p82405080.bz2,438.2529344558716,70871,1499424,21.15708823072907,705.4288287162781,807.9800245761871,5291.1328125
wikidatawiki-20250601-pages-meta-history27.xml-p94778715p94879921.bz2,1499.623272895813,98713,1478414,14.9768926078632,1699.7067379951477,1823.6585676670074,13453.828125
wikidatawiki-20250601-pages-meta-history24.xml-p64647370p64751365.bz2,529.6682176589966,99897,1473209,14.74727969808903,903.9356467723846,971.5736517906189,7069.03515625
wikidatawiki-20250601-pages-meta-history3.xml-p1177083p1200277.bz2,757.6595811843872,22389,1500626,67.02514627718969,823.1146423816681,1318.667246580124,7619.1171875
wikidatawiki-20250601-pages-meta-history14.xml-p24616492p24670942.bz2,223.41259384155273,54407,1499836,27.56696748580146,402.13914728164673,473.69442558288574,5644.90625
wikidatawiki-20250601-pages-meta-history23.xml-p56534127p56538867.bz2,4008.1603803634644,4402,103021,23.403225806451612,1087.950464963913,1200.878680229187,26838.578125
wikidatawiki-20250601-pages-meta-history1.xml-p152663p155832.bz2,1224.3026819229126,3116,625706,200.80423620025675,926.3417229652405,940.3837299346924,7646.4765625
wikidatawiki-20250601-pages-meta-history23.xml-p56816722p56817031.bz2,4299.819528579712,310,26661,86.00322580645161,1113.8705279827118,1281.7641088962555,26488.234375
wikidatawiki-20250601-pages-meta-history18.xml-p35836892p35862100.bz2,748.8671407699585,25192,584905,23.217886630676404,854.7379777431488,1019.5424482822418,5770.6328125
wikidatawiki-20250601-pages-meta-history13.xml-p20141950p20181626.bz2,938.1293153762817,36265,1482969,40.89256859230663,780.4041519165039,1043.8105068206787,14456.91015625
wikidatawiki-20250601-pages-meta-history4.xml-p2240447p2264036.bz2,568.6419477462769,22989,1500518,65.27112967071209,614.8180618286133,1159.156465291977,15195.54296875
wikidatawiki-20250601-pages-meta-history21.xml-p48678131p48737564.bz2,769.2653160095215,59278,818562,13.808866695907419,1521.273901462555,1868.8331651687622,7872.91015625
wikidatawiki-20250601-pages-meta-history4.xml-p2428134p2452434.bz2,649.6496858596802,23591,1499754,63.57314230002967,674.3930993080139,1144.1458432674408,40931.50390625
wikidatawiki-20250601-pages-meta-history14.xml-p23565953p23600674.bz2,608.8573608398438,33501,1039024,31.014715978627503,652.7862679958344,847.3311789035797,6449.94921875
wikidatawiki-20250601-pages-meta-history11.xml-p16309222p16339223.bz2,347.1653938293457,27918,1491220,53.414284690880436,343.2174463272095,462.0604212284088,20870.0
wikidatawiki-20250601-pages-meta-history26.xml-p86904521p86909050.bz2,2527.5669689178467,4501,73294,16.283936902910465,1307.5966067314148,1758.8331110477448,36107.81640625
wikidatawiki-20250601-pages-meta-history25.xml-p75116343p75241994.bz2,475.85286712646484,125326,1492890,11.912053364824537,807.7503917217255,884.5750479698181,5273.38671875
wikidatawiki-20250601-pages-meta-history18.xml-p35309427p35334443.bz2,758.197546005249,24965,519483,20.80845183256559,890.6223318576813,969.7887353897095,7490.34765625
wikidatawiki-20250601-pages-meta-history1.xml-p428231p433935.bz2,1043.567440032959,5608,824477,147.01800998573466,920.192715883255,938.0962698459625,8710.44921875
wikidatawiki-20250601-pages-meta-history18.xml-p35640910p35668560.bz2,838.7715969085693,27487,594520,21.629133772328736,884.5471303462982,977.0199952125549,8200.890625
wikidatawiki-20250601-pages-meta-history19.xml-p38014728p38044399.bz2,778.0373411178589,29627,585490,19.76204138117258,882.0904188156128,1022.9645762443542,7928.98828125
wikidatawiki-20250601-pages-meta-history19.xml-p36633932p36650942.bz2,948.8589572906494,16976,419759,24.726614043355326,895.0796196460724,921.6650400161743,14893.75
wikidatawiki-20250601-pages-meta-history18.xml-p34955525p34999023.bz2,742.7042741775513,43327,904886,20.885037043875645,924.9366610050201,1189.7527484893799,6467.19921875
wikidatawiki-20250601-pages-meta-history26.xml-p78858697p79008890.bz2,735.9195184707642,149671,1498024,10.008779255834463,1261.432165145874,1336.841647863388,7902.50390625
wikidatawiki-20250601-pages-meta-history11.xml-p17092220p17112270.bz2,470.8450937271118,19570,1499996,76.64772611139499,530.7234361171722,611.6838574409485,7438.9140625
wikidatawiki-20250601-pages-meta-history1.xml-p30530p33924.bz2,1205.5627040863037,3294,654803,198.78658166363084,948.0192680358887,962.7758114337921,41613.26953125
wikidatawiki-20250601-pages-meta-history19.xml-p38200579p38227889.bz2,762.1855373382568,27243,532314,19.53947803105385,862.047194480896,988.9186248779297,6492.1640625
wikidatawiki-20250601-pages-meta-history19.xml-p37322715p37351602.bz2,767.0690879821777,28736,557307,19.394035356347437,863.3966019153595,904.9780397415161,11118.9375
wikidatawiki-20250601-pages-meta-history27.xml-p107129632p107192011.bz2,2656.78510761261,58562,897794,15.330658105939005,1029.4398202896118,1091.6407730579376,24744.11328125
wikidatawiki-20250601-pages-meta-history26.xml-p87206648p87311607.bz2,1276.9702081680298,87299,1079796,12.368938934008408,919.3928120136261,1023.0692925453186,26570.43359375
wikidatawiki-20250601-pages-meta-history25.xml-p68703634p68776780.bz2,493.7510795593262,73046,1498979,20.52102784546724,548.5826160907745,561.6819832324982,7391.53125
wikidatawiki-20250601-pages-meta-history23.xml-p59066945p59178981.bz2,684.2807140350342,110785,1483012,13.386397075416347,1504.5163753032684,1707.8679676055908,20164.7578125
wikidatawiki-20250601-pages-meta-history21.xml-p46777187p46849243.bz2,246.22885513305664,72019,1497364,20.791235646148934,519.632043838501,632.2463235855103,7578.421875
wikidatawiki-20250601-pages-meta-history20.xml-p43779552p43842078.bz2,783.5407114028931,62096,1051791,16.93814416387529,1403.929606437683,1660.3448095321655,15548.18359375
wikidatawiki-20250601-pages-meta-history26.xml-p78715273p78858696.bz2,702.8323307037354,142641,1495391,10.483598684810119,1205.0414018630981,1322.4409620761871,6859.74609375
wikidatawiki-20250601-pages-meta-history21.xml-p49046041p49107076.bz2,750.6382493972778,60919,830536,13.63344769283803,1617.6552348136902,1902.3534724712372,6646.625
wikidatawiki-20250601-pages-meta-history22.xml-p52943810p53026423.bz2,760.5421133041382,81484,1179636,14.476903441166364,1544.1867151260376,1831.9977571964264,7723.203125
wikidatawiki-20250601-pages-meta-history19.xml-p37192457p37222066.bz2,766.1336059570312,29512,605533,20.518195988072648,899.8010745048523,953.9056162834167,7666.66796875
wikidatawiki-20250601-pages-meta-history27.xml-p101416579p101530279.bz2,356.0006284713745,108838,1477426,13.574541979823223,709.1239128112793,782.8676083087921,6167.6875
wikidatawiki-20250601-pages-meta-history24.xml-p65313399p65391884.bz2,354.95588970184326,72810,1492544,20.499162202994093,372.61886382102966,400.40141797065735,19994.59375
wikidatawiki-20250601-pages-meta-history26.xml-p81833344p81902896.bz2,463.2145481109619,69259,1488539,21.49235478421577,728.1707849502563,840.5743339061737,11394.93359375
wikidatawiki-20250601-pages-meta-history20.xml-p42436255p42480627.bz2,719.3722991943359,44245,856499,19.358096960108487,906.4999620914459,1182.6912016868591,15004.9765625
wikidatawiki-20250601-pages-meta-history20.xml-p42865179p42910916.bz2,817.144829750061,45357,873797,19.26487642480764,1082.1586196422577,1382.8803141117096,7454.69921875
wikidatawiki-20250601-pages-meta-history18.xml-p35758131p35783670.bz2,1829.9890060424805,25428,566810,22.290781815321694,1228.8531086444855,1262.1693468093872,54444.33984375
wikidatawiki-20250601-pages-meta-history23.xml-p56631406p56638196.bz2,3980.5607528686523,6431,133129,20.701135126729902,1051.5268824100494,1197.2405116558075,16423.8046875
wikidatawiki-20250601-pages-meta-history19.xml-p39160957p39171241.bz2,856.0043783187866,10222,407975,39.91146546664058,891.7935864925385,909.6033864021301,15785.9375
wikidatawiki-20250601-pages-meta-history19.xml-p37680498p37703310.bz2,741.7053451538086,22779,534450,23.4623995785592,881.0052635669708,897.2307572364807,7386.07421875
wikidatawiki-20250601-pages-meta-history6.xml-p5534956p5584116.bz2,387.1628694534302,42197,1498685,35.516387420906696,1091.58629488945,1373.4939305782318,7564.88671875
wikidatawiki-20250601-pages-meta-history12.xml-p18049230p18125074.bz2,364.16254901885986,65731,1496809,22.771736319240542,896.7372577190399,1190.7491481304169,7694.90234375
wikidatawiki-20250601-pages-meta-history24.xml-p62008985p62014495.bz2,942.1455640792847,5507,121106,21.991283820591974,961.7399668693542,977.9967789649963,7808.0390625
wikidatawiki-20250601-pages-meta-history23.xml-p57165956p57279628.bz2,970.5614166259766,99204,1481822,14.937119470989073,2216.629872560501,2373.7727031707764,8248.046875
wikidatawiki-20250601-pages-meta-history19.xml-p39074006p39096743.bz2,739.1947498321533,22697,508525,22.40494338458827,875.8193109035492,907.5278012752533,11547.953125
wikidatawiki-20250601-pages-meta-history19.xml-p37222067p37246429.bz2,761.0452861785889,24310,524528,21.576635129576307,871.0480122566223,892.7660799026489,14846.3984375
wikidatawiki-20250601-pages-meta-history14.xml-p23170594p23182411.bz2,755.3486948013306,11418,694792,60.850586792783325,842.9523169994354,1688.099002122879,24766.3203125
wikidatawiki-20250601-pages-meta-history1.xml-p237571p246199.bz2,1001.5876312255859,8483,1003561,118.30260521042084,935.2017352581024,1250.0235342979431,20976.8125
wikidatawiki-20250601-pages-meta-history5.xml-p3866314p3898620.bz2,520.7966365814209,30479,1499560,49.19977689556744,970.5005354881287,1386.6544501781464,6624.2734375
wikidatawiki-20250601-pages-meta-history19.xml-p37134679p37159948.bz2,744.5123538970947,25254,522642,20.695414587788072,826.6488840579987,860.5194621086121,5417.12890625
wikidatawiki-20250601-pages-meta-history23.xml-p56638197p56643732.bz2,3939.309440612793,5198,97804,18.815698345517507,1039.7844769954681,1175.708265542984,17868.12109375
wikidatawiki-20250601-pages-meta-history2.xml-p818701p835389.bz2,842.707106590271,16287,1462394,89.78903419905446,958.4344172477722,1628.7596271038055,6350.03125
wikidatawiki-20250601-pages-meta-history26.xml-p86481277p86486311.bz2,2321.1069202423096,5021,89909,17.90659231228839,1073.129938364029,1619.6993985176086,39278.1484375
wikidatawiki-20250601-pages-meta-history26.xml-p87373278p87425938.bz2,1612.954960823059,52502,692353,13.18717382194964,943.5634822845459,1204.5858082771301,54888.89453125
wikidatawiki-20250601-pages-meta-history9.xml-p11961481p11996926.bz2,350.6318426132202,33061,1499978,45.37001300626115,563.064297914505,808.773847579956,21361.984375
wikidatawiki-20250601-pages-meta-history26.xml-p88088028p88180124.bz2,1166.1886444091797,91670,1259189,13.736107777898985,916.9257118701935,948.205367565155,32351.65625
wikidatawiki-20250601-pages-meta-history3.xml-p1695541p1715151.bz2,782.0858926773071,19206,1499903,78.09554305946058,837.4179668426514,1464.6389243602753,15883.43359375
wikidatawiki-20250601-pages-meta-history27.xml-p93034501p93254840.bz2,1021.2083606719971,219671,1495339,6.807175275753286,1333.9308762550354,1380.7888486385345,10325.2734375
wikidatawiki-20250601-pages-meta-history26.xml-p76190372p76266429.bz2,737.0052518844604,75700,1495423,19.754597093791283,820.3905713558197,833.7056319713593,651.6875
wikidatawiki-20250601-pages-meta-history21.xml-p49325405p49377115.bz2,850.6335563659668,51548,744187,14.436777372545977,1166.0794610977173,1427.2391610145569,8382.3046875
wikidatawiki-20250601-pages-meta-history9.xml-p13550888p13643274.bz2,1405.823257446289,58747,1472397,25.063356426711152,919.778971195221,1066.6973731517792,20439.5703125
wikidatawiki-20250601-pages-meta-history25.xml-p66931169p67009670.bz2,718.7129726409912,63632,1302455,20.46855355795826,853.932487487793,868.9636306762695,7580.33984375
wikidatawiki-20250601-pages-meta-history19.xml-p36191901p36226618.bz2,778.7683115005493,34673,653024,18.833789980676606,844.5582232475281,985.8582065105438,1539.3671875
wikidatawiki-20250601-pages-meta-history9.xml-p13034864p13123929.bz2,401.99812412261963,51986,1496721,28.79084753587504,957.0992956161499,1178.8059883117676,1622.0078125
wikidatawiki-20250601-pages-meta-history12.xml-p17670285p17736815.bz2,415.3385372161865,55125,1496047,27.139174603174602,954.1378872394562,1156.2359154224396,6202.046875
wikidatawiki-20250601-pages-meta-history26.xml-p86959639p86971633.bz2,2548.7854347229004,11895,185313,15.57906683480454,1313.6561651229858,1735.4380111694336,50034.91796875
wikidatawiki-20250601-pages-meta-history25.xml-p69554098p69719966.bz2,723.2155122756958,165410,1462276,8.840311952118977,1318.9305484294891,1394.3038861751556,1482.02734375
wikidatawiki-20250601-pages-meta-history7.xml-p6128156p6183750.bz2,454.2943229675293,44150,1498171,33.93365798414496,554.9741208553314,791.1316146850586,15543.484375
wikidatawiki-20250601-pages-meta-history21.xml-p46704903p46777186.bz2,256.1254119873047,72249,1499870,20.759733698736316,512.9590232372284,590.9544270038605,1001.421875
wikidatawiki-20250601-pages-meta-history25.xml-p74557837p74710994.bz2,662.2537927627563,152499,1497245,9.818064380750037,604.9252932071686,650.7113635540009,1115.953125
wikidatawiki-20250601-pages-meta-history19.xml-p37703311p37725933.bz2,731.7258224487305,22608,535433,23.68334217975938,836.7092046737671,907.0791256427765,1073.35546875
wikidatawiki-20250601-pages-meta-history19.xml-p38488460p38510709.bz2,771.1748523712158,22148,519352,23.449160195051473,830.5836350917816,962.6120386123657,2201.828125
wikidatawiki-20250601-pages-meta-history8.xml-p8810381p8880361.bz2,348.870400428772,46827,1499417,32.02035150660944,400.37039971351624,438.0935835838318,537.984375
wikidatawiki-20250601-pages-meta-history2.xml-p1026932p1035302.bz2,801.7566013336182,8268,1057478,127.90009675858732,908.3721055984497,944.294326543808,1009.6875
wikidatawiki-20250601-pages-meta-history25.xml-p75001170p75116342.bz2,434.69757175445557,114995,1499154,13.03668855167616,1006.1785409450531,1116.2486860752106,1237.97265625
wikidatawiki-20250601-pages-meta-history7.xml-p7728219p7765121.bz2,437.27672958374023,32656,1497614,45.86030132288094,806.0010826587677,1179.4157569408417,1751.65625
wikidatawiki-20250601-pages-meta-history11.xml-p16613740p16669065.bz2,515.9566345214844,52624,1486278,28.243349042262086,588.2649421691895,596.331868648529,2238.55859375
wikidatawiki-20250601-pages-meta-history12.xml-p18814717p18853105.bz2,365.63798904418945,34617,1497783,43.26726752751538,633.2430200576782,961.4125213623047,2393.671875
wikidatawiki-20250601-pages-meta-history26.xml-p85594972p85721331.bz2,846.5437545776367,125399,1492599,11.902798267928771,764.865909576416,790.0467939376831,1643.30859375
wikidatawiki-20250601-pages-meta-history6.xml-p5942308p5977838.bz2,506.047869682312,29263,1498414,51.20507125038444,774.0762515068054,1216.1903924942017,2058.12890625
wikidatawiki-20250601-pages-meta-history18.xml-p34827650p34865940.bz2,737.970458984375,38219,801496,20.9711400088961,941.7406556606293,1297.6336719989777,2127.7734375
wikidatawiki-20250601-pages-meta-history26.xml-p85721332p85838979.bz2,920.2631025314331,117202,1494295,12.749739765533011,869.5411200523376,891.7284615039825,1709.1796875
wikidatawiki-20250601-pages-meta-history19.xml-p36380609p36417465.bz2,770.4921560287476,36828,697430,18.93749321168676,831.6996066570282,1122.8682086467743,2272.703125
wikidatawiki-20250601-pages-meta-history12.xml-p18440324p18485347.bz2,496.0132179260254,38904,1483373,38.12906127904586,768.6070559024811,909.7972996234894,2202.4375
wikidatawiki-20250601-pages-meta-history27.xml-p106595906p106726670.bz2,551.0275478363037,121310,1450500,11.956969746929355,971.1690027713776,1071.6000318527222,1595.9609375
wikidatawiki-20250601-pages-meta-history2.xml-p901908p913015.bz2,864.8668260574341,10980,1270059,115.67021857923497,927.357919216156,1296.4680075645447,1350.9609375
wikidatawiki-20250601-pages-meta-history12.xml-p19574575p19582075.bz2,1535.7018270492554,6848,793800,115.91705607476635,882.6413881778717,1847.7757108211517,9457.56640625
wikidatawiki-20250601-pages-meta-history25.xml-p66077549p66217635.bz2,749.3820314407349,138101,1478500,10.705932614535739,951.0327105522156,1001.6561110019684,1627.42578125
wikidatawiki-20250601-pages-meta-history18.xml-p33377330p33507657.bz2,497.04355812072754,128203,1499400,11.695514145534815,927.0738234519958,1007.1843183040619,1184.98828125
wikidatawiki-20250601-pages-meta-history27.xml-p119649013p119840304.bz2,435.8853702545166,186133,1479337,7.947741668591814,893.2434101104736,953.2121880054474,1340.46484375
wikidatawiki-20250601-pages-meta-history27.xml-p106479534p106595905.bz2,943.3371105194092,108500,1462935,13.483271889400921,726.1623275279999,831.7922282218933,7538.36328125
wikidatawiki-20250601-pages-meta-history17.xml-p30014913p30047852.bz2,691.2394208908081,32129,1478136,46.00628715490678,770.9868295192719,1017.3765625953674,2457.15234375
wikidatawiki-20250601-pages-meta-history9.xml-p12481522p12537379.bz2,366.53247261047363,53403,1494012,27.976181113420594,913.2222697734833,1112.441269159317,3182.11328125
wikidatawiki-20250601-pages-meta-history23.xml-p56817032p56817281.bz2,4433.087237358093,250,27359,109.436,1144.4226875305176,1316.46378159523,17038.08203125
wikidatawiki-20250601-pages-meta-history18.xml-p32018448p32020451.bz2,1676.964659690857,1999,58066,29.04752376188094,1040.4620373249054,1282.1608119010925,29709.25390625
wikidatawiki-20250601-pages-meta-history22.xml-p53182729p53252433.bz2,811.5114250183105,69414,1082300,15.59195551329703,1591.6475834846497,1817.3349826335907,2372.43359375
wikidatawiki-20250601-pages-meta-history23.xml-p57638705p57683037.bz2,2347.749804496765,43390,637212,14.68568794653146,1044.0596096515656,1242.490073442459,10710.00390625
wikidatawiki-20250601-pages-meta-history1.xml-p54072p58467.bz2,1134.0831270217896,3786,754892,199.39038563127312,931.0488362312317,941.8450801372528,4144.73046875
wikidatawiki-20250601-pages-meta-history20.xml-p42955217p42992839.bz2,787.2617130279541,37296,752761,20.183424495924495,866.117659330368,1160.8343522548676,1916.84375
wikidatawiki-20250601-pages-meta-history26.xml-p84155082p84265265.bz2,798.1897239685059,109177,1493250,13.677331306044314,1061.6064615249634,1256.1231427192688,3474.51171875
wikidatawiki-20250601-pages-meta-history21.xml-p50065720p50170931.bz2,690.6796541213989,104832,1499556,14.30437271062271,1463.8626508712769,1619.6506927013397,1601.046875
wikidatawiki-20250601-pages-meta-history23.xml-p56646484p56661505.bz2,3822.8654356002808,14583,269592,18.486731125282862,1040.2326891422272,1188.4730212688446,23636.29296875
wikidatawiki-20250601-pages-meta-history23.xml-p56966764p57035695.bz2,1705.3141832351685,68280,1114030,16.315612185120095,1765.0239956378937,1992.9508340358734,4829.3984375
wikidatawiki-20250601-pages-meta-history26.xml-p76025654p76117711.bz2,683.5720252990723,91476,1499073,16.38760986488259,753.4257962703705,775.8530507087708,3164.2265625
wikidatawiki-20250601-pages-meta-history17.xml-p30197928p30234727.bz2,801.2922449111938,36008,1266056,35.16040879804488,972.7338328361511,1244.8863883018494,1828.0234375
wikidatawiki-20250601-pages-meta-history1.xml-p134088p138225.bz2,1225.0939178466797,4030,701476,174.063523573201,924.8685717582703,1010.3773519992828,5643.7890625
wikidatawiki-20250601-pages-meta-history21.xml-p46991175p47053231.bz2,734.4067325592041,61944,926750,14.961093891256619,1360.100641965866,1613.47061085701,2739.6015625
wikidatawiki-20250601-pages-meta-history2.xml-p512597p520830.bz2,907.4224519729614,7891,1064536,134.90508173868966,921.7406492233276,1340.6925492286682,1585.859375
wikidatawiki-20250601-pages-meta-history19.xml-p37381820p37407074.bz2,756.9266443252563,25199,526092,20.87749513869598,844.4344351291656,860.778546333313,4451.05859375
wikidatawiki-20250601-pages-meta-history3.xml-p1200278p1209390.bz2,849.3849210739136,8890,891263,100.25455568053994,880.6327209472656,931.8335239887238,2446.51953125
wikidatawiki-20250601-pages-meta-history27.xml-p99341263p99494628.bz2,460.06470489501953,146369,1477291,10.092922681715391,688.1666965484619,739.8869688510895,3183.9921875
wikidatawiki-20250601-pages-meta-history8.xml-p8133110p8172797.bz2,392.2459888458252,33962,1497927,44.1059713797774,437.11106038093567,463.0251567363739,2509.69140625
wikidatawiki-20250601-pages-meta-history23.xml-p56933534p56933773.bz2,4140.466876029968,240,26076,108.65,1057.351220369339,1132.4918096065521,8725.64453125
wikidatawiki-20250601-pages-meta-history17.xml-p30757675p30903484.bz2,529.5238485336304,144086,1486848,10.31917049539858,941.940831899643,1019.3828771114349,2270.28125
wikidatawiki-20250601-pages-meta-history27.xml-p118554903p118753530.bz2,534.8396615982056,169586,1330659,7.8465144528439845,620.6084182262421,660.149206161499,1906.47265625
wikidatawiki-20250601-pages-meta-history16.xml-p29141831p29149946.bz2,3120.203902244568,8065,384258,47.64513329200248,1062.2588033676147,1233.3164720535278,19228.7265625
wikidatawiki-20250601-pages-meta-history13.xml-p20908842p20989019.bz2,345.4510192871094,74673,1481329,19.837545029662664,815.3104465007782,990.3358371257782,2596.47265625
wikidatawiki-20250601-pages-meta-history26.xml-p86909051p86942719.bz2,2026.841944694519,33583,447310,13.31953667033916,1134.7359364032745,1553.9937336444855,39715.94921875
wikidatawiki-20250601-pages-meta-history27.xml-p100893741p101018037.bz2,618.2734327316284,117603,1451080,12.338800880929908,1029.7492735385895,1147.291200876236,3566.5625
wikidatawiki-20250601-pages-meta-history1.xml-p440461p441397.bz2,150.3432035446167,918,143928,156.7843137254902,144.09131813049316,220.22739458084106,2041.15625
wikidatawiki-20250601-pages-meta-history23.xml-p56813591p56813810.bz2,4304.995583534241,220,25562,116.19090909090909,1112.2404947280884,1232.2225096225739,15977.71875
wikidatawiki-20250601-pages-meta-history25.xml-p68444287p68589604.bz2,717.6651611328125,145016,1480913,10.212066254758096,1262.3389310836792,1371.420804977417,14746.8828125
wikidatawiki-20250601-pages-meta-history26.xml-p86354870p86363341.bz2,2011.490530014038,8416,127271,15.122504752851711,1118.3305659294128,1530.2009062767029,38541.25
wikidatawiki-20250601-pages-meta-history19.xml-p36927781p36945688.bz2,833.702070236206,17869,493915,27.640886451396273,861.1481833457947,881.1034727096558,4969.06640625
wikidatawiki-20250601-pages-meta-history27.xml-p102903240p102990856.bz2,343.053955078125,83868,1482635,17.678196690036724,549.5841031074524,596.4442732334137,2194.078125
wikidatawiki-20250601-pages-meta-history24.xml-p62285216p62401908.bz2,1688.817762374878,114567,1304386,11.385355294281949,2540.6055653095245,2621.265805006027,10744.2578125
wikidatawiki-20250601-pages-meta-history27.xml-p108326844p108356978.bz2,2535.8071794509888,27961,349731,12.507814455849218,1094.2990469932556,1576.2979464530945,44906.671875
wikidatawiki-20250601-pages-meta-history24.xml-p63235703p63404675.bz2,555.1633043289185,167588,1489244,8.886340310762106,734.8759226799011,809.6637718677521,2539.453125
wikidatawiki-20250601-pages-meta-history8.xml-p8297429p8346240.bz2,350.18199729919434,38673,1497783,38.72942362888837,383.39291405677795,395.44703912734985,3290.00390625
wikidatawiki-20250601-pages-meta-history19.xml-p38044400p38071248.bz2,745.6550579071045,26819,581241,21.672732018345204,858.1234884262085,878.4529867172241,1990.71484375
wikidatawiki-20250601-pages-meta-history13.xml-p22604126p22740048.bz2,516.9274854660034,132455,1478665,11.163527235664942,1160.9209196567535,1216.741785287857,4373.703125
wikidatawiki-20250601-pages-meta-history9.xml-p12146905p12197266.bz2,469.5745677947998,41546,1492502,35.924084147691715,881.316597700119,1156.5956003665924,2934.82421875
wikidatawiki-20250601-pages-meta-history25.xml-p67086748p67184476.bz2,714.9606885910034,70194,1109804,15.81052511610679,846.7417531013489,887.3798589706421,2597.4765625
wikidatawiki-20250601-pages-meta-history27.xml-p104158396p104319144.bz2,231.37485790252686,158322,1492373,9.426188400853956,465.44590878486633,508.3497898578644,3411.20703125
wikidatawiki-20250601-pages-meta-history19.xml-p40066578p40101132.bz2,765.0020990371704,34499,693062,20.08933592278037,852.1627554893494,1139.5233917236328,15167.17578125
wikidatawiki-20250601-pages-meta-history26.xml-p79621099p79775436.bz2,776.6462850570679,153833,1495429,9.721119655730565,1003.0606865882874,1102.6467823982239,47571.49609375
wikidatawiki-20250601-pages-meta-history26.xml-p87134136p87169088.bz2,1739.0445938110352,34787,455200,13.085347974818179,995.8746457099915,1472.3369772434235,49349.97265625
wikidatawiki-20250601-pages-meta-history1.xml-p47533p50184.bz2,1306.8452939987183,2610,552998,211.87662835249043,931.0593860149384,953.5208880901337,6863.44921875
wikidatawiki-20250601-pages-meta-history20.xml-p41170815p41196927.bz2,788.5046701431274,26073,723029,27.730947723698847,869.1974694728851,883.5863833427429,5246.71484375
wikidatawiki-20250601-pages-meta-history18.xml-p35189153p35210354.bz2,760.3431224822998,21136,496933,23.51121309613929,857.1397039890289,875.6330645084381,2679.640625
wikidatawiki-20250601-pages-meta-history26.xml-p86831217p86844943.bz2,1941.3146257400513,13655,264301,19.355620651775908,1112.3519327640533,1144.9442987442017,33634.1484375
wikidatawiki-20250601-pages-meta-history18.xml-p35456802p35480672.bz2,756.7913856506348,23839,534394,22.416796006543898,846.8642294406891,866.1380839347839,2794.73046875
wikidatawiki-20250601-pages-meta-history15.xml-p25364297p25433636.bz2,511.22360038757324,69076,1490162,21.572789391394984,2125.1730222702026,2491.059318304062,7045.3984375
wikidatawiki-20250601-pages-meta-history23.xml-p56676109p56676259.bz2,4864.773124694824,149,29216,196.08053691275168,1254.8190121650696,1407.5303740501404,13910.0625
wikidatawiki-20250601-pages-meta-history5.xml-p3126391p3148734.bz2,611.404224395752,21378,1499395,70.13729067265413,803.6682546138763,1709.2378928661346,4436.42578125
wikidatawiki-20250601-pages-meta-history25.xml-p68776781p68844555.bz2,443.3620433807373,67725,1499216,22.136818014027316,481.3012616634369,494.10493326187134,47260.046875
wikidatawiki-20250601-pages-meta-history26.xml-p85961124p86002051.bz2,2438.798836708069,39587,520286,13.142849925480586,1277.125834941864,1800.4801988601685,38513.4375
wikidatawiki-20250601-pages-meta-history18.xml-p32736346p32811384.bz2,786.7065839767456,71814,1318756,18.363494583228896,1329.4969415664673,1460.485021352768,2727.3203125
wikidatawiki-20250601-pages-meta-history27.xml-p124231490p124430288.bz2,593.9077482223511,177049,1419723,8.01881400064389,697.0376596450806,747.0513939857483,2897.3359375
wikidatawiki-20250601-pages-meta-history23.xml-p56675574p56675786.bz2,3944.1991119384766,209,25190,120.52631578947368,1017.8786215782166,1164.8178224563599,14412.98828125
wikidatawiki-20250601-pages-meta-history16.xml-p29064246p29104934.bz2,741.0532398223877,40445,1292686,31.961577450859192,895.2977728843689,904.8638212680817,14414.90625
wikidatawiki-20250601-pages-meta-history25.xml-p67547929p67592496.bz2,635.6708660125732,44000,1081927,24.58925,847.2232151031494,865.6151757240295,33070.26953125
wikidatawiki-20250601-pages-meta-history21.xml-p48737565p48797275.bz2,768.8284006118774,59541,813863,13.668950807006937,1409.167319059372,1691.9033288955688,3718.28515625
wikidatawiki-20250601-pages-meta-history25.xml-p71127692p71243849.bz2,677.1463508605957,115689,1257088,10.866097900405396,933.6639120578766,1054.404316186905,2549.3984375
wikidatawiki-20250601-pages-meta-history10.xml-p15615767p15655796.bz2,270.7163362503052,38516,1417652,36.8068335237304,267.6873354911804,342.78798604011536,2676.5
wikidatawiki-20250601-pages-meta-history22.xml-p55228898p55304028.bz2,856.0055685043335,70878,1330656,18.77389316854313,1718.6021106243134,1832.3159770965576,4680.671875
wikidatawiki-20250601-pages-meta-history23.xml-p56678140p56678350.bz2,4380.224617958069,209,27263,130.44497607655504,1134.4289581775665,1277.4594781398773,13660.82421875
wikidatawiki-20250601-pages-meta-history23.xml-p56595328p56610084.bz2,3816.9261026382446,14036,403088,28.718153320034197,1051.5757880210876,1168.7380936145782,38742.74609375
wikidatawiki-20250601-pages-meta-history1.xml-p8650p10215.bz2,1610.5557489395142,1446,488577,337.8817427385892,935.5704212188721,952.9111211299896,6079.61328125
wikidatawiki-20250601-pages-meta-history9.xml-p11495801p11605701.bz2,355.6372117996216,57578,1498610,26.027475771996247,653.343677520752,921.4271733760834,47609.5
wikidatawiki-20250601-pages-meta-history27.xml-p120631703p120915880.bz2,571.9809265136719,277600,1479221,5.32860590778098,929.8161385059357,982.4232556819916,5530.3046875
wikidatawiki-20250601-pages-meta-history26.xml-p81973836p82044538.bz2,428.2095556259155,70231,1471609,20.953838048724922,653.9929823875427,756.7243869304657,4083.75
wikidatawiki-20250601-pages-meta-history18.xml-p31971620p31996311.bz2,1260.0759687423706,24628,547468,22.229494883872015,1070.6208646297455,1529.8095426559448,23816.86328125
wikidatawiki-20250601-pages-meta-history13.xml-p21699141p21762397.bz2,891.522162437439,57488,1473232,25.626774283328693,1057.055682182312,1287.524598121643,36176.47265625
wikidatawiki-20250601-pages-meta-history6.xml-p5129337p5160363.bz2,517.0611925125122,28265,1497259,52.972191756589424,928.5118560791016,1496.8377022743225,4904.09375
wikidatawiki-20250601-pages-meta-history27.xml-p88630533p88730637.bz2,1436.3981618881226,98815,1195613,12.099509183828365,928.8011426925659,1019.6500155925751,15815.48828125
wikidatawiki-20250601-pages-meta-history24.xml-p63135658p63235702.bz2,2343.0905771255493,98614,1485994,15.06879347759953,1099.948632478714,1163.6052906513214,8914.14453125
wikidatawiki-20250601-pages-meta-history27.xml-p106272173p106365572.bz2,401.63798236846924,85502,1460185,17.077787654089963,744.3683214187622,795.8655996322632,2954.51171875
wikidatawiki-20250601-pages-meta-history27.xml-p94770089p94778714.bz2,1755.3503828048706,8472,206444,24.367799811142586,880.90691447258,895.2792162895203,13348.04296875
wikidatawiki-20250601-pages-meta-history27.xml-p102990857p103135938.bz2,348.6605062484741,141122,1488450,10.547256983319397,576.9856538772583,609.4616277217865,47687.0859375
wikidatawiki-20250601-pages-meta-history18.xml-p34596909p34655511.bz2,789.7551107406616,56275,1234475,21.93647267880942,946.5989286899567,1215.6786255836487,34139.71875
wikidatawiki-20250601-pages-meta-history25.xml-p75496655p75617852.bz2,396.4902763366699,121005,1498499,12.383777529854138,948.5831904411316,1039.4431519508362,2780.15234375
wikidatawiki-20250601-pages-meta-history6.xml-p5977839p6013176.bz2,468.37230491638184,29394,1498733,50.98771858202354,589.5009603500366,890.4215910434723,3088.875
wikidatawiki-20250601-pages-meta-history1.xml-p157975p159935.bz2,1194.7370347976685,1934,540512,279.47880041365045,895.7563123703003,904.632018327713,35892.16796875
wikidatawiki-20250601-pages-meta-history18.xml-p34708840p34749677.bz2,732.2495708465576,40567,882876,21.76340375181798,866.097555398941,1035.7721033096313,3736.7265625
wikidatawiki-20250601-pages-meta-history10.xml-p15849021p15914400.bz2,284.48680305480957,54166,1486018,27.43451611712144,299.1278235912323,370.5401861667633,33337.23828125
wikidatawiki-20250601-pages-meta-history23.xml-p56815061p56815290.bz2,4195.69041633606,230,25521,110.9608695652174,1080.3577072620392,1253.6540458202362,19285.05859375
wikidatawiki-20250601-pages-meta-history27.xml-p109378122p109529551.bz2,582.2951612472534,138883,1428696,10.287047370808523,963.9431405067444,1052.5205879211426,4664.3515625
wikidatawiki-20250601-pages-meta-history25.xml-p71605644p71672184.bz2,634.3597278594971,65934,1027164,15.57866957866958,843.7786276340485,949.4930641651154,4808.15625
wikidatawiki-20250601-pages-meta-history27.xml-p110239601p110405362.bz2,731.9401006698608,155664,1444600,9.28024462945832,870.6719455718994,908.2267701625824,16162.3125
wikidatawiki-20250601-pages-meta-history24.xml-p63543916p63636083.bz2,3189.8474979400635,90665,1122541,12.381194507251971,1308.9521062374115,1447.3670394420624,13897.91015625
wikidatawiki-20250601-pages-meta-history23.xml-p56845971p56855734.bz2,3828.906672477722,9740,161181,16.548357289527722,1022.2741475105286,1097.6747102737427,9211.13671875
wikidatawiki-20250601-pages-meta-history19.xml-p37296688p37322714.bz2,738.9250898361206,25971,556368,21.42266374032575,856.2465643882751,975.3755338191986,2610.84375
wikidatawiki-20250601-pages-meta-history21.xml-p50480483p50567911.bz2,494.4585304260254,87264,1499660,17.18532269893656,834.5787990093231,968.4614610671997,4253.39453125
wikidatawiki-20250601-pages-meta-history19.xml-p39437773p39471026.bz2,819.1695156097412,32990,656923,19.912791755077297,944.3936629295349,1357.114997625351,4718.203125
wikidatawiki-20250601-pages-meta-history20.xml-p42082824p42138427.bz2,727.9925260543823,55521,958544,17.264530537994634,1261.3254945278168,1500.7745623588562,36899.44140625
wikidatawiki-20250601-pages-meta-history2.xml-p441398p448576.bz2,916.1876010894775,7077,974754,137.7354811360746,916.964926481247,1040.2840547561646,3689.86328125
wikidatawiki-20250601-pages-meta-history20.xml-p41985553p42034885.bz2,714.5323324203491,49237,949476,19.283790645246462,1078.6768989562988,1361.7747223377228,48307.8515625
wikidatawiki-20250601-pages-meta-history27.xml-p103274546p103368812.bz2,364.78331756591797,90427,1484974,16.42179879903126,526.7120499610901,609.531667470932,3975.84765625
wikidatawiki-20250601-pages-meta-history27.xml-p104946039p105002493.bz2,819.2833166122437,55604,1066591,19.181911373282496,748.2563552856445,758.2277381420135,5086.9921875
wikidatawiki-20250601-pages-meta-history23.xml-p56817282p56817561.bz2,4419.455397605896,280,26976,96.34285714285714,1142.6211149692535,1307.8979930877686,17458.3515625
wikidatawiki-20250601-pages-meta-history26.xml-p77572412p77697688.bz2,783.9774293899536,124633,1491169,11.964479712435711,754.224940776825,801.7512075901031,4165.13671875
wikidatawiki-20250601-pages-meta-history7.xml-p6718394p6778766.bz2,517.9430179595947,37170,1499647,40.34562819478074,841.2659487724304,1116.0319521427155,33688.015625
wikidatawiki-20250601-pages-meta-history21.xml-p49630249p49676028.bz2,1423.6753416061401,45524,704351,15.472080660750374,1116.2205395698547,1425.7721364498138,17342.22265625
wikidatawiki-20250601-pages-meta-history27.xml-p101325174p101416578.bz2,393.03238582611084,86512,1480405,17.112134732753837,657.8959476947784,742.3624980449677,4365.76171875
wikidatawiki-20250601-pages-meta-history21.xml-p47544873p47607143.bz2,770.3339414596558,62143,918400,14.778816600421608,1356.7494270801544,1602.6866972446442,36502.72265625
wikidatawiki-20250601-pages-meta-history26.xml-p77306504p77440103.bz2,743.9233770370483,133040,1495218,11.238860493084786,997.6571736335754,1078.6810891628265,2872.07421875
wikidatawiki-20250601-pages-meta-history23.xml-p56818122p56818412.bz2,4205.452869415283,289,25269,87.43598615916954,1077.7818875312805,1257.505516052246,21837.58984375
wikidatawiki-20250601-pages-meta-history10.xml-p15217105p15240036.bz2,351.68854904174805,20727,1485809,71.68471076373812,382.71573209762573,635.7074081897736,4223.52734375
wikidatawiki-20250601-pages-meta-history26.xml-p80037307p80169127.bz2,740.7015428543091,131449,1497572,11.392798728023797,788.1024901866913,878.6968224048615,4835.21484375
wikidatawiki-20250601-pages-meta-history14.xml-p24933705p24992237.bz2,498.99827671051025,55691,1463806,26.28442656802715,694.1319077014923,864.7263185977936,6173.6875
wikidatawiki-20250601-pages-meta-history21.xml-p49377116p49437410.bz2,738.9766216278076,60219,837939,13.914860758232452,1306.6538035869598,1584.8243346214294,5487.3515625
wikidatawiki-20250601-pages-meta-history16.xml-p29404900p29451598.bz2,581.004469871521,46100,1496608,32.46438177874187,818.2271339893341,1073.090886592865,36739.6875
wikidatawiki-20250601-pages-meta-history9.xml-p13492757p13550887.bz2,625.8748359680176,53604,1491808,27.830161928214313,939.1585547924042,1161.4736049175262,4172.390625
wikidatawiki-20250601-pages-meta-history8.xml-p7838097p7878103.bz2,429.5650339126587,34667,1499232,43.246661089797215,737.5049564838409,1089.7099559307098,3907.765625
wikidatawiki-20250601-pages-meta-history16.xml-p29555778p29578205.bz2,383.58673572540283,21706,767734,35.36966737307657,337.68422627449036,426.3879163265228,8820.8203125
wikidatawiki-20250601-pages-meta-history27.xml-p117341915p117478835.bz2,449.81898307800293,112198,1217573,10.852002709495713,637.098550081253,719.64013504982,15241.40234375
wikidatawiki-20250601-pages-meta-history3.xml-p1795747p1819090.bz2,548.0447807312012,22793,1500455,65.82964067915589,745.9793136119843,1322.704960346222,4061.77734375
wikidatawiki-20250601-pages-meta-history1.xml-p704p1002.bz2,2797.1229667663574,232,208266,897.698275862069,1078.870231628418,1310.662044286728,18105.05078125
wikidatawiki-20250601-pages-meta-history23.xml-p56934470p56934780.bz2,4154.376574516296,309,27314,88.3948220064725,1061.9231474399567,1144.830578804016,37451.4609375
wikidatawiki-20250601-pages-meta-history26.xml-p86891901p86899933.bz2,2504.136353492737,8001,131572,16.444444444444443,1262.2528240680695,1695.781672000885,62758.02734375
wikidatawiki-20250601-pages-meta-history24.xml-p62741728p62869651.bz2,1001.4598913192749,126238,1486997,11.779313677339628,1663.3258929252625,1770.133722782135,5699.3671875
wikidatawiki-20250601-pages-meta-history14.xml-p23488766p23526951.bz2,2654.9225940704346,37269,1289723,34.60578496874078,1410.982545375824,2391.3153388500214,51353.1875
wikidatawiki-20250601-pages-meta-history4.xml-p2892105p2920505.bz2,601.6509809494019,26914,1499571,55.71713606301553,828.067732334137,1403.19917178154,4468.60546875
wikidatawiki-20250601-pages-meta-history19.xml-p39023009p39052843.bz2,777.9127626419067,29374,566029,19.26972833117723,840.2890796661377,1015.7024087905884,5830.80078125
wikidatawiki-20250601-pages-meta-history12.xml-p17736816p17813967.bz2,429.636513710022,58892,1497408,25.42633974054201,1054.6041123867035,1332.9442682266235,4438.546875
wikidatawiki-20250601-pages-meta-history18.xml-p35284870p35309426.bz2,756.8430519104004,24520,515848,21.037846655791192,846.3884046077728,992.8685848712921,4088.10546875
wikidatawiki-20250601-pages-meta-history27.xml-p99494629p99628676.bz2,610.3913049697876,130493,1469172,11.258626899527178,1124.0385429859161,1221.9988176822662,6036.68359375
wikidatawiki-20250601-pages-meta-history23.xml-p57735768p57812926.bz2,2286.603639602661,76565,1183096,15.452177888068961,1672.2579727172852,1950.9348809719086,40020.1953125
wikidatawiki-20250601-pages-meta-history11.xml-p17300037p17334501.bz2,299.26075077056885,32342,1487724,45.9997526436213,344.19568252563477,563.1760129928589,48649.0546875
wikidatawiki-20250601-pages-meta-history2.xml-p1016905p1026931.bz2,843.3513031005859,9845,1156737,117.49487049263585,901.40216755867,1043.093936920166,4672.1640625
wikidatawiki-20250601-pages-meta-history21.xml-p50659351p50690485.bz2,120.41064548492432,28925,365290,12.628867761452032,186.33252596855164,309.20512866973877,5081.04296875
wikidatawiki-20250601-pages-meta-history3.xml-p1610919p1630733.bz2,686.0972080230713,19465,1500572,77.09077832006164,763.8320062160492,1267.6174733638763,3941.90625
wikidatawiki-20250601-pages-meta-history27.xml-p128185422p128403949.bz2,662.5605230331421,205826,1471336,7.1484457745863015,775.048980474472,818.3293745517731,5165.03515625
wikidatawiki-20250601-pages-meta-history27.xml-p89432787p89531076.bz2,984.1510667800903,97681,1100157,11.262753247816873,1290.4802589416504,1435.8736515045166,37562.04296875
wikidatawiki-20250601-pages-meta-history10.xml-p14476439p14579424.bz2,312.7590141296387,55821,1498533,26.845327027462783,765.4553520679474,898.3028721809387,10797.75390625
wikidatawiki-20250601-pages-meta-history9.xml-p13253430p13286020.bz2,608.8242292404175,28151,1498775,53.24055983801641,783.2488141059875,1157.4957437515259,15563.546875
wikidatawiki-20250601-pages-meta-history25.xml-p70157769p70263710.bz2,666.3125343322754,93406,1216214,13.020726719910927,1038.8469779491425,1168.7466461658478,36383.05859375
wikidatawiki-20250601-pages-meta-history1.xml-p204658p208106.bz2,1299.6084423065186,3390,637014,187.90973451327434,958.6729507446289,1032.7003557682037,8139.6328125
wikidatawiki-20250601-pages-meta-history4.xml-p2287270p2311540.bz2,672.5327520370483,23476,1500147,63.901303458851594,740.8391346931458,1320.611114025116,11171.0234375
wikidatawiki-20250601-pages-meta-history13.xml-p20835868p20908841.bz2,380.9991579055786,70621,1494194,21.15792752863879,722.2482359409332,795.29181599617,4733.06640625
wikidatawiki-20250601-pages-meta-history26.xml-p76910788p77037246.bz2,740.1251926422119,126155,1498069,11.874828583884904,1062.21519613266,1167.206134557724,5867.359375
wikidatawiki-20250601-pages-meta-history19.xml-p39096744p39131904.bz2,751.8851079940796,34951,708535,20.272238276444163,905.4885876178741,1071.841475725174,48906.93359375
wikidatawiki-20250601-pages-meta-history27.xml-p105561099p105673900.bz2,416.7870626449585,94640,1436854,15.182311918850381,718.2276883125305,856.4796833992004,15427.07421875
wikidatawiki-20250601-pages-meta-history14.xml-p23745295p23745495.bz2,4018.5437908172607,200,95792,478.96,1416.3120505809784,1679.9229288101196,26013.25
wikidatawiki-20250601-pages-meta-history20.xml-p40674409p40709193.bz2,732.5028390884399,34766,892246,25.664327216245756,875.6908752918243,1203.3258817195892,5963.01171875
wikidatawiki-20250601-pages-meta-history7.xml-p7111530p7154937.bz2,502.2551918029785,34299,1499486,43.71806758214525,681.5483856201172,1048.2458329200745,10929.7578125
wikidatawiki-20250601-pages-meta-history6.xml-p5398163p5439150.bz2,472.7829885482788,32992,1499177,45.44062196896217,904.9172675609589,1278.4379739761353,3814.87109375
wikidatawiki-20250601-pages-meta-history19.xml-p37657012p37680497.bz2,730.9959135055542,23472,535689,22.822469325153374,837.1030158996582,957.7501361370087,36437.3203125
wikidatawiki-20250601-pages-meta-history14.xml-p23529707p23549844.bz2,2006.533522605896,19608,719602,36.699408404732765,1133.2867631912231,1591.8694641590118,52871.4140625
wikidatawiki-20250601-pages-meta-history20.xml-p41595486p41636675.bz2,706.2027263641357,41129,820983,19.961170949938,982.3548390865326,1309.7452366352081,37469.3671875
wikidatawiki-20250601-pages-meta-history17.xml-p31166809p31223899.bz2,836.3377523422241,55560,1465364,26.374442044636428,1322.3503546714783,1530.681544303894,7141.44921875
wikidatawiki-20250601-pages-meta-history20.xml-p45311541p45379232.bz2,733.0699443817139,67547,1047199,15.503264393681437,1628.943815946579,1905.0938773155212,5625.71484375
wikidatawiki-20250601-pages-meta-history25.xml-p67917875p68003748.bz2,687.2668437957764,85577,1151573,13.456571274992113,877.837456703186,931.6719408035278,4853.078125
wikidatawiki-20250601-pages-meta-history19.xml-p38438210p38462754.bz2,752.8663539886475,24489,541637,22.11756298746376,837.3174784183502,991.6092438697815,5167.09765625
wikidatawiki-20250601-pages-meta-history21.xml-p49810499p49892727.bz2,816.5308446884155,81120,1347554,16.611858974358974,1835.096822977066,2085.713979959488,4868.609375
wikidatawiki-20250601-pages-meta-history26.xml-p80953355p81085507.bz2,716.7407655715942,131354,1469027,11.183724896082342,778.7563474178314,801.4666810035706,15676.578125
wikidatawiki-20250601-pages-meta-history10.xml-p15267893p15292967.bz2,695.9647130966187,23543,1452358,61.68958926220108,453.0378165245056,690.44881939888,6217.546875
wikidatawiki-20250601-pages-meta-history18.xml-p36011454p36037326.bz2,748.6782064437866,25759,572680,22.232229512015216,850.4066865444183,997.1467385292053,49000.21875
wikidatawiki-20250601-pages-meta-history27.xml-p107787271p107917070.bz2,870.9672155380249,124937,1476229,11.81578715672699,1124.745697259903,1236.035287618637,9146.23828125
wikidatawiki-20250601-pages-meta-history12.xml-p19876352p19883157.bz2,50.81485557556152,5849,168439,28.79791417336297,42.892627239227295,179.3248851299286,4793.13671875
wikidatawiki-20250601-pages-meta-history14.xml-p23392627p23438252.bz2,263.64040088653564,44462,1496580,33.65975439701318,385.4662117958069,612.8442635536194,4962.90234375
wikidatawiki-20250601-pages-meta-history1.xml-p43437p45326.bz2,1394.9842491149902,1872,500329,267.26976495726495,933.7714047431946,941.5840349197388,13136.19921875
wikidatawiki-20250601-pages-meta-history17.xml-p29722232p29765188.bz2,1024.2399787902832,40435,1441209,35.64261159886237,644.4371795654297,902.5850172042847,37120.69921875
wikidatawiki-20250601-pages-meta-history1.xml-p190043p192224.bz2,1218.3023538589478,2166,561360,259.1689750692521,917.9397044181824,927.3084914684296,37158.125
wikidatawiki-20250601-pages-meta-history16.xml-p27664310p27795486.bz2,379.990345954895,115687,1466780,12.678866251177746,354.89058232307434,373.8281102180481,48729.5625
wikidatawiki-20250601-pages-meta-history24.xml-p64751366p64878156.bz2,327.00642013549805,109615,1496468,13.65203667381289,953.7466816902161,1046.3712983131409,3767.26953125
wikidatawiki-20250601-pages-meta-history27.xml-p126868854p127232700.bz2,350.90100479125977,356752,1475274,4.13529286451092,534.9777171611786,548.2185463905334,4605.09765625
wikidatawiki-20250601-pages-meta-history27.xml-p110802950p111000097.bz2,407.8826789855957,144647,1255569,8.680228418149012,553.1976425647736,607.8794095516205,5228.82421875
wikidatawiki-20250601-pages-meta-history18.xml-p32162732p32214831.bz2,782.1333131790161,51105,1172616,22.945230407983562,1390.5457015037537,1662.0982418060303,6650.9609375
wikidatawiki-20250601-pages-meta-history27.xml-p111000098p111067836.bz2,406.35320949554443,59521,1466311,24.635187580853817,556.1173067092896,563.029224395752,5048.34375
wikidatawiki-20250601-pages-meta-history23.xml-p56643733p56646483.bz2,4311.974116325378,2242,71891,32.06556645851918,1114.2073154449463,1250.5184438228607,39851.05078125
wikidatawiki-20250601-pages-meta-history27.xml-p89867832p89954984.bz2,1352.4277114868164,86914,970594,11.167291805692983,1161.0029737949371,1233.893220424652,10687.5859375
wikidatawiki-20250601-pages-meta-history18.xml-p31996312p32018447.bz2,1268.6437282562256,22116,567462,25.6584373304395,1122.5032751560211,1664.2888927459717,24593.84375
wikidatawiki-20250601-pages-meta-history1.xml-p253819p260255.bz2,1022.6468362808228,6366,884394,138.92459943449575,920.3229393959045,972.1728324890137,16565.671875
wikidatawiki-20250601-pages-meta-history20.xml-p40329723p40365115.bz2,758.9630708694458,35311,674901,19.113052589844525,854.2968702316284,1174.1039354801178,5100.98046875
wikidatawiki-20250601-pages-meta-history16.xml-p27066456p27137228.bz2,286.9566259384155,68674,1498839,21.825421556921107,449.08139729499817,569.529260635376,49087.32421875
wikidatawiki-20250601-pages-meta-history26.xml-p85473400p85594971.bz2,694.2289018630981,119029,1498387,12.588419628829948,597.0108103752136,623.5420014858246,4044.76953125
wikidatawiki-20250601-pages-meta-history23.xml-p56817842p56818121.bz2,4123.433194160461,280,24738,88.35,1077.9209384918213,1219.5165994167328,19646.8671875
wikidatawiki-20250601-pages-meta-history24.xml-p65563492p65585258.bz2,192.17674446105957,20525,762733,37.16116930572473,193.79591941833496,313.8377914428711,5590.5
wikidatawiki-20250601-pages-meta-history27.xml-p102319069p102394586.bz2,409.0144519805908,69421,1459529,21.02431540888204,546.9775702953339,649.1473994255066,34316.0
wikidatawiki-20250601-pages-meta-history26.xml-p85343241p85473399.bz2,854.4008769989014,129004,1499147,11.620934234597376,747.6876540184021,778.9591991901398,5390.8203125
wikidatawiki-20250601-pages-meta-history8.xml-p8396816p8446557.bz2,360.0940799713135,41540,1496978,36.03702455464612,403.3049211502075,416.4640271663666,3820.60546875
wikidatawiki-20250601-pages-meta-history23.xml-p56818413p56818763.bz2,4382.928159713745,349,26556,76.09169054441261,1145.1469323635101,1319.3500995635986,19737.05078125
wikidatawiki-20250601-pages-meta-history22.xml-p51080119p51144614.bz2,838.5441751480103,64015,868920,13.573693665547138,1383.3897216320038,1667.4058012962341,7630.83203125
wikidatawiki-20250601-pages-meta-history6.xml-p4469005p4501189.bz2,537.5774126052856,29523,1498249,50.748535040476916,832.9950671195984,1273.5029664039612,37368.875
wikidatawiki-20250601-pages-meta-history21.xml-p47658993p47698227.bz2,744.6753349304199,39202,1073870,27.393245242589664,953.7384603023529,974.1628770828247,5115.38671875
wikidatawiki-20250601-pages-meta-history2.xml-p891043p901907.bz2,883.4857273101807,10710,1218283,113.75191409897292,917.748824596405,1326.7576577663422,37420.08203125
wikidatawiki-20250601-pages-meta-history27.xml-p111100943p111109051.bz2,281.94172191619873,7352,1498759,203.8573177366703,565.5339379310608,568.8254554271698,5227.515625
wikidatawiki-20250601-pages-meta-history25.xml-p74710995p74803229.bz2,464.8260259628296,92098,1498055,16.265879823666094,1048.7782549858093,1164.2057580947876,6034.609375
wikidatawiki-20250601-pages-meta-history16.xml-p28712544p28747116.bz2,885.7076635360718,33942,1118886,32.96464557185787,868.6847937107086,969.5862493515015,15803.84765625
wikidatawiki-20250601-pages-meta-history7.xml-p6215034p6246698.bz2,745.7259511947632,26483,1477230,55.780311898198846,627.096214056015,984.2215342521667,5836.61328125
wikidatawiki-20250601-pages-meta-history1.xml-p299249p302024.bz2,1056.921462059021,2768,660797,238.72723988439307,910.0124018192291,921.8272058963776,49126.5078125
wikidatawiki-20250601-pages-meta-history16.xml-p29248696p29250252.bz2,728.5558862686157,1415,272368,192.48621908127208,839.1024260520935,850.4084153175354,34055.1875
wikidatawiki-20250601-pages-meta-history27.xml-p91311199p91427720.bz2,1142.3679361343384,115476,1165349,10.091698707956631,1500.2114443778992,1646.3099851608276,10729.86328125
wikidatawiki-20250601-pages-meta-history1.xml-p125390p130847.bz2,1088.3184423446655,5383,854983,158.83020620471856,910.6256687641144,929.9642906188965,4453.0078125
wikidatawiki-20250601-pages-meta-history21.xml-p49676029p49733723.bz2,743.880560874939,56834,886704,15.601646901502622,1193.0256803035736,1471.3247618675232,5670.79296875
wikidatawiki-20250601-pages-meta-history22.xml-p54045752p54073544.bz2,1529.3193998336792,27736,351905,12.687662244014998,906.9933271408081,954.8200197219849,13628.12890625
wikidatawiki-20250601-pages-meta-history2.xml-p504466p512596.bz2,940.6623001098633,7791,1024390,131.4837633166474,922.5078887939453,994.0328969955444,6658.33203125
wikidatawiki-20250601-pages-meta-history13.xml-p22537384p22604125.bz2,1171.1292600631714,62591,1469384,23.475962997875094,778.8704617023468,886.7039470672607,37627.62890625
wikidatawiki-20250601-pages-meta-history16.xml-p29127768p29141830.bz2,2012.5035467147827,13981,775252,55.450396967312784,985.3439626693726,1319.66548371315,21846.13671875
wikidatawiki-20250601-pages-meta-history25.xml-p70960733p70964796.bz2,717.058009147644,4049,263672,65.12027661150901,834.1421506404877,844.8739864826202,15791.828125
wikidatawiki-20250601-pages-meta-history25.xml-p66495938p66537831.bz2,635.5873746871948,41372,1016853,24.578289664507395,871.6946952342987,929.3165376186371,4305.90234375
wikidatawiki-20250601-pages-meta-history26.xml-p75910638p76025653.bz2,634.6019067764282,113818,1495150,13.136322901474283,1025.0752775669098,1074.915625333786,6200.546875
wikidatawiki-20250601-pages-meta-history23.xml-p56678351p56678461.bz2,4304.607297897339,110,25517,231.97272727272727,1126.063322544098,1320.021665096283,15682.67578125
wikidatawiki-20250601-pages-meta-history3.xml-p1676301p1695540.bz2,728.2420692443848,18920,1499784,79.26976744186047,815.9090657234192,1345.576195716858,5772.22265625
wikidatawiki-20250601-pages-meta-history22.xml-p51848382p51916664.bz2,857.6314544677734,67644,1120751,16.56837265685057,1629.2736382484436,1922.0397319793701,6764.76171875
wikidatawiki-20250601-pages-meta-history16.xml-p28391546p28447454.bz2,371.01847076416016,55319,1476412,26.68905800900233,691.5990686416626,847.1013355255127,4439.1015625
wikidatawiki-20250601-pages-meta-history26.xml-p79132288p79255551.bz2,750.8078479766846,122906,1498535,12.192529249995932,921.6934218406677,1018.7725954055786,5578.4140625
wikidatawiki-20250601-pages-meta-history20.xml-p42620064p42691813.bz2,800.8054904937744,71553,1209608,16.90506337959275,1657.6501653194427,1960.7080776691437,37110.08203125
wikidatawiki-20250601-pages-meta-history27.xml-p114524390p114757321.bz2,493.85305309295654,228790,1487210,6.500327811530224,1091.591548204422,1132.4061233997345,11708.47265625
wikidatawiki-20250601-pages-meta-history5.xml-p4278536p4312637.bz2,531.1750144958496,31078,1498925,48.231063775017695,867.218147277832,1263.8594329357147,37819.0546875
wikidatawiki-20250601-pages-meta-history27.xml-p112157237p112384107.bz2,454.82123851776123,216359,1453327,6.717201503057418,896.9867472648621,926.855870962143,5792.19921875
wikidatawiki-20250601-pages-meta-history6.xml-p5298528p5327765.bz2,536.1453943252563,25917,1498013,57.80040128101246,869.9380388259888,1455.9307038784027,4912.88671875
wikidatawiki-20250601-pages-meta-history24.xml-p60885751p61011212.bz2,402.867636680603,120276,1487066,12.36377997272939,1305.9784383773804,1446.4504013061523,5453.5703125
wikidatawiki-20250601-pages-meta-history3.xml-p1459444p1482935.bz2,684.7894163131714,22918,1500059,65.45331180731303,763.5969479084015,1500.3178114891052,16407.35546875
wikidatawiki-20250601-pages-meta-history21.xml-p46088568p46163339.bz2,748.822319984436,74511,1102931,14.802257384815665,1720.8032910823822,2033.6468498706818,34698.51953125
wikidatawiki-20250601-pages-meta-history5.xml-p4081106p4112585.bz2,501.12282276153564,28645,1499346,52.342328504101935,802.3157525062561,1246.9035050868988,5943.0703125
wikidatawiki-20250601-pages-meta-history4.xml-p2380917p2402782.bz2,646.2799654006958,21391,1498944,70.07358234771633,735.8438024520874,1471.1245090961456,6508.53125
wikidatawiki-20250601-pages-meta-history27.xml-p92874454p93034500.bz2,831.8782386779785,159377,1497061,9.393206046041776,1216.360102891922,1304.1284551620483,6082.51953125
wikidatawiki-20250601-pages-meta-history21.xml-p47216574p47285257.bz2,785.8365325927734,68375,917821,13.423341864716637,1705.7627890110016,2021.254879951477,6454.6484375
wikidatawiki-20250601-pages-meta-history1.xml-p369832p384301.bz2,1115.5896263122559,14177,1211193,85.43366015377019,925.4954652786255,1120.8923540115356,6929.53515625
wikidatawiki-20250601-pages-meta-history18.xml-p31889827p31891648.bz2,2242.8018321990967,1754,60450,34.464082098061574,1187.784039258957,1657.199550151825,32181.98046875
wikidatawiki-20250601-pages-meta-history10.xml-p15324193p15366834.bz2,250.14076614379883,41063,1498061,36.48201543969023,260.516845703125,267.0521478652954,5527.4375
wikidatawiki-20250601-pages-meta-history8.xml-p8214309p8257002.bz2,359.952600479126,36464,1497441,41.06628455462922,392.94506549835205,417.0234534740448,34201.5234375
wikidatawiki-20250601-pages-meta-history15.xml-p25076576p25141854.bz2,486.748911857605,64842,1492101,23.0113352456741,2460.0999376773834,2929.3485748767853,51882.36328125
wikidatawiki-20250601-pages-meta-history27.xml-p128403950p128518433.bz2,122.09835147857666,112153,423187,3.7733007587848744,207.2507152557373,222.94315218925476,5792.25
wikidatawiki-20250601-pages-meta-history5.xml-p4145566p4176355.bz2,1042.4038391113281,28826,1497695,51.95639353361548,997.7650804519653,1409.973979473114,41104.65625
wikidatawiki-20250601-pages-meta-history1.xml-p33925p37667.bz2,1312.7909240722656,3648,691437,189.53865131578948,932.8824753761292,947.330676317215,17068.48828125
wikidatawiki-20250601-pages-meta-history27.xml-p88730638p88790578.bz2,1552.0534219741821,59276,763790,12.885316148188137,1037.4033207893372,1291.1926419734955,27861.3984375
wikidatawiki-20250601-pages-meta-history26.xml-p77821503p77934363.bz2,780.6120405197144,112709,1499568,13.304776016112289,813.72971534729,890.042450428009,5995.96484375
wikidatawiki-20250601-pages-meta-history6.xml-p4626720p4664747.bz2,414.13493061065674,35751,1494195,41.79449525887388,1093.4654927253723,1493.1026349067688,37861.21875
wikidatawiki-20250601-pages-meta-history12.xml-p19071262p19120665.bz2,633.7889652252197,43132,1461922,33.89413892237782,943.8611710071564,1289.9541907310486,5713.6796875
wikidatawiki-20250601-pages-meta-history21.xml-p47927479p47998325.bz2,729.9228963851929,70705,917252,12.972943921929142,1802.0048627853394,2118.850996732712,5897.3125
wikidatawiki-20250601-pages-meta-history3.xml-p1154817p1177082.bz2,799.6900682449341,21455,1499580,69.8941971568399,865.2028443813324,1437.1389396190643,5187.3671875
wikidatawiki-20250601-pages-meta-history1.xml-p400659p409434.bz2,1143.6438035964966,8574,1010152,117.81572195008164,913.3412735462189,1277.8535616397858,6128.2265625
wikidatawiki-20250601-pages-meta-history21.xml-p47751209p47792187.bz2,762.9865407943726,40919,1075242,26.277328380458954,919.9569890499115,1015.8125240802765,34868.68359375
wikidatawiki-20250601-pages-meta-history22.xml-p51539588p51616596.bz2,876.6885681152344,76671,1359311,17.729141396355857,1813.5339114665985,2092.669945001602,12601.921875
wikidatawiki-20250601-pages-meta-history24.xml-p62086976p62193328.bz2,2206.179162979126,106015,711007,6.706664151299345,1313.918160200119,1464.3093724250793,13612.84765625
wikidatawiki-20250601-pages-meta-history13.xml-p22408330p22468008.bz2,522.2198066711426,55306,1484285,26.83768488048313,744.0238754749298,1046.3421592712402,7111.4609375
wikidatawiki-20250601-pages-meta-history15.xml-p25692621p25756758.bz2,575.1429567337036,62839,1433291,22.80894030777065,638.4623255729675,795.4174258708954,16415.73828125
wikidatawiki-20250601-pages-meta-history23.xml-p56675928p56676108.bz2,3954.175106048584,180,24303,135.01666666666668,1008.4232094287872,1161.1219868659973,52325.90625
wikidatawiki-20250601-pages-meta-history14.xml-p23912126p23971695.bz2,343.570987701416,58408,1487446,25.466477194904808,619.7899837493896,780.3801856040955,6302.76171875
wikidatawiki-20250601-pages-meta-history26.xml-p83850984p83989895.bz2,776.7612257003784,136055,1478552,10.867311013928191,1456.1825139522552,1535.9210596084595,5413.2265625
wikidatawiki-20250601-pages-meta-history25.xml-p74424012p74557836.bz2,670.4368562698364,133236,1497756,11.241376204629379,796.1935172080994,840.6062769889832,38179.15234375
wikidatawiki-20250601-pages-meta-history12.xml-p19675954p19731222.bz2,611.0165395736694,50166,1439143,28.687617111190846,968.1698665618896,1161.6610271930695,37304.28515625
wikidatawiki-20250601-pages-meta-history26.xml-p82782581p82915031.bz2,803.3607988357544,131958,1496917,11.343889722487457,1154.7752594947815,1266.6733796596527,6396.828125
wikidatawiki-20250601-pages-meta-history12.xml-p19368212p19416991.bz2,297.98973846435547,40961,1498260,36.57772027050121,613.0215218067169,842.5461337566376,5108.99609375
wikidatawiki-20250601-pages-meta-history1.xml-p162331p165824.bz2,1223.1217737197876,3447,612739,177.7600812300551,910.4042549133301,947.5624973773956,50466.53125
wikidatawiki-20250601-pages-meta-history11.xml-p17598315p17636049.bz2,882.5981378555298,33599,1461637,43.50239590464002,1017.9353265762329,1530.3267951011658,5806.390625
wikidatawiki-20250601-pages-meta-history27.xml-p110405363p110593146.bz2,405.16720390319824,55208,835282,15.129727575713664,384.05661153793335,483.97287011146545,4903.09375
wikidatawiki-20250601-pages-meta-history27.xml-p109189252p109378121.bz2,621.0780811309814,182925,1467948,8.024862648626486,1539.5569219589233,1630.2769033908844,6418.8671875
wikidatawiki-20250601-pages-meta-history27.xml-p123833448p124231489.bz2,788.184775352478,385182,1462023,3.795668021870181,1283.4585280418396,1357.7565433979034,6693.4140625
wikidatawiki-20250601-pages-meta-history15.xml-p25294198p25364296.bz2,499.5543375015259,69519,1486971,21.389418720062142,2465.59485411644,2923.245742559433,8660.51953125
wikidatawiki-20250601-pages-meta-history27.xml-p122334550p122782263.bz2,704.477725982666,440410,1474893,3.3489089711859403,1272.936836719513,1335.611955165863,6491.89453125
wikidatawiki-20250601-pages-meta-history3.xml-p1947089p1967353.bz2,703.332667350769,19823,1500051,75.6722494072542,768.2147643566132,1660.6674892902374,12335.19921875
wikidatawiki-20250601-pages-meta-history20.xml-p44247431p44320311.bz2,804.120120048523,72264,1177950,16.30064762537363,1701.1297388076782,1995.6352846622467,5592.2578125
wikidatawiki-20250601-pages-meta-history18.xml-p35432221p35456801.bz2,767.1407871246338,24557,544738,22.18259559392434,862.63778424263,1049.0763053894043,8026.2734375
wikidatawiki-20250601-pages-meta-history23.xml-p57575708p57629704.bz2,2860.379427909851,52869,750192,14.189638540543609,1488.4696507453918,1655.0133533477783,11894.94140625
wikidatawiki-20250601-pages-meta-history20.xml-p43037304p43096835.bz2,796.6485595703125,58908,1114981,18.92749711414409,1649.5659368038177,1932.0491631031036,35153.67578125
wikidatawiki-20250601-pages-meta-history2.xml-p574891p587994.bz2,885.4825792312622,12741,1317204,103.38309394866965,917.8017809391022,1664.762999534607,5261.0859375
wikidatawiki-20250601-pages-meta-history2.xml-p618804p630048.bz2,877.9745893478394,10656,1253663,117.6485548048048,923.1461617946625,1554.7674026489258,38367.5859375
wikidatawiki-20250601-pages-meta-history8.xml-p8744714p8810380.bz2,355.7380018234253,47133,1497470,31.771158211868542,375.45814204216003,448.23421359062195,6091.79296875
wikidatawiki-20250601-pages-meta-history24.xml-p62869652p62957673.bz2,671.1553916931152,85444,1484400,17.372782173119237,1785.4371755123138,1902.8551006317139,18870.68359375
wikidatawiki-20250601-pages-meta-history22.xml-p53465212p53518943.bz2,858.6577730178833,53430,812025,15.197922515440764,1436.3324925899506,1706.928878068924,38362.23046875
wikidatawiki-20250601-pages-meta-history18.xml-p35023334p35047361.bz2,736.7060356140137,24014,550437,22.921504122595152,859.1677350997925,938.2850522994995,5659.625
wikidatawiki-20250601-pages-meta-history19.xml-p37931067p37960590.bz2,760.006739616394,29502,647417,21.944851196529047,882.2500386238098,1107.1222341060638,6414.21875
wikidatawiki-20250601-pages-meta-history16.xml-p29251857p29253764.bz2,725.2358703613281,1705,270371,158.57536656891494,832.0815517902374,843.0862274169922,11967.90625
wikidatawiki-20250601-pages-meta-history8.xml-p9604966p9704799.bz2,291.3960418701172,64986,1499540,23.07481611423999,285.60893654823303,337.22968077659607,5622.2734375
wikidatawiki-20250601-pages-meta-history23.xml-p56551380p56567325.bz2,3530.707787513733,15535,509729,32.81165111039588,977.5254552364349,1088.3245129585266,17837.26953125
wikidatawiki-20250601-pages-meta-history5.xml-p3988976p4020682.bz2,526.4758081436157,28880,1498376,51.882825484764545,986.541925907135,1500.9178235530853,50117.7890625
wikidatawiki-20250601-pages-meta-history16.xml-p29012746p29064245.bz2,877.8174724578857,50303,1470810,29.23901158976602,844.3458533287048,921.4087195396423,6244.8359375
wikidatawiki-20250601-pages-meta-history13.xml-p22468009p22490941.bz2,2950.55539226532,20826,772392,37.08787093056756,835.040753364563,999.9519076347351,24029.60546875
wikidatawiki-20250601-pages-meta-history7.xml-p6089611p6128155.bz2,468.16924571990967,32447,1499561,46.21570561222917,840.6171226501465,1145.7055325508118,5242.62109375
wikidatawiki-20250601-pages-meta-history25.xml-p72462645p72525481.bz2,632.9185256958008,62518,1025335,16.400636616654403,837.1777091026306,846.4816360473633,16637.62109375
wikidatawiki-20250601-pages-meta-history6.xml-p5584117p5627834.bz2,373.5416498184204,38286,1495331,39.056861515958836,806.930278301239,1100.040313243866,34821.046875
wikidatawiki-20250601-pages-meta-history19.xml-p38510710p38533644.bz2,781.0392942428589,22859,518703,22.691412572728467,865.0565323829651,966.2295897006989,8145.71484375
wikidatawiki-20250601-pages-meta-history26.xml-p87754679p87800430.bz2,2192.1755056381226,45472,592428,13.02841308937368,1334.074823141098,1840.5819239616394,33300.375
wikidatawiki-20250601-pages-meta-history15.xml-p25870449p25910957.bz2,609.2738418579102,38562,1462404,37.9234479539443,829.4696445465088,1270.8976466655731,5459.66796875
wikidatawiki-20250601-pages-meta-history27.xml-p104888500p104913992.bz2,785.7887296676636,25031,682800,27.278175062921978,722.7889859676361,734.3359425067902,11978.7421875
wikidatawiki-20250601-pages-meta-history5.xml-p3283839p3310262.bz2,483.84126377105713,25218,1499618,59.46617495439765,764.1502623558044,1281.2747466564178,38497.765625
wikidatawiki-20250601-pages-meta-history13.xml-p21862659p21931610.bz2,559.5034217834473,53828,1483382,27.557813777216317,656.1570067405701,757.7529633045197,6968.77734375
wikidatawiki-20250601-pages-meta-history20.xml-p45240792p45311540.bz2,763.1157026290894,70492,1072972,15.221188219939851,1609.7444894313812,1875.0315306186676,6803.10546875
wikidatawiki-20250601-pages-meta-history15.xml-p25756759p25813837.bz2,775.9589624404907,55122,1458953,26.467707993178767,764.510226726532,922.5647237300873,6952.3359375
wikidatawiki-20250601-pages-meta-history2.xml-p563257p574890.bz2,873.4051246643066,11211,1266221,112.94451877620195,922.3305134773254,1524.8615176677704,37646.90234375
wikidatawiki-20250601-pages-meta-history10.xml-p15117637p15143614.bz2,1082.5075054168701,23379,1476597,63.15911715642243,474.7353980541229,729.4568309783936,9627.78125
wikidatawiki-20250601-pages-meta-history11.xml-p16911778p16960694.bz2,1199.1551599502563,42346,1421349,33.56513011854721,630.2719502449036,875.1419177055359,7048.5078125
wikidatawiki-20250601-pages-meta-history20.xml-p42237875p42275572.bz2,1679.5895881652832,37671,614939,16.323936184332776,1100.0629315376282,1383.1324107646942,9954.9765625
wikidatawiki-20250601-pages-meta-history25.xml-p66873110p66931168.bz2,644.7901134490967,52002,1094067,21.038940809968846,842.6196858882904,875.1469042301178,5130.16015625
wikidatawiki-20250601-pages-meta-history26.xml-p86980140p86992981.bz2,2000.24866771698,12647,209479,16.56353285364118,936.2097585201263,1408.557935476303,63702.45703125
wikidatawiki-20250601-pages-meta-history27.xml-p108487740p108652312.bz2,549.1256456375122,160542,1480282,9.220527961530316,1270.8865041732788,1358.1048893928528,5166.140625
wikidatawiki-20250601-pages-meta-history26.xml-p86486462p86486531.bz2,2406.7442111968994,70,27698,395.6857142857143,1078.449417591095,1793.8382601737976,34074.64453125
wikidatawiki-20250601-pages-meta-history27.xml-p100725049p100805257.bz2,512.1065607070923,77106,1487504,19.29167639353617,895.6410522460938,991.5441966056824,38603.1796875
wikidatawiki-20250601-pages-meta-history16.xml-p27259946p27326116.bz2,326.9046640396118,57333,1482946,25.86548759004413,398.06926560401917,497.3965485095978,6662.17578125
wikidatawiki-20250601-pages-meta-history2.xml-p587995p598520.bz2,881.9750967025757,10186,1158154,113.70056940899273,930.0817513465881,1215.787691116333,6556.9453125
wikidatawiki-20250601-pages-meta-history21.xml-p49498077p49568227.bz2,749.8824710845947,69417,931484,13.418672659435009,1616.9121477603912,1847.6902351379395,5896.20703125
wikidatawiki-20250601-pages-meta-history18.xml-p32214832p32283582.bz2,818.9378442764282,66841,1393288,20.844810819706467,1568.1445541381836,1931.2901775836945,17398.79296875
wikidatawiki-20250601-pages-meta-history26.xml-p86423150p86437407.bz2,3020.4693326950073,14073,239097,16.98976764016201,1585.6889770030975,2037.0947835445404,54178.87890625
wikidatawiki-20250601-pages-meta-history16.xml-p28244865p28295305.bz2,518.9441738128662,50142,1490279,29.72117187188385,743.2000596523285,915.4951229095459,7236.5078125
wikidatawiki-20250601-pages-meta-history20.xml-p40553679p40581868.bz2,714.377872467041,28170,770413,27.348704295349663,872.1221899986267,1116.1104397773743,5813.140625
wikidatawiki-20250601-pages-meta-history21.xml-p47792188p47830902.bz2,745.2265501022339,38677,1100463,28.452646275564287,934.2683248519897,953.4301466941833,38432.52734375
wikidatawiki-20250601-pages-meta-history20.xml-p43194725p43238437.bz2,770.8140935897827,43597,696595,15.978048948322133,1179.5509204864502,1548.9662096500397,38839.3125
wikidatawiki-20250601-pages-meta-history22.xml-p51282389p51346320.bz2,704.673267364502,62011,1488893,24.01014336166164,1546.2964985370636,1820.1952004432678,7820.30859375
wikidatawiki-20250601-pages-meta-history23.xml-p58151718p58239807.bz2,3124.894556045532,87604,1139793,13.010741518652116,1916.1717813014984,2074.6251034736633,19971.70703125
wikidatawiki-20250601-pages-meta-history23.xml-p56812231p56812460.bz2,4106.7444896698,230,24713,107.44782608695652,1049.2936294078827,1209.4621813297272,53259.6328125
wikidatawiki-20250601-pages-meta-history23.xml-p56617267p56620909.bz2,3505.574993133545,2607,81465,31.248561565017262,917.627189874649,1120.8543796539307,16814.62109375
wikidatawiki-20250601-pages-meta-history25.xml-p68909110p68969910.bz2,379.06546115875244,60724,1499374,24.69162110532903,423.37610912323,445.8371093273163,16834.296875
wikidatawiki-20250601-pages-meta-history19.xml-p39705801p39738608.bz2,735.2431364059448,32670,702398,21.499785736149374,864.9370632171631,1099.5655736923218,7192.06640625
wikidatawiki-20250601-pages-meta-history22.xml-p51778713p51848381.bz2,921.5241479873657,69323,1296813,18.706821689771072,1762.6050703525543,2066.318426847458,8042.1796875
wikidatawiki-20250601-pages-meta-history20.xml-p45379233p45447650.bz2,733.1834688186646,68279,1059422,15.516073756206154,1571.80477976799,1859.1523971557617,6414.515625
wikidatawiki-20250601-pages-meta-history20.xml-p40777814p40811126.bz2,752.6279973983765,33281,757382,22.75718878639464,873.7263853549957,1028.6957142353058,35782.21875
wikidatawiki-20250601-pages-meta-history27.xml-p120915881p121347459.bz2,634.7202920913696,424422,1474533,3.474214343271555,1370.0810837745667,1405.530488729477,6794.2265625
wikidatawiki-20250601-pages-meta-history15.xml-p25433637p25480863.bz2,689.1850318908691,47009,1482645,31.539598800229744,1892.122230052948,2298.08980345726,9177.60546875
wikidatawiki-20250601-pages-meta-history23.xml-p56927481p56927910.bz2,4037.653176307678,430,27727,64.48139534883721,1033.9604189395905,1120.2421081066132,11587.89453125
wikidatawiki-20250601-pages-meta-history21.xml-p49437411p49498076.bz2,795.7451429367065,60321,899473,14.911440460204572,1351.2918334007263,1630.2128295898438,5990.42578125
wikidatawiki-20250601-pages-meta-history1.xml-p209616p213230.bz2,1114.5062656402588,3565,704488,197.61234221598878,902.190432548523,1153.0254986286163,50858.1953125
wikidatawiki-20250601-pages-meta-history11.xml-p17492122p17550002.bz2,1105.9618520736694,51516,1452002,28.185456945415016,1064.1797659397125,1420.157140493393,9120.41796875
wikidatawiki-20250601-pages-meta-history25.xml-p71505172p71605643.bz2,677.3906373977661,100090,1200827,11.997472274952543,1019.8778007030487,1197.0282716751099,6844.7421875
wikidatawiki-20250601-pages-meta-history27.xml-p88869835p88938397.bz2,1479.8390369415283,68319,889072,13.013539425342877,1066.2061450481415,1115.2643706798553,28169.3671875
wikidatawiki-20250601-pages-meta-history23.xml-p56814231p56814430.bz2,4382.858991622925,200,26454,132.27,1136.7802565097809,1362.4794716835022,26840.21484375
wikidatawiki-20250601-pages-meta-history27.xml-p100641064p100725048.bz2,446.5716371536255,80780,1490071,18.44603862342164,1043.1810669898987,1167.2760224342346,6949.046875
wikidatawiki-20250601-pages-meta-history24.xml-p61011213p61137277.bz2,306.2797317504883,117769,1493896,12.684968030636245,703.8999428749084,789.1410183906555,6771.24609375
wikidatawiki-20250601-pages-meta-history4.xml-p3091320p3098446.bz2,135.64227104187012,6512,357656,54.92260442260442,144.06867504119873,396.4007394313812,6715.8984375
wikidatawiki-20250601-pages-meta-history1.xml-p418944p428230.bz2,970.9539318084717,9105,1086354,119.31400329489291,941.3445770740509,1617.5918180942535,8228.25
wikidatawiki-20250601-pages-meta-history20.xml-p40744362p40777813.bz2,795.7810716629028,33192,773260,23.29657748855146,867.9104669094086,1008.414799451828,35957.35546875
wikidatawiki-20250601-pages-meta-history26.xml-p87048303p87119330.bz2,2460.787000656128,70668,964342,13.646091583177675,1431.1567730903625,1865.9808547496796,54755.22265625
wikidatawiki-20250601-pages-meta-history22.xml-p54961777p55032562.bz2,603.0464391708374,69229,1474348,21.29668202631845,1807.5545120239258,2139.764701128006,40743.7109375
wikidatawiki-20250601-pages-meta-history26.xml-p87800431p87888247.bz2,1311.845163345337,87265,1149540,13.172978857503008,902.266099691391,1111.5288970470428,26688.30078125
wikidatawiki-20250601-pages-meta-history21.xml-p47053232p47136600.bz2,811.3128309249878,83159,1032715,12.418559626739139,1911.4145288467407,2175.2800261974335,13254.08984375
wikidatawiki-20250601-pages-meta-history18.xml-p32598904p32660515.bz2,801.5390062332153,60295,1044666,17.325914254913343,1096.7472376823425,1352.602077960968,7123.28125
wikidatawiki-20250601-pages-meta-history17.xml-p30138925p30173888.bz2,847.2592639923096,32852,1114400,33.921831243151104,1042.0261418819427,1220.3199753761292,6153.64453125
wikidatawiki-20250601-pages-meta-history15.xml-p26260684p26281397.bz2,843.7551908493042,20343,1297104,63.761687066804306,894.7854721546173,1176.2807626724243,6128.8671875
wikidatawiki-20250601-pages-meta-history4.xml-p2264037p2287269.bz2,600.3642454147339,22532,1500383,66.58898455529913,1048.24778342247,1912.1206276416779,6581.62109375
wikidatawiki-20250601-pages-meta-history1.xml-p462p703.bz2,2488.3698539733887,171,171330,1001.9298245614035,913.0961918830872,979.2936651706696,26837.09375
wikidatawiki-20250601-pages-meta-history27.xml-p105002494p105075555.bz2,942.9800043106079,70087,1358351,19.380926562700644,914.928147315979,921.8668768405914,8416.46484375
wikidatawiki-20250601-pages-meta-history26.xml-p81205922p81323929.bz2,657.4756231307983,116964,1456338,12.451164460859752,792.6900365352631,843.4153969287872,6841.81640625
wikidatawiki-20250601-pages-meta-history1.xml-p208107p209615.bz2,2031.258056640625,1493,377327,252.73074346952444,911.7727217674255,966.2098157405853,50256.328125
wikidatawiki-20250601-pages-meta-history2.xml-p640057p651838.bz2,881.079626083374,11118,1250238,112.45169994603346,913.9322264194489,1646.1089007854462,50800.40234375
wikidatawiki-20250601-pages-meta-history27.xml-p101823677p101940589.bz2,608.7022609710693,104084,1424515,13.686205372583682,1085.7960839271545,1189.0987119674683,39120.30078125
wikidatawiki-20250601-pages-meta-history20.xml-p40403372p40442969.bz2,847.7495880126953,38494,1024070,26.603366758455863,1047.9260883331299,1456.9393475055695,9657.33984375
wikidatawiki-20250601-pages-meta-history21.xml-p49733724p49810498.bz2,788.6729440689087,75523,1192212,15.786078413198629,1594.1067321300507,1846.1096093654633,7886.61328125
wikidatawiki-20250601-pages-meta-history1.xml-p69898p74952.bz2,902.2749128341675,5021,924678,184.1621190997809,927.3257234096527,993.5070774555206,5724.0078125
wikidatawiki-20250601-pages-meta-history12.xml-p18853106p18884496.bz2,418.52462673187256,28259,1471442,52.0698538518702,432.88873982429504,770.544716835022,17550.359375
wikidatawiki-20250601-pages-meta-history1.xml-p1p154.bz2,3662.147439956665,40,97547,2438.675,1148.2578938007355,1216.1519582271576,53464.4765625
wikidatawiki-20250601-pages-meta-history23.xml-p58073863p58151717.bz2,2688.4233808517456,76546,1133760,14.811485903900921,1516.9233787059784,1720.422378540039,9896.64453125
wikidatawiki-20250601-pages-meta-history23.xml-p56816152p56816441.bz2,4121.754641532898,290,26343,90.83793103448276,1075.7408542633057,1241.9603629112244,21362.6875
wikidatawiki-20250601-pages-meta-history7.xml-p7765122p7808509.bz2,395.20351219177246,37875,1499686,39.5956699669967,950.5395579338074,1173.0914487838745,5643.109375
wikidatawiki-20250601-pages-meta-history23.xml-p56812681p56812900.bz2,4325.793583869934,219,26083,119.10045662100457,1119.7586715221405,1281.220426082611,17990.375
wikidatawiki-20250601-pages-meta-history6.xml-p5860792p5905258.bz2,489.32629013061523,35734,1500421,41.98861028712151,1106.2986540794373,1552.8809490203857,6318.70703125
wikidatawiki-20250601-pages-meta-history16.xml-p28910050p28948663.bz2,831.7170715332031,36203,1382728,38.193740850205785,890.5066466331482,1167.9446065425873,35917.52734375
wikidatawiki-20250601-pages-meta-history23.xml-p55840080p55913322.bz2,557.696722984314,70015,1479741,21.134628293937013,910.0495285987854,1107.2298057079315,50875.375
wikidatawiki-20250601-pages-meta-history20.xml-p44466450p44545425.bz2,771.9830684661865,77980,1315973,16.875775839958965,1687.1484274864197,1934.8532700538635,6263.96484375
wikidatawiki-20250601-pages-meta-history5.xml-p4312638p4340233.bz2,656.701057434082,25924,1495144,57.67412436352415,789.8394703865051,1103.0658826828003,7857.78125
wikidatawiki-20250601-pages-meta-history5.xml-p3600753p3630425.bz2,522.6071109771729,26661,1499285,56.23513746671168,799.7118446826935,1188.3567023277283,6289.01171875
wikidatawiki-20250601-pages-meta-history1.xml-p74953p79351.bz2,1029.156213760376,4374,777387,177.72908093278463,911.4315340518951,924.0308589935303,12547.05859375
wikidatawiki-20250601-pages-meta-history26.xml-p80558072p80685240.bz2,774.8532762527466,126486,1492753,11.801725092105055,866.3342978954315,960.2236158847809,5908.87109375
wikidatawiki-20250601-pages-meta-history23.xml-p56814861p56815060.bz2,4396.907017707825,200,26532,132.66,1143.6899700164795,1326.9835894107819,24679.359375
wikidatawiki-20250601-pages-meta-history19.xml-p37586901p37609751.bz2,745.3391628265381,22829,540720,23.685662972534935,844.8307709693909,875.0713028907776,7353.73046875
wikidatawiki-20250601-pages-meta-history23.xml-p59293535p59389673.bz2,832.5510025024414,95449,1487921,15.588649435824367,1452.7261350154877,1628.9430911540985,39920.32421875
wikidatawiki-20250601-pages-meta-history3.xml-p1586160p1610918.bz2,714.6585483551025,24093,1500770,62.29070684431163,846.479070186615,1476.174292564392,7463.6875
wikidatawiki-20250601-pages-meta-history18.xml-p35783671p35809327.bz2,798.8019771575928,25444,533508,20.967929570822196,861.1397542953491,904.2801795005798,51860.96484375
wikidatawiki-20250601-pages-meta-history24.xml-p64566016p64647369.bz2,832.9646892547607,80233,1008462,12.569167300238057,1704.6049287319183,1917.523776769638,40117.19921875
wikidatawiki-20250601-pages-meta-history27.xml-p91630026p91723037.bz2,1352.9422931671143,92822,976476,10.519876753355886,1216.0383808612823,1343.7060658931732,38009.91796875
wikidatawiki-20250601-pages-meta-history27.xml-p111571735p111756350.bz2,422.77634716033936,127057,1227543,9.6613567139158,724.7513599395752,803.9796385765076,17990.66796875
wikidatawiki-20250601-pages-meta-history11.xml-p16368387p16401141.bz2,303.18743419647217,31687,1499006,47.3066557263231,615.9669330120087,778.4907047748566,7417.0859375
wikidatawiki-20250601-pages-meta-history27.xml-p89250596p89341508.bz2,1391.3486242294312,90740,1058268,11.662640511351112,1033.9780533313751,1160.0728840827942,17205.171875
wikidatawiki-20250601-pages-meta-history27.xml-p88387099p88441316.bz2,1635.9447259902954,53709,733303,13.653261092181943,936.5676505565643,1267.9085278511047,36541.9140625
wikidatawiki-20250601-pages-meta-history27.xml-p120279727p120631702.bz2,530.6045694351196,345574,1477561,4.275671780863144,1252.4751751422882,1298.2129397392273,1127.0390625
wikidatawiki-20250601-pages-meta-history20.xml-p42391364p42436254.bz2,729.2182950973511,44744,918046,20.51774539603075,1023.139151096344,1301.98690199852,2222.203125
wikidatawiki-20250601-pages-meta-history20.xml-p42691814p42769928.bz2,809.161379814148,77993,1252323,16.05686407754542,1560.3351843357086,1864.6788671016693,6729.12109375
wikidatawiki-20250601-pages-meta-history26.xml-p78061874p78175095.bz2,862.7673273086548,112998,1490110,13.187047558363865,864.044157743454,871.4315905570984,7436.93359375
wikidatawiki-20250601-pages-meta-history23.xml-p56798520p56798559.bz2,4848.356033325195,40,25932,648.3,1253.7294793128967,1457.9556424617767,19791.05859375
wikidatawiki-20250601-pages-meta-history23.xml-p56591006p56595327.bz2,3953.641439437866,3547,78013,21.994079503806034,1049.6631531715393,1169.7194714546204,42127.11328125
wikidatawiki-20250601-pages-meta-history5.xml-p3688651p3723926.bz2,498.9561176300049,32187,1499890,46.59924814366048,930.3291428089142,1371.8062710762024,6297.83984375
wikidatawiki-20250601-pages-meta-history27.xml-p88495914p88506080.bz2,1772.5648984909058,10034,154226,15.370340841140123,1160.9650392532349,1658.0570349693298,27056.49609375
wikidatawiki-20250601-pages-meta-history20.xml-p44692415p44759405.bz2,734.8085422515869,66820,1092259,16.34628853636636,1405.0976088047028,1601.4697260856628,6856.77734375
wikidatawiki-20250601-pages-meta-history23.xml-p56427668p56428101.bz2,4389.24236869812,427,31910,74.73067915690866,1090.7596230506897,1166.0501084327698,52317.13671875
wikidatawiki-20250601-pages-meta-history14.xml-p23796935p23854816.bz2,329.3598394393921,56843,1472090,25.897471984237285,764.6295735836029,895.4496574401855,4433.19140625
wikidatawiki-20250601-pages-meta-history24.xml-p61524149p61591631.bz2,690.0803995132446,64943,1472649,22.67602358991731,749.262592792511,909.8619463443756,19432.6171875
wikidatawiki-20250601-pages-meta-history24.xml-p64081746p64240927.bz2,1832.540623664856,157540,1479524,9.39141805255808,1156.917551279068,1242.6032042503357,5656.75390625
wikidatawiki-20250601-pages-meta-history18.xml-p35334444p35357913.bz2,749.154595375061,23453,518302,22.099603462243635,857.9496397972107,885.8725514411926,22005.23046875
wikidatawiki-20250601-pages-meta-history15.xml-p26913158p26992476.bz2,348.08846855163574,75671,1499293,19.813310250954792,580.9306633472443,657.5142576694489,3322.37109375
wikidatawiki-20250601-pages-meta-history26.xml-p86437408p86471191.bz2,2716.1450538635254,33656,511416,15.195388637984312,1342.2527854442596,2031.4567337036133,47872.8984375
wikidatawiki-20250601-pages-meta-history20.xml-p41421969p41437137.bz2,881.950909614563,15116,477164,31.566816618152952,905.8375985622406,934.7447471618652,20533.3828125
wikidatawiki-20250601-pages-meta-history9.xml-p12100538p12146904.bz2,680.1374244689941,39980,1487528,37.20680340170085,777.6777501106262,1029.918163061142,22661.609375
wikidatawiki-20250601-pages-meta-history4.xml-p2599832p2617818.bz2,681.2323560714722,17593,1500448,85.28664809867561,765.9514534473419,1257.249167919159,1882.24609375
wikidatawiki-20250601-pages-meta-history10.xml-p15366835p15417909.bz2,277.3880567550659,49005,1496648,30.540720334659728,275.9968571662903,324.6024830341339,22438.37890625
wikidatawiki-20250601-pages-meta-history6.xml-p4895628p4934033.bz2,443.79807472229004,35337,1497170,42.368339134618104,932.8995871543884,1243.408109664917,4031.20703125
wikidatawiki-20250601-pages-meta-history20.xml-p41264761p41284126.bz2,794.8497095108032,19309,658382,34.09715676627479,872.0373187065125,882.2750482559204,3035.09375
wikidatawiki-20250601-pages-meta-history1.xml-p285p366.bz2,3541.5420274734497,75,117453,1566.04,1125.1669919490814,1176.946747303009,45045.23046875
wikidatawiki-20250601-pages-meta-history4.xml-p2497576p2519283.bz2,629.6315822601318,21223,1500131,70.6842105263158,677.0667026042938,1196.627932548523,19923.49609375
wikidatawiki-20250601-pages-meta-history20.xml-p41012224p41040675.bz2,673.8743076324463,28431,801738,28.1994301994302,868.7389152050018,883.4052619934082,1723.8125
wikidatawiki-20250601-pages-meta-history19.xml-p37059175p37083730.bz2,771.7790536880493,24501,519325,21.19607362964777,870.2873919010162,912.1913371086121,23011.93359375
wikidatawiki-20250601-pages-meta-history27.xml-p102243670p102319068.bz2,320.0116147994995,70726,1477230,20.886661199558862,547.0438845157623,644.028397321701,2234.94140625
wikidatawiki-20250601-pages-meta-history21.xml-p48327139p48385263.bz2,780.2630825042725,57925,847436,14.629883470004316,1411.5522360801697,1707.369809627533,2109.55078125
wikidatawiki-20250601-pages-meta-history1.xml-p246200p253818.bz2,1020.2076711654663,7477,947674,126.74521867058981,950.7309429645538,1002.1736404895782,5773.0859375
wikidatawiki-20250601-pages-meta-history11.xml-p17408020p17446726.bz2,357.40640926361084,36504,1492109,40.875219154065306,448.4005663394928,703.0468289852142,30275.16796875
wikidatawiki-20250601-pages-meta-history26.xml-p84744088p84861184.bz2,721.6841354370117,115521,1492070,12.916006613516156,754.3298268318176,776.225976228714,19713.4765625
wikidatawiki-20250601-pages-meta-history7.xml-p6562957p6601311.bz2,604.5531396865845,29335,1499762,51.1253451508437,708.8164212703705,840.4966263771057,1885.484375
wikidatawiki-20250601-pages-meta-history26.xml-p84429624p84510663.bz2,776.2433204650879,80658,1328822,16.474770016613355,862.8845076560974,881.7855031490326,2619.234375
wikidatawiki-20250601-pages-meta-history2.xml-p1003615p1016904.bz2,865.4338932037354,13001,1348441,103.71825244211983,958.2076797485352,1012.9790506362915,22727.49609375
wikidatawiki-20250601-pages-meta-history11.xml-p16553130p16579271.bz2,984.4312324523926,25066,1469554,58.627383707013486,585.3049712181091,1001.596892118454,4973.296875
wikidatawiki-20250601-pages-meta-history15.xml-p25141855p25212339.bz2,484.9860019683838,70229,1498866,21.342550798103346,2519.8938879966736,2827.7509372234344,3771.4765625
wikidatawiki-20250601-pages-meta-history23.xml-p56826347p56827176.bz2,4152.2257289886475,827,30387,36.743651753325274,1085.5452568531036,1183.0914731025696,7751.546875
wikidatawiki-20250601-pages-meta-history12.xml-p17852453p17897287.bz2,630.8505220413208,37238,1492680,40.08485955207047,770.6761765480042,1030.5558564662933,20721.3125
wikidatawiki-20250601-pages-meta-history4.xml-p2968192p2993367.bz2,601.566032409668,23931,1500055,62.682503865279344,655.7360055446625,1116.6373972892761,30682.046875
wikidatawiki-20250601-pages-meta-history23.xml-p56925230p56925579.bz2,4019.989559173584,348,26563,76.33045977011494,1048.592957019806,1168.6989781856537,8214.9375
wikidatawiki-20250601-pages-meta-history25.xml-p72067953p72134751.bz2,605.1617937088013,58732,1178504,20.06579036981543,710.5191457271576,778.1272895336151,2691.12109375
wikidatawiki-20250601-pages-meta-history23.xml-p56625157p56631405.bz2,4123.807109832764,5646,107185,18.984236627701026,1090.0580599308014,1231.0857191085815,14869.8203125
wikidatawiki-20250601-pages-meta-history27.xml-p104913993p104946038.bz2,808.4381628036499,31297,754505,24.10790171581941,795.1495018005371,803.9965972900391,3578.61328125
wikidatawiki-20250601-pages-meta-history14.xml-p24351722p24397388.bz2,682.1740846633911,44810,1474599,32.90781075652756,735.6279494762421,835.906528711319,32121.73828125
wikidatawiki-20250601-pages-meta-history18.xml-p32451725p32511833.bz2,769.8769464492798,57720,1136471,19.689379764379765,1200.4000611305237,1407.2353146076202,23357.8828125
wikidatawiki-20250601-pages-meta-history27.xml-p107306902p107440235.bz2,562.5803651809692,132596,1497980,11.297324202841715,1041.9788870811462,1123.8853828907013,1782.36328125
wikidatawiki-20250601-pages-meta-history13.xml-p22017552p22085900.bz2,243.89784717559814,65877,1496663,22.719052172989056,383.90297961235046,389.33900237083435,1629.81640625
wikidatawiki-20250601-pages-meta-history18.xml-p35260454p35284869.bz2,761.0759239196777,24164,505745,20.92968879324615,848.7695558071136,896.1126983165741,2910.64453125
wikidatawiki-20250601-pages-meta-history6.xml-p5627835p5673738.bz2,447.52298164367676,38085,1499476,39.37182617828542,626.9050977230072,860.9417850971222,4492.5546875
wikidatawiki-20250601-pages-meta-history20.xml-p40965306p40988769.bz2,766.7203063964844,23408,675523,28.85863807245386,874.6082973480225,890.5110745429993,32525.171875
wikidatawiki-20250601-pages-meta-history8.xml-p8552089p8612838.bz2,331.09553241729736,46233,1499426,32.4319425518569,382.7905831336975,387.3875803947449,1496.359375
wikidatawiki-20250601-pages-meta-history22.xml-p54741180p54813639.bz2,782.9696292877197,72009,1207295,16.76589037481426,1531.507929801941,1748.2490866184235,20842.82421875
wikidatawiki-20250601-pages-meta-history4.xml-p3037673p3061416.bz2,601.7337493896484,22552,1500158,66.51995388435616,664.3688831329346,921.1809895038605,23186.57421875
wikidatawiki-20250601-pages-meta-history20.xml-p43896074p43950289.bz2,768.1553144454956,54003,992316,18.375201377701238,1221.0145316123962,1546.2965667247772,3400.81640625
wikidatawiki-20250601-pages-meta-history20.xml-p45172830p45240791.bz2,735.2015342712402,67839,1043339,15.379634133757868,1375.0482144355774,1635.2978129386902,3164.19921875
wikidatawiki-20250601-pages-meta-history3.xml-p2031261p2049641.bz2,379.2720642089844,17868,1052149,58.88454219834341,395.5486762523651,602.2837519645691,3194.51953125
wikidatawiki-20250601-pages-meta-history11.xml-p16878343p16911777.bz2,508.0058870315552,30104,1490021,49.49578129152272,549.1526637077332,706.6532196998596,2047.7421875
wikidatawiki-20250601-pages-meta-history4.xml-p2074915p2097632.bz2,577.4045610427856,22227,1500501,67.50803077338372,622.9991290569305,818.4455850124359,20297.06640625
wikidatawiki-20250601-pages-meta-history6.xml-p5263691p5298527.bz2,459.34777069091797,32100,1499492,46.713146417445486,614.6551425457001,936.8855419158936,31223.3359375
wikidatawiki-20250601-pages-meta-history6.xml-p4729938p4761809.bz2,475.0315065383911,29028,1498924,51.6371778972027,560.3956506252289,878.1754722595215,23492.8359375
wikidatawiki-20250601-pages-meta-history5.xml-p4176356p4210784.bz2,544.1421136856079,31487,1495937,47.50967065773176,631.3449339866638,930.4811882972717,4297.64453125
wikidatawiki-20250601-pages-meta-history9.xml-p12341783p12399645.bz2,456.55460929870605,51652,1491433,28.874641833810887,694.7866830825806,829.206983089447,3739.9453125
wikidatawiki-20250601-pages-meta-history14.xml-p23602699p23649571.bz2,702.190299987793,45232,1474495,32.59849221789883,611.1296498775482,924.1412906646729,4712.0078125
wikidatawiki-20250601-pages-meta-history23.xml-p57379263p57445860.bz2,1724.5062608718872,66197,1221935,18.459069142106138,1626.2725801467896,1684.9803483486176,5096.21875
wikidatawiki-20250601-pages-meta-history13.xml-p22319702p22408329.bz2,421.6213388442993,80975,1470465,18.159493670886075,614.9099984169006,771.5632994174957,23392.47265625
wikidatawiki-20250601-pages-meta-history18.xml-p35693123p35715892.bz2,751.3251714706421,22754,566762,24.90823591456447,860.5326180458069,874.6986575126648,31044.70703125
wikidatawiki-20250601-pages-meta-history26.xml-p76534572p76671312.bz2,831.5921840667725,136520,1499433,10.983247875769118,1072.8794693946838,1151.0189900398254,2330.66796875
wikidatawiki-20250601-pages-meta-history5.xml-p3578305p3600752.bz2,565.5409440994263,20548,1499604,72.9805333852443,646.9695210456848,777.3030397891998,4263.54296875
wikidatawiki-20250601-pages-meta-history25.xml-p67327478p67405600.bz2,722.2418775558472,67294,1274362,18.93723065949416,860.1388416290283,868.8907957077026,3252.51171875
wikidatawiki-20250601-pages-meta-history23.xml-p56926230p56926599.bz2,3753.693196296692,369,25750,69.78319783197831,966.2014472484589,1043.111840248108,8298.40234375
wikidatawiki-20250601-pages-meta-history17.xml-p29578206p29613609.bz2,553.7498960494995,33414,1475124,44.146884539414614,581.091413974762,591.6905550956726,31819.98046875
wikidatawiki-20250601-pages-meta-history25.xml-p66786480p66873109.bz2,823.6395149230957,81687,1418424,17.364133827904073,989.3542687892914,1004.6006329059601,23715.37890625
wikidatawiki-20250601-pages-meta-history26.xml-p76671313p76785158.bz2,740.7094535827637,113372,1496263,13.197817803337685,798.8535454273224,883.8268854618073,4198.0546875
wikidatawiki-20250601-pages-meta-history1.xml-p180062p182751.bz2,1325.8373641967773,2649,508634,192.00981502453757,927.136650800705,943.9386126995087,5443.05859375
wikidatawiki-20250601-pages-meta-history18.xml-p31835922p31889826.bz2,863.2002897262573,51845,1092480,21.072041662648278,1152.4361443519592,1277.8578414916992,5658.31640625
wikidatawiki-20250601-pages-meta-history26.xml-p86992982p87007120.bz2,1307.0829992294312,13888,230442,16.59288594470046,746.4245481491089,1044.9599187374115,30410.69140625
wikidatawiki-20250601-pages-meta-history3.xml-p1881607p1904653.bz2,623.8550548553467,22466,1500128,66.77325736668745,662.7893977165222,829.709469795227,31426.95703125
wikidatawiki-20250601-pages-meta-history8.xml-p8065405p8098850.bz2,381.0318946838379,31055,1499725,48.29254548381903,435.79141187667847,440.23722314834595,1906.421875
wikidatawiki-20250601-pages-meta-history1.xml-p50185p54071.bz2,1257.6080055236816,3396,675245,198.835394581861,921.2289035320282,932.9501655101776,4899.21875
wikidatawiki-20250601-pages-meta-history13.xml-p20292940p20354698.bz2,339.2809782028198,60346,1491510,24.71597123255891,535.7943639755249,636.1993157863617,23773.3828125
wikidatawiki-20250601-pages-meta-history17.xml-p29638282p29677281.bz2,1876.3920764923096,36580,1443192,39.45303444505194,1396.197987318039,2623.640678167343,68883.79296875
wikidatawiki-20250601-pages-meta-history8.xml-p8612839p8678542.bz2,329.6519193649292,47069,1499520,31.85791072680533,377.7594120502472,381.5832748413086,49153.609375
wikidatawiki-20250601-pages-meta-history21.xml-p46632424p46704902.bz2,232.6419095993042,72451,1499993,20.703551365750645,457.06262493133545,546.5872437953949,4234.56640625
wikidatawiki-20250601-pages-meta-history25.xml-p73100799p73225472.bz2,714.7445020675659,124313,1311732,10.551848961894573,1163.9591567516327,1285.1264760494232,4355.20703125
wikidatawiki-20250601-pages-meta-history8.xml-p9510675p9604965.bz2,279.7225570678711,62421,1500067,24.031447749955944,280.1618766784668,286.2692632675171,49238.2265625
wikidatawiki-20250601-pages-meta-history19.xml-p38778782p38802241.bz2,713.276177406311,23445,539444,23.00891448069951,841.082230091095,923.0632712841034,2466.63671875
wikidatawiki-20250601-pages-meta-history26.xml-p88180125p88185873.bz2,51.0842981338501,5706,78553,13.766736768314056,50.15095520019531,76.875803232193,49543.67578125
wikidatawiki-20250601-pages-meta-history18.xml-p31912774p31923556.bz2,1077.788661956787,10463,349647,33.417471088597914,935.1971907615662,1011.0136988162994,49544.22265625
wikidatawiki-20250601-pages-meta-history27.xml-p96391877p96506212.bz2,621.3638668060303,112602,1493445,13.263041509031812,1383.469117641449,1508.153219461441,5757.3359375
wikidatawiki-20250601-pages-meta-history5.xml-p3310263p3339148.bz2,564.9751958847046,27197,1499757,55.14420708166342,601.9867837429047,1039.5075943470001,24049.95703125
wikidatawiki-20250601-pages-meta-history24.xml-p60415761p60511777.bz2,754.5825643539429,92953,1468619,15.79958688799716,1197.724051475525,1367.2171478271484,4614.1875
wikidatawiki-20250601-pages-meta-history3.xml-p1967354p1989201.bz2,600.1213970184326,21401,1500152,70.09728517359002,645.4907867908478,944.4541647434235,4472.8125
wikidatawiki-20250601-pages-meta-history27.xml-p105469375p105561098.bz2,627.4433250427246,83934,1476412,17.59015416875164,619.2498581409454,695.0061576366425,55162.3046875
wikidatawiki-20250601-pages-meta-history27.xml-p104642008p104714802.bz2,734.9281759262085,70019,1489501,21.272811665405104,440.6029987335205,520.0776076316833,8871.109375
wikidatawiki-20250601-pages-meta-history1.xml-p138226p147384.bz2,925.7407598495483,9017,1202904,133.4040146390152,962.0462627410889,971.9530584812164,4258.0859375
wikidatawiki-20250601-pages-meta-history5.xml-p3427101p3455240.bz2,542.1070280075073,25818,1499979,58.09818731117825,602.2553408145905,905.5022830963135,37348.375
wikidatawiki-20250601-pages-meta-history15.xml-p26497131p26530641.bz2,788.7784805297852,32929,1499013,45.52257888183668,867.9076192378998,903.9978833198547,4517.82421875
wikidatawiki-20250601-pages-meta-history23.xml-p56933104p56933333.bz2,4195.175045013428,230,23483,102.1,1062.9807257652283,1134.8743307590485,7715.44921875
wikidatawiki-20250601-pages-meta-history9.xml-p12197267p12245937.bz2,476.9657173156738,37935,1496074,39.437827863450636,544.2360212802887,712.8417427539825,4594.63671875
wikidatawiki-20250601-pages-meta-history13.xml-p20681234p20784996.bz2,355.5579957962036,98248,1489187,15.157428141030861,514.4827575683594,581.3234224319458,4379.37890625
wikidatawiki-20250601-pages-meta-history9.xml-p11873389p11903329.bz2,330.9890012741089,27925,1495693,53.56107430617726,358.7306706905365,466.12722730636597,4674.65234375
wikidatawiki-20250601-pages-meta-history1.xml-p266637p273911.bz2,1164.295147895813,7173,854373,119.10957758260142,949.0261986255646,986.2326185703278,6800.828125
wikidatawiki-20250601-pages-meta-history26.xml-p86097826p86162327.bz2,2084.617070198059,64249,867380,13.500287942224782,1227.6415338516235,1950.5811026096344,45408.1015625
wikidatawiki-20250601-pages-meta-history25.xml-p75376719p75496654.bz2,419.2444143295288,119762,1498909,12.515731200213757,892.1539876461029,978.325605392456,4081.85546875
wikidatawiki-20250601-pages-meta-history23.xml-p56812461p56812680.bz2,4309.5612897872925,220,22615,102.79545454545455,1106.481803894043,1301.5081732273102,26337.4609375
wikidatawiki-20250601-pages-meta-history21.xml-p45698706p45772097.bz2,741.0807981491089,73213,1037811,14.175228443036072,1492.8289165496826,1736.00759267807,52737.390625
wikidatawiki-20250601-pages-meta-history20.xml-p40581869p40609583.bz2,770.00328540802,27676,774906,27.99920508744038,891.3102538585663,915.0175559520721,5142.7734375
wikidatawiki-20250601-pages-meta-history18.xml-p34489839p34596908.bz2,370.75356674194336,100553,1483645,14.754855648265094,518.610100030899,638.8472051620483,4463.42578125
wikidatawiki-20250601-pages-meta-history22.xml-p52060315p52113361.bz2,766.3936376571655,52591,1361777,25.893727063566008,1078.8619062900543,1258.6619982719421,5982.796875
wikidatawiki-20250601-pages-meta-history14.xml-p24825049p24933704.bz2,598.8816223144531,101720,1482614,14.575442390876917,488.0147786140442,550.7058553695679,26123.11328125
wikidatawiki-20250601-pages-meta-history23.xml-p57279629p57365364.bz2,1849.4886312484741,84749,1344451,15.863915798416501,1992.5383582115173,2008.524849653244,37578.796875
wikidatawiki-20250601-pages-meta-history25.xml-p75617853p75739978.bz2,370.6650552749634,118556,1485470,12.52969061034448,619.4674963951111,691.0546109676361,4170.73046875
wikidatawiki-20250601-pages-meta-history16.xml-p29253765p29255662.bz2,711.5476531982422,1732,271814,156.9364896073903,836.5547671318054,842.6957302093506,2814.6171875
wikidatawiki-20250601-pages-meta-history26.xml-p77934364p78061873.bz2,791.9294939041138,127283,1499602,11.781636196506996,840.4290800094604,852.3259394168854,52289.3046875
wikidatawiki-20250601-pages-meta-history20.xml-p41451463p41467479.bz2,859.996992111206,15985,484301,30.297216140131372,925.2555994987488,953.5587177276611,7039.3046875
wikidatawiki-20250601-pages-meta-history16.xml-p27326117p27422302.bz2,363.56546211242676,88765,1499324,16.890936743085675,801.0017805099487,899.9706935882568,5481.7890625
wikidatawiki-20250601-pages-meta-history24.xml-p61997202p62008984.bz2,916.4921197891235,11778,216800,18.407199864153508,888.8740768432617,909.9832739830017,25007.62109375
wikidatawiki-20250601-pages-meta-history24.xml-p63636084p63725069.bz2,1456.9723834991455,84982,1463190,17.217646089760184,1064.0424344539642,1208.4685323238373,14584.1796875
wikidatawiki-20250601-pages-meta-history6.xml-p5439151p5486899.bz2,420.8419313430786,39046,1499184,38.39532858679506,641.9140803813934,887.8144488334656,37552.3828125
wikidatawiki-20250601-pages-meta-history18.xml-p35406376p35432220.bz2,744.8280754089355,25750,596387,23.160660194174756,861.5673186779022,876.065281867981,3632.9765625
wikidatawiki-20250601-pages-meta-history4.xml-p2946462p2968191.bz2,623.7584609985352,20865,1499964,71.88900071890725,693.7619781494141,916.7068655490875,52660.671875
wikidatawiki-20250601-pages-meta-history5.xml-p4246270p4278535.bz2,562.3699769973755,29401,1414435,48.10839767354852,608.1222326755524,843.0012557506561,8100.00390625
wikidatawiki-20250601-pages-meta-history27.xml-p107202099p107206919.bz2,4203.068403244019,4587,77974,16.99890996293874,1117.445613861084,1222.4033501148224,16129.58203125
wikidatawiki-20250601-pages-meta-history19.xml-p36977462p36998955.bz2,771.3748025894165,21423,491965,22.964337394389208,859.285674571991,877.8629283905029,37768.890625
wikidatawiki-20250601-pages-meta-history13.xml-p21379596p21440339.bz2,665.6694450378418,55300,1392898,25.188028933092223,479.27874207496643,666.0589759349823,13632.8359375
wikidatawiki-20250601-pages-meta-history27.xml-p101203760p101325173.bz2,376.53752422332764,84690,1397740,16.50419175817688,576.7013120651245,668.3073010444641,4315.28125
wikidatawiki-20250601-pages-meta-history27.xml-p114243923p114524389.bz2,509.37140464782715,274313,1473849,5.372873323539169,943.0865848064423,971.3348917961121,3407.9609375
wikidatawiki-20250601-pages-meta-history26.xml-p82044539p82118505.bz2,424.3673982620239,73535,1477069,20.08661181750187,607.7138040065765,711.1870968341827,37930.625
wikidatawiki-20250601-pages-meta-history19.xml-p36486749p36509327.bz2,749.2129564285278,22566,517296,22.92369050784366,861.9857103824615,881.6496670246124,13825.30859375
wikidatawiki-20250601-pages-meta-history19.xml-p38173146p38200578.bz2,746.1220397949219,27385,556210,20.310754062442943,860.5212512016296,874.0148561000824,4395.7421875
wikidatawiki-20250601-pages-meta-history18.xml-p34999024p35023333.bz2,850.829514503479,24293,555063,22.848680689910672,861.1489744186401,881.1169488430023,3757.90625
wikidatawiki-20250601-pages-meta-history23.xml-p56677860p56678029.bz2,4363.789754867554,170,26397,155.2764705882353,1115.5641114711761,1253.7500441074371,40693.08984375
